Timestamp,User Count,Type,Name,Requests/s,Failures/s,50%,66%,75%,80%,90%,95%,98%,99%,99.9%,99.99%,100%,Total Request Count,Total Failure Count,Total Median Response Time,Total Average Response Time,Total Min Response Time,Total Max Response Time,Total Average Content Size
1788072031,0,,Aggregated,0.000000,0.000000,N/A,N/A,N/A,N/A,N/A,N/A,N/A,N/A,N/A,N/A,N/A,0,0,0,0.0,0,0,0
1788072032,5,,Aggregated,0.000000,0.000000,380,380,390,390,410,410,410,410,410,410,410,7,0,380.0,330.14865751777376,153.2975290901959,414.0684779267758,2907.5714285714284
1788072033,10,,Aggregated,0.000000,0.000000,390,470,590,620,780,800,800,800,800,800,800,19,0,390.0,417.9335103223198,108.73878002166748,796.0744199808687,5260.9473684210525
1788072034,15,,Aggregated,0.000000,0.000000,380,410,470,480,760,780,800,800,800,800,800,28,0,370.0,362.71980482186854,42.945017106831074,796.0744199808687,4352.428571428572
1788072035,20,,Aggregated,9.500000,0.000000,370,410,450,470,620,780,800,800,800,800,800,37,0,370.0,362.1292359799751,42.945017106831074,796.0744199808687,3987.4864864864867
1788072036,25,,Aggregated,9.333333,0.000000,380,450,530,640,760,920,930,960,960,960,960,54,0,370.0,399.6737446523858,22.047067992389202,958.6085379123688,4571.685185185185
1788072037,30,,Aggregated,9.000000,0.000000,360,430,480,550,730,800,930,960,960,960,960,70,0,360.0,369.11737646441907,22.047067992389202,958.6085379123688,4631.885714285714
1788072038,35,,Aggregated,10.400000,0.000000,350,400,450,480,720,780,930,960,960,960,960,85,0,350.0,342.18075237620405,22.047067992389202,958.6085379123688,4421.870588235294
1788072039,40,,Aggregated,11.500000,0.000000,360,410,480,550,680,780,930,960,960,960,960,92,0,360.0,359.9664939354862,22.047067992389202,958.6085379123688,4364.0
1788072040,45,,Aggregated,11.857143,0.000000,380,450,530,640,760,920,1000,1100,1100,1100,1100,113,0,380.0,399.44156339449756,22.047067992389202,1128.3977159764618,4598.991150442478
1788072041,50,,Aggregated,11.375000,0.000000,380,450,590,660,800,890,1000,1100,1100,1100,1100,128,0,370.0,410.5598759724671,22.047067992389202,1128.3977159764618,4693.7890625
1788072042,50,,Aggregated,11.888889,0.000000,400,520,670,760,880,1000,1200,1500,1500,1500,1500,139,0,400.0,460.8954416350093,22.047067992389202,1483.4827359300107,4845.151079136691
1788072043,50,,Aggregated,12.400000,0.000000,400,560,730,780,980,1200,1600,1800,1900,1900,1900,158,0,400.0,507.4274087077172,22.047067992389202,1867.4478859174997,5141.569620253164
1788072044,50,,Aggregated,12.700000,0.000000,390,520,680,760,940,1200,1600,1800,1900,1900,1900,171,0,390.0,481.3740530530568,22.047067992389202,1867.4478859174997,5259.4678362573095
1788072045,50,,Aggregated,13.100000,0.000000,380,490,670,760,930,1100,1600,1800,1900,1900,1900,184,0,380.0,470.2806678846094,22.047067992389202,1867.4478859174997,5376.391304347826
1788072046,50,,Aggregated,14.200000,0.000000,380,520,670,760,950,1100,1600,1800,1900,1900,1900,194,0,380.0,476.4657088077733,22.047067992389202,1867.4478859174997,5584.29381443299
1788072047,50,,Aggregated,14.300000,0.000000,400,520,670,760,940,1100,1600,1700,1900,1900,1900,204,0,400.0,479.59423729209414,22.047067992389202,1867.4478859174997,5595.068627450981
1788072048,50,,Aggregated,13.500000,0.000000,390,520,670,760,940,1100,1600,1700,1900,1900,1900,223,0,390.0,478.4043032045355,22.047067992389202,1867.4478859174997,5815.255605381166
1788072049,50,,Aggregated,13.100000,0.000000,370,480,640,730,940,1100,1600,1700,1900,1900,1900,239,0,370.0,454.24827863170015,22.047067992389202,1867.4478859174997,5862.765690376569
1788072050,50,,Aggregated,13.500000,0.000000,350,460,620,720,920,1100,1500,1700,1900,1900,1900,254,0,350.0,431.7134639328918,22.047067992389202,1867.4478859174997,5843.610236220473
1788072051,50,,Aggregated,14.500000,0.000000,360,480,620,710,890,1100,1500,1700,1900,1900,1900,261,0,360.0,434.77716449901493,22.047067992389202,1867.4478859174997,5890.632183908046
1788072052,50,,Aggregated,14.400000,0.000000,370,500,670,760,980,1200,1600,1800,1900,1900,1900,272,0,370.0,463.71473200441176,22.047067992389202,1867.4478859174997,5934.301470588235
1788072053,50,,Aggregated,13.400000,0.000000,380,550,720,800,1100,1500,1800,1800,1900,1900,1900,291,0,380.0,493.8873952027423,22.047067992389202,1942.6986009348184,6110.2474226804125
1788072054,50,,Aggregated,13.100000,0.000000,360,520,680,790,1000,1500,1700,1800,1900,1900,1900,305,0,360.0,477.1667342480333,21.424412028864026,1942.6986009348184,6138.67868852459
1788072055,50,,Aggregated,13.800000,0.000000,380,520,670,770,1000,1500,1700,1800,1900,1900,1900,319,0,380.0,477.37338392612844,21.424412028864026,1942.6986009348184,6202.808777429467
1788072056,50,,Aggregated,13.100000,0.000000,390,520,680,780,1100,1500,1800,1800,1900,1900,1900,326,0,390.0,489.51513754443886,21.424412028864026,1942.6986009348184,6249.386503067484
1788072057,50,,Aggregated,13.400000,0.000000,400,550,720,800,1100,1600,1800,1900,1900,1900,1900,337,0,400.0,509.4518933192349,21.424412028864026,1942.6986009348184,6305.439169139466
1788072058,50,,Aggregated,13.600000,0.000000,410,570,720,800,1100,1700,1800,1900,1900,1900,1900,354,0,400.0,528.1097455657913,21.424412028864026,1942.6986009348184,6458.6949152542375
1788072059,50,,Aggregated,13.200000,0.000000,400,560,720,800,1100,1600,1800,1900,1900,1900,1900,366,0,400.0,521.34474173832,21.424412028864026,1942.6986009348184,6543.224043715847
1788072060,50,,Aggregated,12.800000,0.000000,390,550,710,800,1100,1600,1800,1900,1900,1900,1900,375,0,390.0,510.88292311504483,21.424412028864026,1942.6986009348184,6542.976
1788072061,50,,Aggregated,12.700000,0.000000,380,520,700,800,1100,1600,1800,1900,1900,1900,1900,387,0,380.0,499.49010226632487,21.424412028864026,1942.6986009348184,6565.449612403101
1788072062,50,,Aggregated,12.300000,0.000000,380,520,680,800,1100,1600,1800,1900,1900,1900,1900,393,0,380.0,495.9175954282559,21.424412028864026,1942.6986009348184,6579.208651399491
1788072063,50,,Aggregated,12.300000,0.000000,400,560,720,800,1100,1600,1800,1900,1900,1900,1900,411,0,400.0,511.68373962773643,21.424412028864026,1942.6986009348184,6661.761557177616
1788072064,50,,Aggregated,12.600000,0.000000,400,560,710,800,1100,1600,1800,1900,1900,1900,1900,423,0,400.0,514.4437497820767,21.424412028864026,1942.6986009348184,6693.307328605201
1788072065,50,,Aggregated,11.400000,0.000000,400,560,710,800,1200,1600,1800,1900,1900,1900,1900,430,0,400.0,515.1882268878263,21.424412028864026,1942.6986009348184,6786.418604651163
1788072066,50,,Aggregated,11.700000,0.000000,400,560,710,800,1200,1600,1800,1900,1900,1900,1900,446,0,400.0,514.7735377446844,21.424412028864026,1942.6986009348184,6798.174887892376
1788072067,50,,Aggregated,11.600000,0.000000,400,560,720,800,1200,1600,1800,1900,1900,1900,1900,458,0,400.0,518.6501485742954,21.424412028864026,1942.6986009348184,6849.482532751092
1788072068,50,,Aggregated,11.800000,0.000000,400,560,720,800,1200,1500,1800,1900,1900,1900,1900,462,0,400.0,519.9617030566711,21.424412028864026,1942.6986009348184,6847.677489177489
1788072069,50,,Aggregated,11.800000,0.000000,420,600,780,890,1300,1600,1900,1900,2200,2200,2200,481,0,420.0,553.5659507370076,21.424412028864026,2197.6565290242434,6881.043659043659
1788072070,50,,Aggregated,11.300000,0.000000,420,600,770,890,1300,1600,1900,1900,2200,2200,2200,500,0,420.0,551.2709700814448,21.424412028864026,2197.6565290242434,6868.664
1788072071,50,,Aggregated,10.000000,0.000000,420,600,770,880,1300,1600,1800,1900,2200,2200,2200,502,0,410.0,549.1914781291906,21.424412028864026,2197.6565290242434,6874.209163346613
1788072072,50,,Aggregated,11.900000,0.000000,410,580,760,880,1200,1600,1800,1900,2200,2200,2200,515,0,410.0,540.3726753367346,21.424412028864026,2197.6565290242434,6932.1203883495145
1788072073,50,,Aggregated,11.900000,0.000000,410,570,760,860,1200,1600,1800,1900,2200,2200,2200,521,0,410.0,537.8432651010169,21.424412028864026,2197.6565290242434,6920.571976967371
1788072074,50,,Aggregated,11.600000,0.000000,410,590,770,880,1200,1600,1800,1900,2200,2200,2200,527,0,410.0,543.6094714681207,21.424412028864026,2197.6565290242434,6920.6717267552185
1788072075,50,,Aggregated,11.600000,0.000000,420,620,800,940,1300,1700,1900,2000,2300,2300,2300,540,0,420.0,567.3337536993333,21.424412028864026,2316.897973185405,6938.475925925926
1788072076,50,,Aggregated,10.400000,0.000000,440,640,820,980,1300,1800,1900,2100,2300,2300,2300,556,0,440.0,586.8975427889486,21.424412028864026,2316.897973185405,6922.030575539568
1788072077,50,,Aggregated,10.400000,0.000000,450,680,850,980,1300,1800,1900,2100,2300,2300,2300,570,0,450.0,598.2614531316549,21.424412028864026,2316.897973185405,6912.361403508772
1788072078,50,,Aggregated,10.700000,0.000000,450,680,850,980,1400,1800,2000,2200,2300,2300,2300,587,0,450.0,599.9127916422128,21.424412028864026,2316.897973185405,6936.310051107325
1788072079,50,,Aggregated,11.000000,0.000000,440,670,820,980,1300,1800,2000,2100,2300,2300,2300,602,0,440.0,591.4772558517203,21.424412028864026,2316.897973185405,6998.774086378738
1788072080,50,,Aggregated,11.500000,0.000000,430,640,810,970,1300,1800,2000,2100,2300,2300,2300,612,0,430.0,583.8665112805876,21.424412028864026,2316.897973185405,7001.3774509803925
1788072081,50,,Aggregated,12.900000,0.000000,420,640,800,950,1300,1800,2000,2100,2300,2300,2300,627,0,420.0,573.6931271426249,21.424412028864026,2316.897973185405,7005.239234449761
1788072082,50,,Aggregated,11.100000,0.000000,410,630,800,950,1300,1800,2000,2100,2300,2300,2300,639,0,410.0,567.061668517307,21.424412028864026,2316.897973185405,7006.946791862285
1788072083,50,,Aggregated,11.600000,0.000000,410,630,800,940,1300,1800,1900,2100,2300,2300,2300,652,0,410.0,563.5752100897439,21.424412028864026,2316.897973185405,6999.89263803681
1788072084,50,,Aggregated,12.400000,0.000000,400,620,790,930,1300,1700,1900,2100,2300,2300,2300,661,0,400.0,557.0404170977118,21.424412028864026,2316.897973185405,7036.170953101361
1788072085,50,,Aggregated,12.400000,0.000000,400,600,780,920,1300,1700,1900,2100,2300,2300,2300,679,0,400.0,545.7330905621122,21.424412028864026,2316.897973185405,6953.960235640648
1788072086,50,,Aggregated,13.200000,0.000000,400,600,780,900,1300,1700,1900,2100,2300,2300,2300,688,0,390.0,544.54346901438,21.424412028864026,2316.897973185405,6941.415697674419
1788072087,50,,Aggregated,13.500000,0.000000,390,590,770,890,1200,1700,1900,2100,2300,2300,2300,709,0,390.0,536.54040753735,21.424412028864026,2316.897973185405,6941.521861777151
1788072088,50,,Aggregated,13.200000,0.000000,380,570,760,880,1200,1700,1900,2100,2300,2300,2300,725,0,380.0,532.1481552138796,21.424412028864026,2316.897973185405,7004.902068965517
1788072089,50,,Aggregated,13.500000,0.000000,380,570,760,860,1200,1700,1900,2100,2300,2300,2300,738,0,370.0,526.8883460758476,21.424412028864026,2316.897973185405,6997.016260162602
1788072090,50,,Aggregated,13.800000,0.000000,370,560,740,860,1200,1600,1900,2100,2300,2300,2300,750,0,370.0,522.0028366679326,21.424412028864026,2316.897973185405,7008.530666666667
1788072091,50,,Aggregated,13.600000,0.000000,360,560,740,850,1200,1600,1900,2100,2300,2300,2300,755,0,360.0,519.5330074195756,21.424412028864026,2316.897973185405,7002.295364238411
1788072092,50,,Aggregated,13.700000,0.000000,380,570,760,880,1200,1600,1900,2100,2300,2300,2300,766,0,370.0,526.9752793547797,21.424412028864026,2316.897973185405,7008.033942558747
1788072093,50,,Aggregated,13.800000,0.000000,390,590,780,910,1200,1700,1900,2100,2300,2300,2300,786,0,390.0,538.2332984208776,21.424412028864026,2316.897973185405,7036.325699745547
1788072094,50,,Aggregated,12.500000,0.000000,390,590,780,910,1200,1700,1900,2100,2300,2300,2300,799,0,390.0,537.397463346723,21.424412028864026,2316.897973185405,7077.166458072591
1788072095,50,,Aggregated,13.300000,0.000000,380,590,770,900,1200,1700,1900,2100,2300,2300,2300,813,0,380.0,535.0930658753315,21.424412028864026,2316.897973185405,7106.968019680196
1788072096,50,,Aggregated,13.700000,0.000000,380,590,770,900,1200,1600,1900,2100,2300,2300,2300,825,0,380.0,535.05889509099,21.424412028864026,2316.897973185405,7121.958787878788
1788072097,50,,Aggregated,13.100000,0.000000,390,580,770,900,1200,1600,1900,2100,2300,2300,2300,838,0,390.0,535.5101534635548,21.424412028864026,2316.897973185405,7121.133651551313
1788072098,50,,Aggregated,13.400000,0.000000,390,590,770,910,1200,1600,1900,2100,2300,2300,2300,856,0,390.0,536.1326704877233,21.424412028864026,2316.897973185405,7148.8586448598135
1788072099,50,,Aggregated,13.100000,0.000000,390,580,770,900,1200,1600,1900,2100,2300,2300,2300,863,0,390.0,532.4259954078398,21.424412028864026,2316.897973185405,7144.41483198146
1788072100,50,,Aggregated,12.700000,0.000000,380,580,760,900,1200,1600,1900,2100,2300,2300,2300,872,0,380.0,530.0695376677348,21.424412028864026,2316.897973185405,7155.822247706422
1788072101,50,,Aggregated,12.800000,0.000000,380,570,740,880,1200,1600,1900,2100,2300,2300,2300,894,0,380.0,524.7024150366814,21.424412028864026,2316.897973185405,7137.683445190157
1788072102,50,,Aggregated,12.300000,0.000000,370,560,740,860,1200,1600,1900,2000,2300,2300,2300,901,0,370.0,521.2898972182205,21.424412028864026,2316.897973185405,7128.147613762486
1788072103,50,,Aggregated,12.000000,0.000000,380,560,740,860,1200,1600,1900,2000,2300,2300,2300,908,0,380.0,522.1103772970782,21.424412028864026,2316.897973185405,7119.731277533039
1788072104,50,,Aggregated,13.900000,0.000000,380,580,760,890,1200,1600,1900,2000,2300,2300,2300,919,0,380.0,529.7814562543821,21.424412028864026,2316.897973185405,7140.712731229597
1788072105,50,,Aggregated,12.700000,0.000000,390,590,760,890,1200,1700,1900,2000,2300,2300,2300,930,0,390.0,534.9761876417824,21.424412028864026,2316.897973185405,7165.945161290322
1788072106,50,,Aggregated,11.700000,0.000000,400,600,760,890,1200,1700,1900,2000,2300,2300,2300,946,0,400.0,541.036002204781,21.424412028864026,2316.897973185405,7159.717758985201
1788072107,50,,Aggregated,12.100000,0.000000,400,600,760,900,1200,1700,1900,2000,2300,2300,2300,955,0,400.0,545.0480701574929,21.424412028864026,2316.897973185405,7163.316230366492
1788072108,50,,Aggregated,11.800000,0.000000,400,610,760,910,1300,1700,1900,2000,2300,2300,2300,963,0,400.0,550.5563585476433,21.424412028864026,2316.897973185405,7165.375908618899
1788072109,50,,Aggregated,12.000000,0.000000,400,620,770,920,1300,1700,1900,2000,2300,2300,2300,968,0,400.0,554.1333099076725,21.424412028864026,2316.897973185405,7162.657024793389
1788072110,50,,Aggregated,11.700000,0.000000,410,630,790,940,1300,1800,2000,2100,3200,3200,3200,976,0,410.0,565.7873188491842,21.424412028864026,3197.0975620206445,7175.873975409836
1788072111,50,,Aggregated,10.700000,0.000000,420,640,810,980,1400,1800,2100,3000,3800,3800,3800,993,0,420.0,598.677389644938,21.424412028864026,3758.885469986126,7209.980866062437
1788072112,50,,Aggregated,10.400000,0.000000,430,660,830,1000,1500,1800,2200,3000,3500,3800,3800,1011,0,430.0,612.8187186034482,21.424412028864026,3758.885469986126,7255.887240356083
1788072113,50,,Aggregated,10.200000,0.000000,430,650,830,1000,1500,1800,2200,3000,3500,3800,3800,1029,0,430.0,611.2538717879006,21.424412028864026,3758.885469986126,7271.22934888241
1788072114,50,,Aggregated,9.900000,0.000000,420,640,820,980,1500,1800,2200,3000,3500,3800,3800,1038,0,420.0,606.9180884991588,21.424412028864026,3758.885469986126,7263.550096339114
1788072115,50,,Aggregated,10.900000,0.000000,420,640,810,980,1500,1800,2200,3000,3500,3800,3800,1046,0,420.0,604.8166564688885,21.424412028864026,3758.885469986126,7242.962715105163
1788072117,50,,Aggregated,12.100000,0.000000,430,640,820,980,1500,1800,2100,3000,3500,3800,3800,1052,0,420.0,606.2772513742156,21.424412028864026,3758.885469986126,7253.247148288973
1788072118,50,,Aggregated,11.800000,0.000000,430,660,830,1000,1500,1800,2200,3000,3500,3800,3800,1060,0,430.0,613.5409055807065,21.424412028864026,3758.885469986126,7260.489622641509
1788072119,50,,Aggregated,11.400000,0.000000,440,680,900,1100,1500,1900,2300,3000,3500,3800,3800,1081,0,440.0,630.5259359833783,21.424412028864026,3758.885469986126,7249.824236817762
1788072120,50,,Aggregated,10.600000,0.000000,450,690,910,1100,1500,1900,2300,3000,3500,3800,3800,1097,0,450.0,636.6802590301493,21.424412028864026,3758.885469986126,7255.926162260711
1788072121,50,,Aggregated,10.400000,0.000000,450,690,910,1100,1500,1900,2300,2800,3500,3800,3800,1113,0,450.0,636.688331785124,21.424412028864026,3758.885469986126,7295.643306379156
1788072122,50,,Aggregated,12.900000,0.000000,440,680,900,1100,1500,1900,2300,2800,3500,3800,3800,1126,0,440.0,632.4050781039148,21.424412028864026,3758.885469986126,7310.52486678508
1788072123,50,,Aggregated,12.900000,0.000000,440,680,890,1000,1500,1900,2300,2800,3500,3800,3800,1136,0,440.0,627.6628972971107,21.424412028864026,3758.885469986126,7285.143485915493
1788072124,50,,Aggregated,12.900000,0.000000,430,670,880,1000,1500,1800,2300,2800,3500,3800,3800,1154,1,430.0,621.1574786652179,21.424412028864026,3758.885469986126,7264.724436741768
1788072125,50,,Aggregated,12.500000,0.000000,420,660,860,1000,1500,1800,2300,2800,3500,3800,3800,1165,1,420.0,616.1638196102092,21.424412028864026,3758.885469986126,7243.855793991416
1788072126,50,,Aggregated,12.400000,0.100000,420,650,840,1000,1500,1800,2300,2800,3500,3800,3800,1185,1,420.0,608.9806649816235,21.424412028864026,3758.885469986126,7241.286919831224
1788072127,50,,Aggregated,12.600000,0.100000,410,640,830,1000,1500,1800,2300,2800,3500,3800,3800,1195,1,410.0,605.6868711920946,21.424412028864026,3758.885469986126,7261.6845188284515
1788072128,50,,Aggregated,12.600000,0.100000,410,640,820,1000,1500,1800,2300,2700,3500,3800,3800,1208,1,410.0,600.3201107221997,21.424412028864026,3758.885469986126,7256.573675496688
1788072129,50,,Aggregated,14.000000,0.100000,400,630,810,1000,1500,1800,2300,2700,3500,3800,3800,1222,2,400.0,595.662647613809,21.424412028864026,3758.885469986126,7231.978723404255
1788072130,50,,Aggregated,14.800000,0.100000,400,630,810,980,1500,1800,2300,2700,3500,3800,3800,1238,2,400.0,591.6945380170007,21.424412028864026,3758.885469986126,7220.8174474959615
1788072131,50,,Aggregated,14.800000,0.100000,400,620,810,980,1500,1800,2300,2700,3500,3800,3800,1244,2,400.0,590.7809024815556,21.424412028864026,3758.885469986126,7218.881028938907
1788072132,50,,Aggregated,13.900000,0.200000,400,630,810,1000,1500,1800,2300,2700,3500,3800,3800,1259,2,400.0,592.9352791833442,21.424412028864026,3758.885469986126,7231.92692613185
1788072133,50,,Aggregated,13.100000,0.200000,400,620,800,980,1400,1800,2300,2700,3500,3800,3800,1274,2,400.0,588.0948722987908,21.424412028864026,3758.885469986126,7212.20251177394
1788072134,50,,Aggregated,13.400000,0.200000,390,620,800,970,1400,1800,2300,2700,3500,3800,3800,1288,2,390.0,584.4277757679486,21.424412028864026,3758.885469986126,7204.156055900621
1788072135,50,,Aggregated,13.500000,0.200000,390,620,800,970,1400,1800,2300,2700,3500,3800,3800,1298,2,390.0,584.0023028479892,21.424412028864026,3758.885469986126,7206.250385208013
1788072136,50,,Aggregated,13.500000,0.200000,400,620,800,980,1400,1800,2200,2500,3500,3800,3800,1315,2,400.0,585.421189572131,21.424412028864026,3758.885469986126,7212.192395437262
1788072137,50,,Aggregated,13.200000,0.100000,390,610,800,960,1400,1800,2200,2500,3500,3800,3800,1331,2,390.0,580.9766252437337,21.424412028864026,3758.885469986126,7197.102178812923
1788072138,50,,Aggregated,13.300000,0.100000,390,610,790,960,1400,1800,2200,2500,3500,3800,3800,1337,2,390.0,579.9045450907067,21.424412028864026,3758.885469986126,7191.5968586387435
1788072139,50,,Aggregated,13.600000,0.100000,390,610,800,970,1400,1800,2200,2500,3500,3800,3800,1350,2,390.0,581.221140553071,21.424412028864026,3758.885469986126,7197.885925925926
1788072140,50,,Aggregated,12.800000,0.100000,390,610,800,980,1400,1800,2200,2500,3500,3800,3800,1362,2,390.0,583.7323439940701,21.424412028864026,3758.885469986126,7186.186490455213
1788072141,50,,Aggregated,12.800000,0.000000,400,620,800,980,1400,1800,2200,2500,3500,3800,3800,1376,2,390.0,584.6549336129101,21.424412028864026,3758.885469986126,7186.788517441861
1788072142,50,,Aggregated,12.100000,0.000000,400,610,800,980,1400,1800,2200,2500,3500,3800,3800,1395,3,400.0,583.9207864633518,21.424412028864026,3758.885469986126,7180.465949820788
1788072143,50,,Aggregated,13.000000,0.000000,390,610,790,970,1400,1800,2200,2400,3500,3800,3800,1408,3,390.0,580.1110918420653,21.424412028864026,3758.885469986126,7175.393465909091
1788072144,50,,Aggregated,13.400000,0.100000,390,600,790,960,1400,1800,2200,2400,3500,3800,3800,1419,3,390.0,576.7953904569438,21.424412028864026,3758.885469986126,7195.193798449613
1788072145,50,,Aggregated,13.500000,0.100000,390,600,780,960,1400,1800,2200,2400,3500,3800,3800,1431,3,390.0,573.3428271926658,21.424412028864026,3758.885469986126,7195.535988819008
1788072146,50,,Aggregated,12.900000,0.100000,380,590,780,950,1400,1800,2200,2400,3500,3800,3800,1443,3,380.0,571.858113296317,21.424412028864026,3758.885469986126,7215.174636174636
1788072147,50,,Aggregated,13.300000,0.100000,390,600,780,950,1400,1800,2100,2400,3500,3800,3800,1455,3,390.0,572.7725166995463,21.424412028864026,3758.885469986126,7210.614432989691
1788072148,50,,Aggregated,12.400000,0.100000,390,610,780,950,1400,1800,2100,2400,3500,3800,3800,1467,3,390.0,575.5991124847667,21.424412028864026,3758.885469986126,7197.762099522835
1788072149,50,,Aggregated,12.300000,0.100000,400,620,800,950,1400,1800,2100,2400,3500,3800,3800,1487,3,400.0,579.07648436179,21.424412028864026,3758.885469986126,7199.367182246133
1788072150,50,,Aggregated,12.700000,0.100000,390,610,790,950,1400,1800,2100,2400,3500,3800,3800,1505,3,390.0,577.1370198924182,21.424412028864026,3758.885469986126,7221.849169435216
1788072151,50,,Aggregated,13.400000,0.100000,390,610,790,950,1400,1800,2100,2400,3500,3800,3800,1513,3,390.0,574.451936509981,21.424412028864026,3758.885469986126,7210.111698612029
1788072152,50,,Aggregated,14.400000,0.100000,390,610,780,940,1400,1800,2100,2400,3500,3800,3800,1522,3,390.0,572.5514044449451,21.424412028864026,3758.885469986126,7193.64717477004
1788072153,50,,Aggregated,13.600000,0.100000,390,610,790,950,1400,1800,2100,2400,3500,3800,3800,1525,3,390.0,573.3915843738273,21.424412028864026,3758.885469986126,7196.736393442623
1788072154,50,,Aggregated,12.800000,0.000000,400,620,800,970,1400,1800,2200,2400,3500,3800,3800,1539,3,400.0,582.853156341333,21.424412028864026,3758.885469986126,7215.0318388564
1788072155,50,,Aggregated,11.700000,0.000000,400,630,810,1000,1400,1800,2200,2400,3500,3800,3800,1554,3,400.0,590.3433160721522,21.424412028864026,3758.885469986126,7213.534749034749
1788072156,50,,Aggregated,11.700000,0.000000,400,630,820,1000,1400,1800,2300,2500,3500,3800,3800,1563,3,400.0,597.1504888622125,21.424412028864026,3758.885469986126,7235.134357005758
1788072157,50,,Aggregated,12.100000,0.000000,400,630,820,1000,1400,1800,2300,2500,3500,3800,3800,1572,3,400.0,598.6367738476905,21.424412028864026,3758.885469986126,7248.195928753181
1788072158,50,,Aggregated,12.000000,0.000000,410,640,830,1000,1400,1800,2300,2500,3500,3800,3800,1591,3,410.0,601.8259754888234,21.424412028864026,3758.885469986126,7258.459459459459
1788072159,50,,Aggregated,11.700000,0.000000,410,630,820,1000,1400,1800,2300,2500,3500,3800,3800,1601,3,410.0,599.3010934412033,21.424412028864026,3758.885469986126,7266.244222361024
1788072160,50,,Aggregated,12.500000,0.000000,400,630,820,1000,1400,1800,2300,2500,3500,3800,3800,1616,3,400.0,596.70798383229,21.424412028864026,3758.885469986126,7266.314356435643
1788072161,50,,Aggregated,11.600000,0.000000,400,630,820,1000,1400,1800,2300,2500,3500,3800,3800,1631,3,400.0,594.0796901574124,21.424412028864026,3758.885469986126,7270.0085836909875
1788072162,50,,Aggregated,10.800000,0.000000,400,620,810,1000,1400,1800,2300,2500,3500,3800,3800,1640,3,400.0,592.2875939358719,21.424412028864026,3758.885469986126,7258.167073170732
1788072163,50,,Aggregated,10.800000,0.000000,400,620,810,980,1400,1800,2300,2500,3500,3800,3800,1651,3,400.0,590.1631313965045,21.424412028864026,3758.885469986126,7258.752877044216
1788072164,50,,Aggregated,11.500000,0.000000,390,620,810,980,1400,1800,2300,2500,3500,3800,3800,1672,3,390.0,587.9009494596411,21.424412028864026,3758.885469986126,7255.165071770335
1788072165,50,,Aggregated,12.800000,0.000000,390,620,810,980,1400,1800,2300,2500,3500,3800,3800,1685,3,390.0,584.6569777108475,21.424412028864026,3758.885469986126,7253.416023738872
1788072166,50,,Aggregated,12.800000,0.000000,390,620,810,980,1400,1800,2300,2500,3500,3800,3800,1692,3,390.0,582.7889409587481,21.424412028864026,3758.885469986126,7233.48463356974
1788072167,50,,Aggregated,13.200000,0.000000,390,620,810,980,1400,1800,2200,2400,3500,3800,3800,1708,3,390.0,583.8136392056917,21.424412028864026,3758.885469986126,7234.467798594847
1788072168,50,,Aggregated,13.300000,0.000000,390,620,810,980,1400,1800,2200,2400,3500,3800,3800,1712,3,390.0,584.5541572834748,21.424412028864026,3758.885469986126,7232.131425233645
1788072169,50,,Aggregated,13.400000,0.000000,400,620,820,990,1400,1800,2200,2400,3500,3800,3800,1733,3,400.0,592.1609004743427,21.424412028864026,3758.885469986126,7239.7230236583955
1788072170,50,,Aggregated,12.300000,0.000000,400,620,820,980,1400,1800,2200,2400,3500,3800,3800,1747,3,400.0,590.7390116794973,21.424412028864026,3758.885469986126,7242.17115054379
1788072171,50,,Aggregated,12.100000,0.000000,400,620,810,980,1400,1800,2200,2400,3500,3800,3800,1755,3,400.0,589.155309786224,21.424412028864026,3758.885469986126,7247.727065527066
1788072172,50,,Aggregated,12.900000,0.000000,390,620,810,980,1400,1800,2200,2400,3500,3800,3800,1770,4,390.0,586.1119144056835,21.424412028864026,3758.885469986126,7253.703389830508
1788072173,50,,Aggregated,12.700000,0.000000,390,620,810,980,1400,1800,2200,2400,3500,3800,3800,1775,4,390.0,585.7154912106745,21.424412028864026,3758.885469986126,7265.171830985915
1788072174,50,,Aggregated,12.700000,0.000000,390,620,810,980,1400,1800,2200,2400,3500,3800,3800,1777,4,390.0,586.0036413877632,21.424412028864026,3758.885469986126,7268.049521665729
1788072175,50,,Aggregated,12.100000,0.100000,400,630,820,1000,1400,1800,2200,2400,3500,3800,3800,1792,4,400.0,593.663928964166,21.424412028864026,3758.885469986126,7278.159040178572
1788072176,50,,Aggregated,11.100000,0.100000,400,630,830,1000,1400,1800,2200,2400,3500,3800,3800,1817,4,400.0,597.9718338838078,21.424412028864026,3758.885469986126,7262.107319757843
1788072177,50,,Aggregated,9.900000,0.100000,400,630,820,1000,1400,1800,2200,2400,3500,3800,3800,1829,4,400.0,594.9905422045669,21.424412028864026,3758.885469986126,7258.400765445599
1788072178,50,,Aggregated,11.700000,0.100000,400,630,820,1000,1400,1800,2200,2400,3500,3800,3800,1842,4,400.0,592.7964007321656,21.424412028864026,3758.885469986126,7257.292616720955
1788072179,50,,Aggregated,12.000000,0.100000,390,630,820,1000,1400,1800,2200,2400,3500,3800,3800,1850,4,390.0,591.8414767177121,21.424412028864026,3758.885469986126,7264.735675675675
1788072180,50,,Aggregated,12.200000,0.100000,390,630,820,1000,1400,1800,2200,2400,3500,3800,3800,1869,5,390.0,592.0359355597092,21.424412028864026,3758.885469986126,7266.269662921349
1788072181,50,,Aggregated,12.700000,0.100000,390,620,820,1000,1400,1800,2200,2400,3500,3800,3800,1872,5,390.0,591.629104374094,21.424412028864026,3758.885469986126,7274.568376068376
1788072182,50,,Aggregated,12.000000,0.100000,390,620,820,1000,1400,1800,2200,2400,3500,3800,3800,1889,5,390.0,590.6992794069732,21.424412028864026,3758.885469986126,7291.405505558497
1788072183,50,,Aggregated,11.900000,0.200000,390,620,820,1000,1400,1800,2200,2400,3500,3800,3800,1900,5,390.0,589.4720795109721,21.424412028864026,3758.885469986126,7313.328421052632
1788072184,50,,Aggregated,11.700000,0.200000,400,620,820,1000,1400,1800,2200,2400,3500,3800,3800,1916,5,400.0,590.2631739712231,21.424412028864026,3758.885469986126,7334.224425887265
1788072185,50,,Aggregated,12.100000,0.100000,400,620,820,1000,1400,1800,2200,2400,3500,3800,3800,1931,5,400.0,591.1417605778842,21.424412028864026,3758.885469986126,7333.74676333506
1788072186,50,,Aggregated,12.900000,0.100000,400,620,820,990,1400,1800,2200,2400,3500,3800,3800,1942,5,390.0,589.3640772226851,21.424412028864026,3758.885469986126,7332.701853759011
1788072187,50,,Aggregated,14.200000,0.100000,390,620,820,990,1400,1800,2200,2400,3500,3800,3800,1957,6,390.0,587.0799318745477,21.424412028864026,3758.885469986126,7348.303525804803
1788072188,50,,Aggregated,12.400000,0.100000,390,620,820,990,1400,1800,2200,2400,3500,3800,3800,1966,7,390.0,588.1407729917066,21.424412028864026,3758.885469986126,7350.6592065106815
1788072189,50,,Aggregated,13.100000,0.200000,390,620,820,990,1400,1800,2200,2400,3500,3800,3800,1978,7,390.0,586.7465879962119,21.424412028864026,3758.885469986126,7346.617795753286
1788072190,50,,Aggregated,12.500000,0.200000,390,620,820,990,1400,1800,2200,2400,3500,3800,3800,1985,7,390.0,588.77210199413,21.424412028864026,3758.885469986126,7349.243324937028
1788072191,50,,Aggregated,12.900000,0.300000,400,630,820,990,1400,1800,2200,2400,3500,3800,3800,1993,7,400.0,591.796339414168,21.424412028864026,3758.885469986126,7366.628198695434
1788072192,50,,Aggregated,12.100000,0.300000,400,640,830,1000,1400,1800,2200,2400,3300,3800,3800,2009,7,400.0,597.8225480548151,21.424412028864026,3758.885469986126,7380.786460925834
1788072193,50,,Aggregated,11.600000,0.200000,400,640,850,1000,1400,1800,2200,2400,3300,3800,3800,2021,7,400.0,601.6347627099032,21.424412028864026,3758.885469986126,7389.6605640771895
1788072194,50,,Aggregated,12.000000,0.200000,400,640,830,1000,1400,1800,2200,2400,3300,3800,3800,2040,7,400.0,598.9163741775259,21.424412028864026,3758.885469986126,7382.808333333333
1788072195,50,,Aggregated,12.400000,0.200000,400,640,830,1000,1400,1800,2200,2400,3300,3800,3800,2049,8,400.0,598.5096055476141,21.424412028864026,3758.885469986126,7376.0356271351875
1788072196,50,,Aggregated,12.100000,0.200000,400,640,830,1000,1400,1800,2200,2400,3300,3800,3800,2061,8,400.0,599.4060428753,21.424412028864026,3758.885469986126,7374.529839883552
1788072197,50,,Aggregated,11.900000,0.200000,400,640,830,1000,1400,1800,2200,2400,3300,3800,3800,2071,8,400.0,599.3789036952513,21.424412028864026,3758.885469986126,7382.120231772091
1788072198,50,,Aggregated,12.400000,0.300000,400,640,830,1000,1400,1800,2200,2400,3300,3800,3800,2073,8,400.0,599.3887511533728,21.424412028864026,3758.885469986126,7381.408104196817
1788072199,50,,Aggregated,11.000000,0.200000,400,640,850,1000,1400,1800,2200,2400,3300,3800,3800,2080,8,400.0,602.2430351149524,21.424412028864026,3758.885469986126,7385.276923076923
1788072200,50,,Aggregated,11.400000,0.200000,400,640,850,1000,1400,1800,2200,2400,3300,3800,3800,2085,8,400.0,605.630887722333,21.424412028864026,3758.885469986126,7382.14964028777
1788072201,50,,Aggregated,10.000000,0.100000,410,650,870,1000,1500,1900,2300,2600,3500,3800,3800,2096,8,410.0,616.2978285043376,21.424412028864026,3758.885469986126,7398.871183206107
1788072202,50,,Aggregated,10.200000,0.100000,420,670,900,1100,1500,2000,2400,3000,3500,3800,3800,2120,8,420.0,635.845512442427,21.424412028864026,3758.885469986126,7396.624056603773
1788072203,50,,Aggregated,10.300000,0.100000,420,670,900,1100,1500,2000,2400,3000,3500,3800,3800,2137,8,420.0,636.9430247756792,21.424412028864026,3758.885469986126,7391.505849321478
1788072204,50,,Aggregated,10.300000,0.100000,410,670,900,1100,1500,2000,2400,3000,3500,3800,3800,2146,8,410.0,634.6228183375173,21.424412028864026,3758.885469986126,7391.28238583411
1788072205,50,,Aggregated,10.700000,0.100000,410,660,900,1100,1500,2000,2400,3000,3500,3800,3800,2150,8,410.0,633.9037997336235,21.424412028864026,3758.885469986126,7394.464186046512
1788072206,50,,Aggregated,11.200000,0.100000,410,660,900,1100,1500,2000,2400,3000,3500,3800,3800,2154,8,410.0,633.6267714080822,21.424412028864026,3758.885469986126,7389.495357474466
1788072207,50,,Aggregated,10.400000,0.100000,420,670,910,1100,1500,2000,2400,3000,3500,3800,3800,2166,8,420.0,637.5407996607449,21.424412028864026,3758.885469986126,7386.332871652816
1788072208,50,,Aggregated,9.500000,0.000000,420,680,920,1100,1500,2000,2400,3000,3500,3800,3800,2175,8,420.0,641.5143495217908,21.424412028864026,3758.885469986126,7383.784827586207
1788072209,50,,Aggregated,9.300000,0.000000,430,690,930,1100,1500,2000,2400,3000,3500,3800,3800,2190,8,430.0,647.4435055228673,21.424412028864026,3758.885469986126,7384.597260273973
1788072210,50,,Aggregated,9.400000,0.000000,430,690,930,1100,1600,2000,2400,2900,3500,3800,3800,2208,8,430.0,650.1382924389623,21.424412028864026,3758.885469986126,7397.051630434783
1788072211,50,,Aggregated,10.500000,0.000000,420,690,930,1100,1600,2000,2400,2900,3500,3800,3800,2223,8,420.0,646.2410319861723,20.948508055880666,3758.885469986126,7392.046333783176
1788072212,50,,Aggregated,11.200000,0.000000,420,680,920,1100,1500,2000,2400,2900,3500,3800,3800,2231,8,420.0,644.5782762335998,20.948508055880666,3758.885469986126,7391.96414164052
1788072213,50,,Aggregated,12.100000,0.000000,420,680,920,1100,1500,2000,2400,2900,3500,3800,3800,2243,8,420.0,641.8422246059113,20.808447152376175,3758.885469986126,7384.944271065538
1788072214,50,,Aggregated,12.200000,0.000000,420,680,920,1100,1500,2000,2400,2900,3500,3800,3800,2252,8,420.0,640.642029340594,20.808447152376175,3758.885469986126,7380.752220248668
1788072215,50,,Aggregated,10.900000,0.000000,420,680,920,1100,1500,2000,2400,2900,3500,3800,3800,2269,8,420.0,639.6538315396493,20.808447152376175,3758.885469986126,7381.357426178934
1788072216,50,,Aggregated,10.600000,0.000000,420,670,910,1100,1500,2000,2400,2900,3500,3800,3800,2282,8,410.0,638.513128150856,20.808447152376175,3758.885469986126,7378.960122699386
1788072217,50,,Aggregated,11.000000,0.000000,410,670,910,1100,1500,2000,2400,2900,3500,3800,3800,2299,8,410.0,637.8797032376536,20.808447152376175,3758.885469986126,7375.607655502392
1788072218,50,,Aggregated,11.700000,0.000000,410,670,910,1100,1500,2000,2400,2900,3500,3800,3800,2315,9,410.0,635.4010873879497,20.808447152376175,3758.885469986126,7367.768466522678
1788072219,50,,Aggregated,12.700000,0.000000,410,660,900,1100,1500,2000,2400,2900,3500,3800,3800,2326,9,410.0,633.2753109567504,20.808447152376175,3758.885469986126,7366.052880481513
1788072220,50,,Aggregated,13.400000,0.000000,400,660,900,1100,1500,2000,2400,2900,3500,3800,3800,2339,9,400.0,631.3381001820916,20.808447152376175,3758.885469986126,7363.752885848653
1788072221,50,,Aggregated,13.500000,0.100000,400,660,900,1100,1500,2000,2400,2900,3500,3800,3800,2345,9,400.0,630.3871432493038,20.808447152376175,3758.885469986126,7367.515565031983
1788072222,50,,Aggregated,13.300000,0.100000,410,660,900,1100,1500,2000,2400,2900,3500,3800,3800,2366,9,410.0,631.6921088523928,20.808447152376175,3758.885469986126,7364.566356720203
1788072223,50,,Aggregated,12.800000,0.100000,420,670,900,1100,1500,2000,2400,2900,3500,3800,3800,2380,9,420.0,632.7093699528295,20.808447152376175,3758.885469986126,7352.660504201681
1788072224,50,,Aggregated,12.200000,0.100000,410,670,890,1100,1500,2000,2400,2900,3500,3800,3800,2394,9,410.0,631.1268354689239,20.808447152376175,3758.885469986126,7360.919381787803
1788072225,50,,Aggregated,13.400000,0.100000,410,660,890,1100,1500,1900,2400,2800,3500,3800,3800,2406,9,410.0,628.7386452458669,20.808447152376175,3758.885469986126,7365.216541978388
1788072227,50,,Aggregated,13.700000,0.100000,400,660,890,1100,1500,1900,2400,2800,3500,3800,3800,2419,9,400.0,625.9818053887113,20.808447152376175,3758.885469986126,7352.2054568003305
1788072228,50,,Aggregated,13.800000,0.100000,410,660,880,1100,1500,1900,2400,2800,3500,3800,3800,2427,9,410.0,625.8983675593478,20.808447152376175,3758.885469986126,7353.22950144211
1788072229,50,,Aggregated,13.700000,0.100000,410,660,880,1100,1500,1900,2400,2800,3500,3800,3800,2448,9,410.0,625.4970194336089,20.808447152376175,3758.885469986126,7342.470179738562
1788072230,50,,Aggregated,13.600000,0.100000,400,650,880,1000,1500,1900,2400,2800,3500,3800,3800,2459,9,400.0,623.6023237806983,20.808447152376175,3758.885469986126,7342.820252135014
1788072231,50,,Aggregated,13.300000,0.000000,400,650,880,1000,1500,1900,2400,2800,3500,3800,3800,2468,9,400.0,622.4685300152328,20.808447152376175,3758.885469986126,7331.745542949757
1788072232,50,,Aggregated,13.300000,0.000000,400,650,870,1000,1500,1900,2400,2800,3500,3800,3800,2487,9,400.0,621.2385205963344,20.808447152376175,3758.885469986126,7334.613992762364
1788072233,50,,Aggregated,13.300000,0.000000,400,650,860,1000,1500,1900,2400,2800,3500,3800,3800,2500,9,400.0,619.0444246070459,20.808447152376175,3758.885469986126,7333.7092
1788072234,50,,Aggregated,12.800000,0.000000,400,640,850,1000,1500,1900,2400,2700,3500,3800,3800,2510,9,400.0,617.2595561993127,20.808447152376175,3758.885469986126,7344.655378486056
1788072235,50,,Aggregated,13.300000,0.000000,400,640,850,1000,1500,1900,2400,2700,3500,3800,3800,2531,10,400.0,614.0663758699802,20.808447152376175,3758.885469986126,7332.403002765705
1788072236,50,,Aggregated,12.900000,0.000000,390,640,850,1000,1500,1900,2400,2700,3500,3800,3800,2542,10,390.0,611.8349575709271,20.808447152376175,3758.885469986126,7323.598347757671
1788072237,50,,Aggregated,13.400000,0.100000,390,640,850,1000,1500,1900,2400,2700,3500,3800,3800,2552,10,390.0,611.2510542510089,20.808447152376175,3758.885469986126,7326.444749216301
1788072238,50,,Aggregated,13.400000,0.100000,390,640,850,1000,1500,1900,2400,2700,3500,3800,3800,2561,10,390.0,610.847220175628,20.808447152376175,3758.885469986126,7325.709878953534
1788072239,50,,Aggregated,13.000000,0.100000,400,640,850,1000,1500,1900,2400,2700,3500,3800,3800,2576,10,400.0,612.402019494608,20.808447152376175,3758.885469986126,7327.845885093167
1788072240,50,,Aggregated,13.000000,0.100000,400,640,840,1000,1500,1900,2400,2700,3500,3800,3800,2591,10,400.0,611.834185010948,20.808447152376175,3758.885469986126,7338.299884214589
1788072241,50,,Aggregated,12.700000,0.100000,400,640,840,1000,1500,1900,2400,2700,3500,3800,3800,2605,10,400.0,610.2929442628482,20.808447152376175,3758.885469986126,7340.330902111325
1788072242,50,,Aggregated,13.200000,0.100000,390,640,830,1000,1500,1900,2400,2700,3500,3800,3800,2617,10,390.0,608.1647418623909,20.808447152376175,3758.885469986126,7349.202139854796
1788072243,50,,Aggregated,13.600000,0.100000,390,630,830,1000,1500,1900,2400,2700,3500,3800,3800,2631,11,390.0,605.9182712677987,20.808447152376175,3758.885469986126,7349.116685670848
1788072244,50,,Aggregated,13.600000,0.100000,390,630,830,1000,1500,1900,2400,2700,3500,3800,3800,2643,11,390.0,604.3014062722357,20.808447152376175,3758.885469986126,7345.33030646992
1788072245,50,,Aggregated,13.000000,0.200000,390,630,830,1000,1500,1900,2400,2700,3500,3800,3800,2648,11,390.0,604.2495699277748,20.808447152376175,3758.885469986126,7342.545317220543
1788072246,50,,Aggregated,13.300000,0.200000,390,630,830,1000,1500,1900,2300,2700,3500,3800,3800,2664,11,390.0,606.0623894976983,20.808447152376175,3758.885469986126,7352.119369369369
1788072247,50,,Aggregated,11.900000,0.100000,390,630,830,1000,1500,1900,2300,2700,3500,3800,3800,2679,11,390.0,604.0995818578102,20.808447152376175,3758.885469986126,7357.36132885405
1788072248,50,,Aggregated,12.100000,0.100000,390,630,820,1000,1500,1900,2300,2700,3500,3800,3800,2690,11,390.0,602.4488056674911,20.808447152376175,3758.885469986126,7353.999256505576
1788072249,50,,Aggregated,12.100000,0.100000,390,630,820,1000,1400,1900,2300,2700,3500,3800,3800,2704,11,390.0,602.387124399576,20.808447152376175,3758.885469986126,7353.786982248521
1788072250,50,,Aggregated,12.700000,0.100000,390,630,820,1000,1400,1900,2300,2700,3500,3800,3800,2717,11,390.0,602.8146332235754,20.808447152376175,3758.885469986126,7351.168200220832
1788072251,50,,Aggregated,12.900000,0.100000,390,630,820,1000,1400,1900,2300,2700,3500,3800,3800,2739,11,390.0,601.2542314404794,20.808447152376175,3758.885469986126,7356.829134720701
1788072252,50,,Aggregated,12.300000,0.100000,390,630,820,1000,1400,1900,2300,2700,3500,3800,3800,2749,11,390.0,600.0177464349667,20.808447152376175,3758.885469986126,7359.783193888687
1788072253,50,,Aggregated,13.200000,0.100000,390,630,820,1000,1400,1900,2300,2700,3500,3800,3800,2763,11,390.0,599.692390262666,20.808447152376175,3758.885469986126,7367.982989504162
1788072254,50,,Aggregated,13.200000,0.100000,390,630,820,1000,1400,1900,2300,2700,3500,3800,3800,2770,11,390.0,598.3304156256934,20.808447152376175,3758.885469986126,7361.66642599278
1788072255,50,,Aggregated,12.400000,0.000000,390,620,810,1000,1400,1900,2300,2700,3500,3800,3800,2781,11,390.0,597.9504583116972,20.808447152376175,3758.885469986126,7360.558432218626
1788072256,50,,Aggregated,12.700000,0.000000,390,620,810,1000,1400,1900,2300,2600,3500,3800,3800,2805,11,390.0,598.573515843683,20.808447152376175,3758.885469986126,7360.238859180035
1788072257,50,,Aggregated,13.000000,0.000000,390,620,810,990,1400,1900,2300,2600,3500,3800,3800,2817,11,390.0,597.4373965419004,20.808447152376175,3758.885469986126,7358.035143769968
1788072258,50,,Aggregated,13.000000,0.000000,390,620,810,990,1400,1900,2300,2600,3500,3800,3800,2832,11,390.0,596.8895482454656,20.808447152376175,3758.885469986126,7354.158898305085
1788072259,50,,Aggregated,13.700000,0.000000,390,620,810,990,1400,1800,2300,2600,3500,3800,3800,2842,11,390.0,595.846970864725,20.808447152376175,3758.885469986126,7356.488740323715
1788072260,50,,Aggregated,13.600000,0.000000,390,620,810,990,1400,1800,2300,2600,3500,3800,3800,2857,11,390.0,593.3545578844385,20.808447152376175,3758.885469986126,7347.361918095905
1788072261,50,,Aggregated,13.700000,0.000000,390,620,810,980,1400,1800,2300,2600,3500,3800,3800,2863,12,390.0,593.2536852715841,20.808447152376175,3758.885469986126,7343.662940971009
1788072262,50,,Aggregated,13.700000,0.000000,390,620,810,990,1400,1800,2300,2600,3500,3800,3800,2880,14,390.0,595.2847139541215,20.808447152376175,3758.885469986126,7346.847569444444
1788072263,50,,Aggregated,12.300000,0.000000,390,620,810,990,1400,1800,2300,2600,3500,3800,3800,2895,14,390.0,593.6661176354543,20.808447152376175,3758.885469986126,7346.776856649395
1788072264,50,,Aggregated,12.700000,0.300000,390,610,800,980,1400,1800,2300,2600,3500,3800,3800,2910,14,390.0,591.272384810175,20.808447152376175,3758.885469986126,7342.622680412371
1788072265,50,,Aggregated,13.400000,0.300000,390,610,800,980,1400,1800,2300,2600,3500,3800,3800,2921,14,390.0,590.0614865562467,20.808447152376175,3758.885469986126,7342.402601848682
1788072266,50,,Aggregated,13.700000,0.300000,380,610,800,980,1400,1800,2300,2600,3500,3800,3800,2932,15,380.0,588.847310627089,20.808447152376175,3758.885469986126,7352.356412005457
1788072267,50,,Aggregated,13.900000,0.300000,380,610,800,980,1400,1800,2300,2600,3500,3800,3800,2944,16,380.0,587.3433886028341,20.808447152376175,3758.885469986126,7352.335258152174
1788072268,50,,Aggregated,13.600000,0.300000,380,610,800,970,1400,1800,2300,2600,3500,3800,3800,2965,16,380.0,584.856242446455,20.808447152376175,3758.885469986126,7359.753794266442
1788072269,50,,Aggregated,12.800000,0.400000,380,600,790,970,1400,1800,2300,2600,3500,3800,3800,2977,16,380.0,582.9058490911931,20.808447152376175,3758.885469986126,7349.2431978501845
1788072270,50,,Aggregated,13.000000,0.500000,380,600,780,960,1400,1800,2300,2600,3500,3800,3800,2987,16,380.0,581.8097242503388,20.808447152376175,3758.885469986126,7353.012052226314
1788072271,50,,Aggregated,13.000000,0.500000,380,600,780,960,1400,1800,2300,2600,3500,3800,3800,2995,16,380.0,580.6990410642813,20.808447152376175,3758.885469986126,7353.4434056761265
1788072272,50,,Aggregated,13.100000,0.500000,380,590,780,960,1400,1800,2300,2600,3500,3800,3800,3013,16,380.0,577.9491336169287,20.808447152376175,3758.885469986126,7349.181878526386
1788072273,50,,Aggregated,13.000000,0.500000,380,590,780,950,1400,1800,2300,2600,3500,3800,3800,3027,16,380.0,576.9863681227607,20.808447152376175,3758.885469986126,7346.765113974232
1788072274,50,,Aggregated,13.100000,0.200000,370,590,780,950,1400,1800,2300,2600,3500,3800,3800,3040,16,370.0,575.3980700851811,20.808447152376175,3758.885469986126,7352.540131578948
1788072275,50,,Aggregated,13.100000,0.200000,370,590,780,940,1400,1800,2300,2600,3500,3800,3800,3048,16,370.0,574.1831294091796,20.156271057203412,3758.885469986126,7354.110236220473
1788072276,50,,Aggregated,12.500000,0.200000,370,590,780,940,1400,1800,2300,2600,3500,3800,3800,3057,16,370.0,574.356215190731,20.156271057203412,3758.885469986126,7352.4834805364735
1788072277,50,,Aggregated,13.000000,0.200000,370,590,780,950,1400,1800,2300,2600,3500,3800,3800,3064,16,370.0,575.3646352707242,20.156271057203412,3758.885469986126,7346.916449086162
1788072278,50,,Aggregated,12.400000,0.200000,380,600,800,960,1400,1800,2300,2600,3500,3800,3800,3086,16,380.0,581.5937775366759,20.156271057203412,3758.885469986126,7354.395333765392
1788072279,50,,Aggregated,12.000000,0.100000,380,600,800,960,1400,1800,2300,2600,3500,3800,3800,3104,16,380.0,581.2482156221618,20.156271057203412,3758.885469986126,7361.30831185567
1788072280,50,,Aggregated,11.700000,0.000000,380,600,790,960,1400,1800,2300,2600,3500,3800,3800,3116,16,380.0,579.4084562056408,20.156271057203412,3758.885469986126,7366.833119383826
1788072281,50,,Aggregated,12.600000,0.000000,370,600,790,960,1400,1800,2300,2600,3500,3800,3800,3128,16,370.0,577.7387938327769,20.156271057203412,3758.885469986126,7368.253516624041
1788072282,50,,Aggregated,12.600000,0.000000,370,590,780,950,1400,1800,2300,2600,3500,3800,3800,3149,16,370.0,575.8711024528063,20.156271057203412,3758.885469986126,7361.081930771674
1788072283,50,,Aggregated,13.400000,0.000000,370,590,780,950,1400,1800,2300,2600,3500,3800,3800,3161,16,370.0,574.70281991369,20.156271057203412,3758.885469986126,7359.3267953179375
1788072284,50,,Aggregated,12.800000,0.000000,370,590,780,950,1400,1800,2300,2600,3500,3800,3800,3174,16,370.0,574.15522890752,20.156271057203412,3758.885469986126,7354.600504095778
1788072285,50,,Aggregated,13.300000,0.000000,370,590,780,940,1400,1800,2300,2600,3500,3800,3800,3186,16,370.0,572.6758158969333,20.156271057203412,3758.885469986126,7344.192090395481
1788072286,50,,Aggregated,13.100000,0.000000,370,590,780,940,1400,1800,2300,2600,3500,3800,3800,3197,16,370.0,572.1801424472283,20.156271057203412,3758.885469986126,7349.595871129183
1788072287,50,,Aggregated,13.800000,0.000000,370,590,780,940,1400,1800,2300,2600,3500,3800,3800,3206,16,370.0,571.4551283937548,20.156271057203412,3758.885469986126,7346.719276356831
1788072288,50,,Aggregated,13.700000,0.000000,370,590,780,940,1400,1800,2300,2600,3500,3800,3800,3215,17,370.0,572.375584490493,20.156271057203412,3758.885469986126,7345.378849144635
1788072289,50,,Aggregated,14.300000,0.000000,370,590,780,940,1400,1800,2300,2600,3500,3800,3800,3234,17,370.0,574.0700603576363,20.156271057203412,3758.885469986126,7345.60791589363
1788072290,50,,Aggregated,13.700000,0.100000,370,600,780,940,1400,1800,2300,2600,3500,3800,3800,3246,17,370.0,574.6877924789482,20.156271057203412,3758.885469986126,7344.113062230437
1788072291,50,,Aggregated,12.800000,0.100000,370,590,780,940,1400,1800,2300,2600,3500,3800,3800,3260,17,370.0,574.6141532735265,20.156271057203412,3758.885469986126,7342.514417177914
1788072292,50,,Aggregated,12.800000,0.100000,370,600,780,940,1400,1800,2300,2600,3500,3800,3800,3274,17,370.0,575.1029969358455,20.156271057203412,3758.885469986126,7344.38485033598
1788072293,50,,Aggregated,12.800000,0.100000,370,590,780,940,1400,1800,2300,2600,3500,3800,3800,3291,17,370.0,573.2935878271461,17.69340899772942,3758.885469986126,7343.347918565785
1788072294,50,,Aggregated,13.200000,0.100000,370,590,780,940,1400,1800,2300,2600,3500,3800,3800,3297,17,370.0,572.4765321553801,17.69340899772942,3758.885469986126,7340.205034880194
1788072295,50,,Aggregated,12.900000,0.100000,370,600,780,940,1400,1800,2300,2500,3500,3800,3800,3310,17,370.0,573.6603744491215,17.69340899772942,3758.885469986126,7335.204833836858
1788072296,50,,Aggregated,13.000000,0.100000,370,600,780,940,1400,1800,2300,2500,3500,3800,3800,3329,18,370.0,573.76602395838,17.69340899772942,3758.885469986126,7335.058275758486
1788072297,50,,Aggregated,11.400000,0.100000,370,600,780,940,1400,1800,2300,2500,3500,3800,3800,3338,19,370.0,572.7102363443336,17.69340899772942,3758.885469986126,7334.320251647693
1788072298,50,,Aggregated,12.900000,0.100000,370,600,780,940,1400,1800,2300,2500,3500,3800,3800,3354,19,370.0,572.7362856731907,17.69340899772942,3758.885469986126,7332.149970184854
1788072299,50,,Aggregated,12.900000,0.200000,370,600,780,940,1400,1800,2300,2500,3500,3800,3800,3366,19,370.0,571.7310946956565,17.69340899772942,3758.885469986126,7331.770944741533
1788072300,50,,Aggregated,13.400000,0.200000,370,590,770,940,1400,1800,2300,2500,3500,3800,3800,3378,19,370.0,570.0620553993729,17.69340899772942,3758.885469986126,7326.723801065719
1788072301,50,,Aggregated,13.300000,0.200000,370,590,770,940,1400,1800,2300,2500,3500,3800,3800,3393,19,370.0,569.1381721465576,17.69340899772942,3758.885469986126,7322.573533745947
1788072302,50,,Aggregated,13.300000,0.200000,370,590,770,940,1400,1800,2300,2500,3500,3800,3800,3402,19,370.0,569.6558901729546,17.69340899772942,3758.885469986126,7321.454732510288
1788072303,50,,Aggregated,13.100000,0.200000,370,600,780,940,1400,1800,2300,2500,3500,3800,3800,3410,19,370.0,571.165758721077,17.69340899772942,3758.885469986126,7318.309090909091
1788072304,50,,Aggregated,13.000000,0.200000,370,600,780,940,1400,1800,2300,2500,3500,3800,3800,3423,19,370.0,573.5492765436315,17.69340899772942,3758.885469986126,7319.211218229623
1788072305,50,,Aggregated,12.100000,0.200000,370,610,780,940,1400,1800,2300,2500,3500,3800,3800,3430,19,370.0,575.5419787991542,17.69340899772942,3758.885469986126,7324.679008746356
1788072306,50,,Aggregated,11.800000,0.200000,380,610,780,950,1400,1800,2300,2500,3500,3800,3800,3438,19,380.0,577.4596484542952,17.69340899772942,3758.885469986126,7321.833915066899
1788072307,50,,Aggregated,12.600000,0.200000,380,610,800,960,1400,1800,2300,2600,3500,3800,3800,3449,19,380.0,581.4240835459212,17.69340899772942,3758.885469986126,7322.961728037112
1788072308,50,,Aggregated,11.300000,0.200000,380,610,800,970,1400,1800,2300,2600,3500,3800,3800,3472,20,380.0,583.4596928630602,17.69340899772942,3758.885469986126,7312.510944700461
1788072309,50,,Aggregated,10.700000,0.100000,380,610,800,970,1400,1800,2300,2600,3500,3800,3800,3480,20,380.0,582.4340752689249,17.69340899772942,3758.885469986126,7313.064942528736
1788072310,50,,Aggregated,11.300000,0.100000,380,610,800,970,1400,1800,2300,2600,3500,3800,3800,3491,21,380.0,581.9106611946213,17.69340899772942,3758.885469986126,7318.037525064451
1788072311,50,,Aggregated,11.400000,0.100000,380,610,800,960,1400,1800,2300,2600,3500,3800,3800,3507,21,380.0,580.1908435088341,17.69340899772942,3758.885469986126,7320.962931280296
1788072312,50,,Aggregated,11.300000,0.100000,370,610,790,960,1400,1800,2300,2600,3500,3800,3800,3519,21,370.0,578.7048111493061,17.69340899772942,3758.885469986126,7319.230463199773
1788072313,50,,Aggregated,11.100000,0.200000,370,610,790,960,1400,1800,2300,2600,3500,3800,3800,3521,21,370.0,578.9151074585246,17.69340899772942,3758.885469986126,7320.070718545868
1788072315,50,,Aggregated,11.300000,0.200000,380,610,800,970,1400,1800,2300,2600,3500,3800,3800,3540,21,380.0,581.5190047534751,17.69340899772942,3758.885469986126,7317.290395480226
1788072316,50,,Aggregated,11.700000,0.200000,380,610,800,960,1400,1800,2300,2600,3500,3800,3800,3560,21,380.0,580.5706150422338,17.69340899772942,3758.885469986126,7312.265730337079
1788072317,50,,Aggregated,11.600000,0.200000,380,610,800,960,1400,1800,2300,2600,3500,3800,3800,3570,21,380.0,579.2873352057762,17.69340899772942,3758.885469986126,7310.990196078431
1788072318,50,,Aggregated,12.900000,0.200000,370,610,790,960,1400,1800,2300,2600,3500,3800,3800,3583,21,370.0,577.4364871561799,17.69340899772942,3758.885469986126,7312.615406084287
1788072319,50,,Aggregated,12.900000,0.200000,370,610,780,950,1400,1800,2300,2600,3500,3800,3800,3597,21,370.0,575.4149702876938,17.69340899772942,3758.885469986126,7308.1726438698915
1788072320,50,,Aggregated,12.700000,0.100000,370,610,780,950,1400,1800,2300,2600,3500,3800,3800,3612,21,370.0,573.3542515278602,17.69340899772942,3758.885469986126,7308.267718715393
1788072321,50,,Aggregated,12.700000,0.100000,370,610,780,950,1400,1800,2300,2600,3500,3800,3800,3625,21,370.0,572.3844373516481,17.69340899772942,3758.885469986126,7310.448551724138
1788072322,50,,Aggregated,12.900000,0.100000,370,600,780,950,1400,1800,2300,2600,3500,3800,3800,3633,21,370.0,572.1214025947497,17.69340899772942,3758.885469986126,7313.911918524635
1788072323,50,,Aggregated,12.900000,0.100000,370,600,780,950,1400,1800,2300,2600,3500,3800,3800,3645,21,370.0,572.8282349505455,17.69340899772942,3758.885469986126,7323.477914951989
1788072324,50,,Aggregated,12.300000,0.000000,370,610,780,950,1400,1800,2300,2600,3500,3800,3800,3667,21,370.0,572.9677047726389,17.69340899772942,3758.885469986126,7312.838560130897
1788072325,50,,Aggregated,12.300000,0.000000,370,600,780,940,1400,1800,2300,2600,3500,3800,3800,3679,21,370.0,571.5857303964486,17.69340899772942,3758.885469986126,7310.31258494156
1788072326,50,,Aggregated,14.500000,0.000000,370,600,780,940,1400,1800,2300,2600,3500,3800,3800,3687,21,370.0,571.0249388254375,17.69340899772942,3758.885469986126,7313.08896121508
1788072327,50,,Aggregated,14.500000,0.000000,370,600,780,940,1400,1800,2300,2600,3500,3800,3800,3700,21,370.0,570.7405323544014,17.69340899772942,3758.885469986126,7308.218108108108
1788072328,50,,Aggregated,12.600000,0.000000,370,610,780,940,1400,1800,2300,2600,3500,3800,3800,3704,21,370.0,570.9912911339459,17.69340899772942,3758.885469986126,7309.619330453564
1788072329,50,,Aggregated,12.600000,0.000000,370,610,780,940,1400,1800,2300,2600,3500,3800,3800,3718,22,370.0,573.307616621065,17.69340899772942,3758.885469986126,7311.862560516407
1788072330,50,,Aggregated,12.100000,0.000000,370,610,790,950,1400,1800,2300,2600,3500,3800,3800,3735,22,370.0,574.6657192637867,17.69340899772942,3758.885469986126,7305.012583668005
1788072331,50,,Aggregated,12.100000,0.100000,370,610,790,940,1400,1800,2300,2600,3500,3800,3800,3747,22,370.0,574.5055715306527,17.69340899772942,3758.885469986126,7310.307712836936
1788072332,50,,Aggregated,11.800000,0.100000,370,610,790,940,1400,1800,2300,2600,3500,3800,3800,3759,22,370.0,574.2964966521316,17.69340899772942,3758.885469986126,7312.288108539506
1788072333,50,,Aggregated,12.100000,0.100000,380,610,790,940,1400,1800,2300,2600,3500,3800,3800,3777,22,380.0,574.5516385618515,17.69340899772942,3758.885469986126,7316.542758803283
1788072334,50,,Aggregated,12.100000,0.100000,380,610,780,940,1400,1800,2300,2600,3500,3800,3800,3788,22,370.0,573.7933461146096,17.69340899772942,3758.885469986126,7318.563093980993
1788072335,50,,Aggregated,12.700000,0.100000,380,610,780,940,1400,1800,2300,2600,3500,3800,3800,3794,22,380.0,573.6135322573356,17.69340899772942,3758.885469986126,7315.703215603585
1788072336,50,,Aggregated,12.200000,0.100000,380,610,790,940,1400,1800,2300,2600,3500,3800,3800,3813,22,380.0,575.1564532618285,17.69340899772942,3758.885469986126,7318.506163126148
1788072337,50,,Aggregated,11.100000,0.100000,380,610,790,940,1400,1800,2300,2600,3500,3800,3800,3824,22,380.0,575.2597290366912,17.69340899772942,3758.885469986126,7313.911349372385
1788072338,50,,Aggregated,12.500000,0.100000,380,610,780,940,1400,1800,2300,2600,3500,3800,3800,3845,22,380.0,574.5041020124937,17.69340899772942,3758.885469986126,7322.709232769831
1788072339,50,,Aggregated,12.100000,0.100000,380,610,780,940,1400,1800,2300,2600,3500,3800,3800,3852,22,380.0,573.603301347552,17.69340899772942,3758.885469986126,7324.15083073728
1788072340,50,,Aggregated,14.000000,0.100000,380,610,780,940,1400,1800,2300,2600,3500,3800,3800,3866,22,380.0,572.3059290664828,17.69340899772942,3758.885469986126,7323.635799275738
1788072341,50,,Aggregated,13.300000,0.000000,380,610,780,940,1400,1800,2300,2600,3500,3800,3800,3880,22,370.0,571.3963384411811,17.69340899772942,3758.885469986126,7323.738402061856
1788072342,50,,Aggregated,13.400000,0.000000,370,610,780,940,1400,1800,2300,2600,3500,3800,3800,3884,22,370.0,570.9819270712832,17.69340899772942,3758.885469986126,7322.4526261586
1788072343,50,,Aggregated,12.800000,0.000000,380,610,780,940,1400,1800,2300,2600,3500,3800,3800,3892,22,380.0,571.266539619969,17.69340899772942,3758.885469986126,7319.635149023638
1788072344,50,,Aggregated,12.500000,0.000000,380,610,780,940,1400,1800,2300,2500,3500,3800,3800,3910,22,380.0,572.3724270131096,17.69340899772942,3758.885469986126,7325.092583120205
1788072345,50,,Aggregated,11.600000,0.000000,380,610,780,940,1400,1800,2300,2500,3500,3800,3800,3923,22,380.0,570.8795118402275,17.69340899772942,3758.885469986126,7327.21820035687
1788072346,50,,Aggregated,12.100000,0.000000,380,600,780,940,1400,1800,2300,2500,3500,3800,3800,3933,22,380.0,570.2681092828008,17.69340899772942,3758.885469986126,7321.476735316553
1788072347,50,,Aggregated,13.100000,0.000000,380,610,780,940,1400,1800,2300,2500,3500,3800,3800,3943,23,380.0,570.3559369265687,17.69340899772942,3758.885469986126,7336.197565305605
1788072348,50,,Aggregated,11.700000,0.000000,380,610,780,940,1400,1800,2300,2500,3500,3800,3800,3957,23,380.0,571.1680059459499,17.69340899772942,3758.885469986126,7342.4867323730095
1788072349,50,,Aggregated,12.000000,0.100000,370,600,780,940,1400,1800,2300,2500,3500,3800,3800,3975,23,370.0,569.9805393888258,17.69340899772942,3758.885469986126,7336.607044025157
1788072350,50,,Aggregated,10.900000,0.100000,370,600,780,940,1400,1800,2300,2500,3500,3800,3800,3988,23,370.0,568.6532546246028,17.69340899772942,3758.885469986126,7335.537362086258
1788072351,50,,Aggregated,11.900000,0.100000,370,600,780,940,1400,1800,2300,2500,3500,3800,3800,3995,23,370.0,567.7847437153761,17.69340899772942,3758.885469986126,7334.846307884856
1788072352,50,,Aggregated,12.200000,0.100000,370,600,780,930,1400,1800,2300,2500,3400,3800,3800,4012,23,370.0,566.9800850538029,17.69340899772942,3758.885469986126,7332.209621136591
1788072353,50,,Aggregated,11.900000,0.100000,370,600,780,930,1400,1800,2300,2500,3400,3800,3800,4025,23,370.0,566.188717443924,17.69340899772942,3758.885469986126,7328.985341614907
1788072354,50,,Aggregated,11.900000,0.100000,370,590,770,930,1400,1800,2300,2500,3400,3800,3800,4041,23,370.0,565.0067459218609,17.69340899772942,3758.885469986126,7330.3484286067805
1788072355,50,,Aggregated,13.200000,0.100000,370,590,770,920,1400,1800,2300,2500,3400,3800,3800,4053,23,370.0,563.5500265720932,17.69340899772942,3758.885469986126,7319.825808043424
1788072356,50,,Aggregated,12.600000,0.100000,370,590,770,920,1400,1800,2300,2500,3400,3800,3800,4067,23,370.0,562.2518852536635,17.69340899772942,3758.885469986126,7319.124416031473
1788072357,50,,Aggregated,12.800000,0.100000,370,590,770,920,1400,1800,2300,2500,3400,3800,3800,4069,23,370.0,562.1991809402608,17.69340899772942,3758.885469986126,7318.747849594495
1788072358,50,,Aggregated,12.900000,0.100000,370,590,770,920,1400,1800,2300,2500,3400,3800,3800,4071,23,370.0,562.3998500844722,17.69340899772942,3758.885469986126,7316.892164087448
1788072359,50,,Aggregated,12.700000,0.000000,370,590,780,930,1400,1800,2300,2600,3400,3800,3800,4080,23,370.0,566.7131244940523,17.69340899772942,3758.885469986126,7326.245098039216
1788072360,50,,Aggregated,11.700000,0.000000,370,600,780,940,1400,1800,2300,2600,3400,3800,3800,4103,23,370.0,573.1218584832811,17.69340899772942,3758.885469986126,7336.204728247623
1788072361,50,,Aggregated,10.400000,0.000000,370,610,790,950,1400,1800,2300,2600,3400,3800,3800,4114,23,370.0,574.1120576345206,17.69340899772942,3758.885469986126,7341.802625182304
1788072362,50,,Aggregated,10.500000,0.000000,370,600,780,940,1400,1800,2300,2600,3400,3800,3800,4133,23,370.0,572.6442233150176,17.69340899772942,3758.885469986126,7342.473263972901
1788072363,50,,Aggregated,11.700000,0.000000,370,600,780,940,1400,1800,2300,2600,3400,3800,3800,4144,23,370.0,571.4674549268645,17.69340899772942,3758.885469986126,7336.244691119691
1788072364,50,,Aggregated,11.700000,0.000000,370,600,780,940,1400,1800,2300,2600,3400,3800,3800,4158,24,370.0,570.9292537322987,17.69340899772942,3758.885469986126,7344.192881192881
1788072365,50,,Aggregated,11.600000,0.000000,370,600,780,940,1400,1800,2300,2600,3400,3800,3800,4169,24,370.0,570.8861357952866,17.69340899772942,3758.885469986126,7343.630366994483
1788072366,50,,Aggregated,11.600000,0.100000,370,600,780,940,1400,1800,2300,2600,3400,3800,3800,4181,24,370.0,571.1644421851931,17.69340899772942,3758.885469986126,7339.630710356374
1788072367,50,,Aggregated,11.400000,0.100000,370,600,780,940,1400,1800,2300,2600,3400,3800,3800,4197,24,370.0,572.1032958602999,17.69340899772942,3758.885469986126,7342.19156540386
1788072368,50,,Aggregated,11.700000,0.100000,370,600,780,940,1400,1800,2300,2600,3400,3800,3800,4206,24,370.0,572.297569294283,17.69340899772942,3758.885469986126,7345.451735615787
1788072369,50,,Aggregated,11.700000,0.100000,370,600,780,940,1400,1800,2300,2600,3400,3800,3800,4219,24,370.0,571.9186970613641,17.69340899772942,3758.885469986126,7345.265228727187
1788072370,50,,Aggregated,13.200000,0.100000,370,600,780,940,1400,1800,2300,2600,3400,3800,3800,4233,24,370.0,570.4374913390358,17.69340899772942,3758.885469986126,7338.9971651311125
1788072371,50,,Aggregated,13.600000,0.100000,370,600,780,940,1400,1800,2300,2600,3400,3800,3800,4250,24,370.0,570.1378036955481,17.69340899772942,3758.885469986126,7337.408470588235
1788072372,50,,Aggregated,13.800000,0.100000,370,590,780,940,1400,1800,2300,2600,3400,3800,3800,4260,24,370.0,569.2087395300874,17.69340899772942,3758.885469986126,7336.894600938967
1788072373,50,,Aggregated,12.700000,0.100000,370,590,780,930,1400,1800,2300,2600,3400,3800,3800,4271,24,370.0,568.269623902931,17.69340899772942,3758.885469986126,7333.556778272067
1788072374,50,,Aggregated,13.600000,0.100000,370,590,780,930,1400,1800,2300,2600,3400,3800,3800,4279,24,370.0,568.1960613303671,17.69340899772942,3758.885469986126,7330.579574666978
1788072375,50,,Aggregated,12.600000,0.100000,370,600,780,930,1400,1800,2300,2600,3400,3800,3800,4297,24,370.0,569.1376988005417,17.69340899772942,3758.885469986126,7332.5210612054925
1788072376,50,,Aggregated,12.100000,0.000000,370,600,780,930,1400,1800,2300,2600,3400,3800,3800,4316,24,370.0,569.3585037738663,17.69340899772942,3758.885469986126,7339.988646895274
1788072377,50,,Aggregated,12.300000,0.000000,370,590,780,930,1400,1800,2300,2600,3400,3800,3800,4321,24,370.0,569.0650068008158,17.69340899772942,3758.885469986126,7342.152510992826
1788072378,50,,Aggregated,12.900000,0.000000,370,600,780,930,1400,1800,2300,2600,3400,3800,3800,4330,24,370.0,569.5358547683177,17.69340899772942,3758.885469986126,7341.334872979215
1788072379,50,,Aggregated,13.200000,0.000000,380,600,780,940,1400,1800,2300,2600,3400,3800,3800,4352,24,380.0,571.9562194216825,17.69340899772942,3758.885469986126,7341.348575367647
1788072380,50,,Aggregated,12.000000,0.000000,380,600,780,940,1400,1800,2300,2600,3400,3800,3800,4364,24,380.0,571.9090036082288,17.69340899772942,3758.885469986126,7350.331576535289
1788072381,50,,Aggregated,12.000000,0.000000,370,600,780,940,1400,1800,2300,2600,3400,3800,3800,4373,24,370.0,571.2908548206046,17.69340899772942,3758.885469986126,7349.392865309856
1788072382,50,,Aggregated,12.600000,0.000000,370,600,780,940,1400,1800,2300,2600,3400,3800,3800,4386,25,370.0,571.2884552172176,17.69340899772942,3758.885469986126,7346.967852257182
1788072383,50,,Aggregated,13.200000,0.000000,370,600,780,930,1400,1800,2300,2600,3400,3800,3800,4406,25,370.0,570.2170053625579,17.69340899772942,3758.885469986126,7338.53245574217
1788072384,50,,Aggregated,11.800000,0.000000,370,600,780,930,1400,1800,2300,2600,3400,3800,3800,4415,25,370.0,569.3453600410254,17.69340899772942,3758.885469986126,7339.229218573047
1788072385,50,,Aggregated,13.200000,0.100000,370,600,780,930,1400,1800,2300,2600,3400,3800,3800,4432,25,370.0,568.8820758191255,17.69340899772942,3758.885469986126,7338.173285198556
1788072386,50,,Aggregated,13.400000,0.100000,370,590,780,930,1400,1800,2300,2600,3400,3800,3800,4449,25,370.0,567.8601616146376,17.69340899772942,3758.885469986126,7334.128568217577
1788072387,50,,Aggregated,13.000000,0.100000,370,590,780,930,1400,1800,2300,2600,3400,3800,3800,4460,25,370.0,566.9496378488108,17.69340899772942,3758.885469986126,7337.699775784753
1788072388,50,,Aggregated,13.000000,0.100000,370,590,770,920,1400,1800,2300,2600,3400,3800,3800,4474,25,370.0,565.670142273215,17.69340899772942,3758.885469986126,7333.656906571301
1788072389,50,,Aggregated,13.300000,0.100000,370,590,770,920,1400,1800,2300,2600,3400,3800,3800,4487,26,370.0,564.2982139179999,17.69340899772942,3758.885469986126,7329.034321372855
1788072390,50,,Aggregated,14.100000,0.100000,370,590,770,920,1400,1800,2300,2600,3400,3800,3800,4497,26,370.0,563.4405054958661,17.69340899772942,3758.885469986126,7330.799199466311
1788072391,50,,Aggregated,14.500000,0.100000,370,590,770,920,1400,1800,2300,2600,3400,3800,3800,4512,27,370.0,562.7430516367585,17.69340899772942,3758.885469986126,7330.626773049646
1788072392,50,,Aggregated,13.400000,0.200000,370,590,770,920,1400,1800,2300,2600,3400,3800,3800,4520,27,370.0,561.9179193378093,17.69340899772942,3758.885469986126,7334.174557522124
1788072393,50,,Aggregated,12.900000,0.200000,370,590,770,920,1400,1800,2300,2600,3400,3800,3800,4533,27,370.0,560.8695824523722,17.69340899772942,3758.885469986126,7332.1954555482025
1788072394,50,,Aggregated,13.900000,0.300000,370,590,770,920,1400,1800,2300,2600,3400,3800,3800,4543,27,370.0,560.832218310689,17.69340899772942,3758.885469986126,7330.447281532027
1788072396,50,,Aggregated,12.700000,0.200000,370,590,770,920,1300,1800,2300,2600,3400,3800,3800,4559,28,370.0,561.1296989618453,17.69340899772942,3758.885469986126,7329.42070629524
1788072397,50,,Aggregated,12.700000,0.200000,370,590,770,920,1300,1800,2300,2600,3400,3800,3800,4571,28,370.0,561.1547363101006,17.69340899772942,3758.885469986126,7329.061474513235
1788072398,50,,Aggregated,12.700000,0.200000,370,590,770,920,1300,1800,2300,2600,3400,3800,3800,4582,28,370.0,561.6708177325081,17.69340899772942,3758.885469986126,7338.288520296814
1788072399,50,,Aggregated,12.100000,0.300000,370,590,770,920,1300,1800,2300,2600,3400,3800,3800,4591,28,370.0,561.6593140178342,17.69340899772942,3758.885469986126,7339.707253321716
1788072400,50,,Aggregated,12.000000,0.300000,370,590,770,920,1400,1800,2300,2600,3400,3800,3800,4609,28,370.0,563.6565599217829,17.69340899772942,3758.885469986126,7341.356693425906
1788072401,50,,Aggregated,12.000000,0.300000,370,590,770,920,1400,1800,2300,2600,3400,3800,3800,4623,29,370.0,563.2020342112875,17.69340899772942,3758.885469986126,7336.608695652174
1788072402,50,,Aggregated,11.900000,0.200000,370,590,770,920,1300,1800,2300,2600,3400,3800,3800,4637,29,370.0,562.1731958530481,17.69340899772942,3758.885469986126,7338.781324131982
1788072403,50,,Aggregated,12.500000,0.300000,370,590,770,920,1300,1800,2300,2600,3400,3800,3800,4649,29,370.0,561.5086848924694,17.69340899772942,3758.885469986126,7338.253387825339
1788072404,50,,Aggregated,12.400000,0.200000,370,590,760,920,1300,1800,2300,2600,3400,3800,3800,4660,30,370.0,560.6216141601321,17.69340899772942,3758.885469986126,7334.354506437769
1788072405,50,,Aggregated,12.700000,0.200000,370,590,760,910,1300,1800,2300,2600,3400,3800,3800,4668,30,370.0,560.2218918767184,17.69340899772942,3758.885469986126,7343.30119965724
1788072406,50,,Aggregated,12.500000,0.200000,370,590,760,920,1300,1800,2300,2600,3400,3800,3800,4675,30,370.0,560.6793550792883,17.69340899772942,3758.885469986126,7344.096256684492
1788072407,50,,Aggregated,12.500000,0.200000,370,590,770,920,1300,1800,2300,2600,3400,3800,3800,4681,30,370.0,561.8828998308982,17.69340899772942,3758.885469986126,7347.356975005341
1788072408,50,,Aggregated,11.500000,0.200000,370,590,770,920,1400,1800,2300,2600,3400,3800,3800,4696,30,370.0,565.6785859467162,17.69340899772942,3758.885469986126,7355.971252129472
1788072409,50,,Aggregated,11.000000,0.200000,370,590,780,940,1400,1800,2300,2600,3400,3800,3800,4718,30,370.0,569.7233442975316,17.69340899772942,3758.885469986126,7361.987282746926
1788072410,50,,Aggregated,11.200000,0.200000,370,590,780,940,1400,1800,2300,2600,3400,3800,3800,4724,30,370.0,569.2013302781173,17.69340899772942,3758.885469986126,7365.083403895004
1788072411,50,,Aggregated,12.100000,0.200000,370,590,780,930,1400,1800,2300,2600,3400,3800,3800,4739,30,370.0,567.853349722078,17.69340899772942,3758.885469986126,7363.412112259971
1788072412,50,,Aggregated,11.600000,0.200000,370,590,780,930,1400,1800,2300,2600,3400,3800,3800,4753,30,370.0,567.1772722005644,17.69340899772942,3758.885469986126,7365.557332211235
1788072413,50,,Aggregated,11.300000,0.100000,370,590,780,930,1400,1800,2300,2600,3400,3800,3800,4767,30,370.0,567.0276714062179,17.69340899772942,3758.885469986126,7366.251101321586
1788072414,50,,Aggregated,11.300000,0.100000,370,590,780,930,1400,1800,2300,2600,3400,3800,3800,4773,30,370.0,566.6655218052599,17.69340899772942,3758.885469986126,7364.437041692856
1788072415,50,,Aggregated,11.600000,0.100000,370,590,780,930,1400,1800,2300,2600,3400,3800,3800,4778,30,370.0,567.2587692343259,17.69340899772942,3758.885469986126,7366.042067810799
1788072416,50,,Aggregated,11.500000,0.100000,370,590,780,940,1400,1800,2300,2600,3400,3800,3800,4785,30,370.0,568.3505583765198,17.69340899772942,3758.885469986126,7363.403134796238
1788072417,50,,Aggregated,11.100000,0.000000,370,600,780,940,1400,1800,2300,2600,3400,3800,3800,4796,31,370.0,571.513643903412,17.69340899772942,3758.885469986126,7366.6682652210175
1788072418,50,,Aggregated,10.800000,0.000000,370,600,800,950,1400,1800,2300,2700,3400,3800,3800,4816,31,370.0,575.3177097111715,17.69340899772942,3758.885469986126,7367.502699335548
1788072419,50,,Aggregated,11.200000,0.100000,370,600,790,950,1400,1800,2300,2700,3400,3800,3800,4829,31,370.0,575.2297191932523,17.69340899772942,3758.885469986126,7368.029198591841
1788072420,50,,Aggregated,11.700000,0.100000,370,600,790,950,1400,1800,2300,2700,3400,3800,3800,4845,31,370.0,573.8125308867067,17.69340899772942,3758.885469986126,7368.095356037152
1788072421,50,,Aggregated,11.500000,0.100000,370,600,790,950,1400,1800,2300,2700,3400,3800,3800,4855,31,370.0,572.7540251404722,17.69340899772942,3758.885469986126,7367.046343975283
1788072422,50,,Aggregated,11.500000,0.100000,370,590,790,950,1400,1800,2300,2700,3400,3800,3800,4860,31,370.0,572.2402214534952,17.69340899772942,3758.885469986126,7365.153497942387
1788072423,50,,Aggregated,11.600000,0.100000,370,600,790,950,1400,1800,2300,2700,3400,3800,3800,4869,31,370.0,572.527508980752,17.69340899772942,3758.885469986126,7366.017046621483
1788072424,50,,Aggregated,11.100000,0.100000,370,600,790,950,1400,1800,2300,2700,3400,3800,3800,4879,31,370.0,574.1981953300603,17.69340899772942,3758.885469986126,7366.914121746259
1788072425,50,,Aggregated,10.400000,0.100000,370,600,800,960,1400,1800,2300,2700,3400,3800,3800,4886,31,370.0,575.8467522945665,17.69340899772942,3758.885469986126,7369.508391322145
1788072426,50,,Aggregated,10.300000,0.100000,370,610,800,960,1400,1800,2300,2700,3400,3800,3800,4894,31,370.0,578.1355463553043,17.69340899772942,3758.885469986126,7371.657744176543
1788072427,50,,Aggregated,10.600000,0.100000,370,610,810,980,1400,1800,2400,2700,3500,3800,3800,4911,31,370.0,583.8186425768291,17.69340899772942,3758.885469986126,7377.120342089188
1788072428,50,,Aggregated,11.000000,0.100000,380,610,810,980,1400,1800,2400,2700,3500,3800,3800,4926,31,380.0,586.4599126862257,17.69340899772942,3758.885469986126,7382.363580998782
1788072429,50,,Aggregated,10.800000,0.000000,380,610,810,980,1400,1800,2400,2700,3500,3800,3800,4941,31,380.0,585.6221268737439,17.69340899772942,3758.885469986126,7382.110099170209
1788072430,50,,Aggregated,10.700000,0.000000,370,610,810,980,1400,1800,2400,2700,3500,3800,3800,4952,31,370.0,584.5380762997437,17.69340899772942,3758.885469986126,7378.492326332795
1788072431,50,,Aggregated,10.700000,0.000000,370,610,810,980,1400,1800,2400,2700,3500,3800,3800,4958,31,370.0,583.9327129119024,17.69340899772942,3758.885469986126,7378.906817265026
1788072432,50,,Aggregated,10.600000,0.000000,370,610,810,980,1400,1800,2400,2700,3500,3800,3800,4968,31,370.0,584.0988828016174,17.69340899772942,3758.885469986126,7378.301731078905
1788072433,50,,Aggregated,10.600000,0.000000,380,610,810,980,1400,1800,2400,2700,3500,3800,3800,4986,31,380.0,584.4808109179816,17.69340899772942,3758.885469986126,7376.199558764541
1788072434,50,,Aggregated,10.400000,0.000000,380,610,810,980,1400,1800,2400,2700,3500,3800,3800,5004,31,380.0,583.8382917385233,17.69340899772942,3758.885469986126,7382.706834532374
1788072435,50,,Aggregated,10.800000,0.000000,370,610,800,970,1400,1800,2400,2700,3500,3800,3800,5015,31,370.0,582.7152600209206,17.69340899772942,3758.885469986126,7378.678165503489
1788072436,50,,Aggregated,12.400000,0.000000,370,610,800,970,1400,1800,2400,2700,3500,3800,3800,5026,32,370.0,581.624353630913,17.69340899772942,3758.885469986126,7374.298249104656
1788072437,50,,Aggregated,12.800000,0.000000,370,600,800,970,1400,1800,2400,2700,3500,3800,3800,5036,32,370.0,580.700884071346,17.69340899772942,3758.885469986126,7370.734312946784
1788072438,50,,Aggregated,12.800000,0.000000,370,600,800,960,1400,1800,2400,2700,3500,3800,3800,5049,32,370.0,579.93237229889,17.69340899772942,3758.885469986126,7371.229352347
1788072439,50,,Aggregated,13.100000,0.100000,370,600,800,960,1400,1800,2400,2700,3500,3800,3800,5060,32,370.0,578.9986309096155,17.69340899772942,3758.885469986126,7377.428458498024
1788072440,50,,Aggregated,12.400000,0.100000,370,600,800,960,1400,1800,2400,2700,3500,3800,3800,5074,32,370.0,578.5602622724751,17.69340899772942,3758.885469986126,7382.19432400473
1788072441,50,,Aggregated,11.800000,0.100000,370,600,800,960,1400,1800,2400,2700,3500,3800,3800,5090,32,370.0,578.2234073123915,17.69340899772942,3758.885469986126,7387.796660117878
1788072442,50,,Aggregated,12.000000,0.100000,370,600,800,960,1400,1800,2400,2700,3500,3800,3800,5111,32,370.0,576.8241800910025,17.69340899772942,3758.885469986126,7378.15300332616
1788072443,50,,Aggregated,12.100000,0.100000,370,590,790,960,1400,1800,2400,2700,3500,3800,3800,5121,32,370.0,576.2482637967703,17.69340899772942,3758.885469986126,7374.986330794766
1788072444,50,,Aggregated,14.000000,0.100000,370,590,790,950,1400,1800,2400,2700,3500,3800,3800,5128,32,370.0,575.9986365838655,17.69340899772942,3758.885469986126,7377.571567862715
1788072445,50,,Aggregated,13.800000,0.100000,370,590,790,950,1400,1800,2400,2700,3500,3800,3800,5145,34,370.0,575.635886813113,17.69340899772942,3758.885469986126,7375.840233236152
1788072446,50,,Aggregated,12.400000,0.100000,370,590,800,950,1400,1800,2400,2700,3500,3800,3800,5151,34,370.0,575.4809746574962,17.69340899772942,3758.885469986126,7375.6055134925255
1788072447,50,,Aggregated,12.300000,0.100000,370,600,800,960,1400,1800,2400,2700,3500,3800,3800,5161,36,370.0,576.7419720126319,17.69340899772942,3758.885469986126,7375.160821546212
1788072448,50,,Aggregated,12.800000,0.300000,370,600,800,960,1400,1800,2400,2700,3500,3800,3800,5183,37,370.0,577.5448974709708,17.69340899772942,3758.885469986126,7373.58537526529
1788072449,50,,Aggregated,11.900000,0.200000,370,600,800,960,1400,1800,2400,2700,3500,3800,3800,5192,37,370.0,576.798773898364,17.69340899772942,3758.885469986126,7373.752311248074
1788072450,50,,Aggregated,12.900000,0.400000,370,600,800,960,1400,1800,2400,2700,3500,3800,3800,5200,38,370.0,576.6432978832969,17.69340899772942,3758.885469986126,7371.7113461538465
1788072451,50,,Aggregated,13.400000,0.500000,370,600,800,960,1400,1800,2400,2700,3500,3800,3800,5220,38,370.0,577.4070362610853,17.69340899772942,3758.885469986126,7370.331609195402
1788072452,50,,Aggregated,12.900000,0.600000,370,600,800,960,1400,1800,2400,2700,3500,3800,3800,5235,38,370.0,576.0579414391284,17.69340899772942,3758.885469986126,7369.9444126074495
1788072453,50,,Aggregated,12.400000,0.600000,370,590,800,960,1400,1800,2400,2700,3500,3800,3800,5253,38,370.0,574.9113879008929,17.69340899772942,3758.885469986126,7364.468684561203
1788072454,50,,Aggregated,12.100000,0.600000,370,590,800,960,1400,1800,2400,2700,3500,3800,3800,5259,38,370.0,574.3836868909599,17.69340899772942,3758.885469986126,7365.444381061038
1788072455,50,,Aggregated,12.500000,0.600000,370,590,790,950,1400,1800,2400,2700,3500,3800,3800,5270,38,370.0,573.4863759708137,17.69340899772942,3758.885469986126,7361.881024667931
1788072456,50,,Aggregated,13.100000,0.600000,370,590,790,950,1400,1800,2400,2700,3500,3800,3800,5281,38,370.0,573.1487469040485,17.69340899772942,3758.885469986126,7361.057943571293
1788072457,50,,Aggregated,12.800000,0.600000,370,590,790,950,1400,1800,2400,2700,3500,3800,3800,5295,38,370.0,572.8824070291163,17.69340899772942,3758.885469986126,7361.694995278564
1788072458,50,,Aggregated,12.500000,0.400000,370,590,790,950,1400,1800,2400,2700,3500,3800,3800,5306,38,370.0,572.5375085243625,17.69340899772942,3758.885469986126,7359.395778364116
1788072459,50,,Aggregated,13.200000,0.400000,370,590,790,950,1400,1800,2400,2700,3500,3800,3800,5315,38,370.0,572.9864877164154,17.69340899772942,3758.885469986126,7360.730573847601
1788072460,50,,Aggregated,12.800000,0.200000,370,590,800,950,1400,1800,2400,2700,3500,3800,3800,5330,39,370.0,574.2111478318456,17.69340899772942,3758.885469986126,7362.196622889306
1788072461,50,,Aggregated,11.800000,0.100000,370,590,800,950,1400,1800,2400,2700,3500,3800,3800,5343,39,370.0,573.5989062575895,17.69340899772942,3758.885469986126,7356.55343440015
1788072462,50,,Aggregated,12.100000,0.000000,370,590,790,950,1400,1800,2400,2700,3500,3800,3800,5354,39,370.0,572.8457244466204,17.69340899772942,3758.885469986126,7354.283339559208
1788072463,50,,Aggregated,13.200000,0.100000,370,590,790,950,1400,1800,2400,2700,3500,3800,3800,5370,40,370.0,573.2740403870572,17.69340899772942,3758.885469986126,7350.840595903166
1788072464,50,,Aggregated,12.000000,0.100000,370,590,790,950,1400,1800,2400,2700,3500,3800,3800,5378,40,370.0,573.3309088730454,17.69340899772942,3758.885469986126,7349.859427296393
1788072465,50,,Aggregated,11.600000,0.100000,370,590,800,950,1400,1800,2400,2700,3500,3800,3800,5385,40,370.0,574.1210705798271,17.69340899772942,3758.885469986126,7354.0729805013925
1788072466,50,,Aggregated,11.600000,0.200000,370,600,800,950,1400,1800,2300,2700,3500,3800,3800,5402,40,370.0,574.5995657202404,17.69340899772942,3758.885469986126,7353.853202517586
1788072467,50,,Aggregated,11.700000,0.200000,370,590,790,950,1400,1800,2300,2700,3500,3800,3800,5415,40,370.0,573.9603502426936,17.69340899772942,3758.885469986126,7360.4116343490305
1788072468,50,,Aggregated,11.200000,0.200000,370,590,800,950,1400,1800,2300,2700,3500,3800,3800,5428,40,370.0,573.8215933985564,17.69340899772942,3758.885469986126,7361.13025055269
1788072469,50,,Aggregated,12.000000,0.200000,370,590,790,950,1400,1800,2300,2700,3500,3800,3800,5433,40,370.0,573.5467448611188,17.69340899772942,3758.885469986126,7360.618442849254
1788072470,50,,Aggregated,11.700000,0.200000,370,590,800,950,1400,1800,2300,2700,3500,3800,3800,5452,40,370.0,573.6648300818512,17.69340899772942,3758.885469986126,7367.650220102714
1788072471,50,,Aggregated,12.300000,0.200000,370,590,790,950,1400,1800,2300,2700,3500,3800,3800,5466,41,370.0,572.6468852498207,17.69340899772942,3758.885469986126,7365.503841931943
1788072472,50,,Aggregated,11.800000,0.200000,370,590,790,950,1400,1800,2300,2700,3500,3800,3800,5476,41,370.0,572.0149439721627,17.69340899772942,3758.885469986126,7362.323411249087
1788072474,50,,Aggregated,11.700000,0.100000,370,590,790,950,1400,1800,2300,2700,3500,3800,3800,5492,41,370.0,571.5915092634402,17.69340899772942,3758.885469986126,7364.312636562272
1788072475,50,,Aggregated,12.100000,0.200000,370,590,790,950,1400,1800,2300,2700,3500,3800,3800,5507,41,370.0,570.3665211772915,17.69340899772942,3758.885469986126,7370.527510441257
1788072476,50,,Aggregated,12.100000,0.200000,370,590,780,950,1400,1800,2300,2700,3500,3800,3800,5518,41,370.0,569.4355468500569,17.69340899772942,3758.885469986126,7368.348314606742
1788072477,50,,Aggregated,12.700000,0.100000,370,590,780,940,1400,1800,2300,2700,3500,3800,3800,5525,41,370.0,569.2252181374733,17.69340899772942,3758.885469986126,7367.022805429864
1788072478,50,,Aggregated,13.300000,0.100000,370,590,790,950,1400,1800,2300,2700,3500,3800,3800,5541,43,370.0,570.443735466865,17.69340899772942,3758.885469986126,7369.487276664862
1788072479,50,,Aggregated,12.000000,0.100000,370,590,790,950,1400,1800,2300,2700,3500,3800,3800,5557,43,370.0,570.6144367796428,17.69340899772942,3758.885469986126,7369.025553356128
1788072480,50,,Aggregated,12.400000,0.300000,370,590,790,950,1400,1800,2300,2700,3500,3800,3800,5566,43,370.0,570.3410284639381,17.69340899772942,3758.885469986126,7368.152712899749
1788072481,50,,Aggregated,12.400000,0.300000,370,590,780,940,1400,1800,2300,2700,3500,3800,3800,5584,43,370.0,569.6303139088884,17.69340899772942,3758.885469986126,7368.8484957020055
1788072482,50,,Aggregated,12.600000,0.300000,370,590,780,940,1400,1800,2300,2700,3500,3800,3800,5599,43,370.0,568.8033426720829,17.69340899772942,3758.885469986126,7370.9028397928205
1788072483,50,,Aggregated,13.200000,0.300000,370,590,780,940,1400,1800,2300,2700,3500,3800,3800,5609,43,370.0,568.292360618245,17.69340899772942,3758.885469986126,7374.147976466394
1788072484,50,,Aggregated,13.300000,0.200000,370,590,780,940,1400,1800,2300,2700,3500,3800,3800,5622,44,370.0,567.9326300764883,17.69340899772942,3758.885469986126,7375.424404126646
1788072485,50,,Aggregated,13.100000,0.200000,370,590,780,940,1400,1800,2300,2700,3500,3800,3800,5635,44,370.0,567.6211922035322,17.69340899772942,3758.885469986126,7373.05057675244
1788072486,50,,Aggregated,13.100000,0.200000,370,590,780,940,1400,1800,2300,2700,3500,3800,3800,5642,44,370.0,567.316938524969,17.69340899772942,3758.885469986126,7373.248670684155
1788072487,50,,Aggregated,12.800000,0.300000,370,590,780,940,1400,1800,2300,2700,3500,3800,3800,5660,44,360.0,566.5966949037312,17.69340899772942,3758.885469986126,7371.069434628976
1788072488,50,,Aggregated,12.800000,0.300000,360,590,780,940,1400,1800,2300,2700,3500,3800,3800,5671,44,360.0,566.0212260203,17.69340899772942,3758.885469986126,7375.580673602539
1788072489,50,,Aggregated,13.600000,0.300000,370,590,780,940,1400,1800,2300,2700,3500,3800,3800,5679,44,370.0,566.3677661507163,17.69340899772942,3758.885469986126,7374.770734284205
1788072490,50,,Aggregated,13.100000,0.100000,370,590,780,940,1400,1800,2300,2700,3500,3800,3800,5693,44,370.0,568.4924270881966,17.69340899772942,3758.885469986126,7383.818900404005
1788072491,50,,Aggregated,11.900000,0.100000,370,590,780,940,1400,1800,2300,2700,3500,3800,3800,5708,44,370.0,568.5710614818714,17.69340899772942,3758.885469986126,7381.075858444288
1788072492,50,,Aggregated,12.400000,0.100000,370,590,780,940,1400,1800,2300,2700,3500,3800,3800,5725,44,370.0,568.8845802561327,17.69340899772942,3758.885469986126,7379.035807860262
1788072493,50,,Aggregated,12.300000,0.100000,370,590,780,940,1400,1800,2300,2700,3500,3800,3800,5735,44,370.0,568.1146579737342,17.69340899772942,3758.885469986126,7380.704795117698
1788072494,50,,Aggregated,11.900000,0.100000,370,590,780,940,1400,1800,2300,2700,3500,3800,3800,5744,44,370.0,567.4102974769077,17.69340899772942,3758.885469986126,7384.037256267409
1788072495,50,,Aggregated,12.500000,0.100000,360,590,780,940,1400,1800,2300,2700,3500,3800,3800,5756,45,360.0,566.9389861483205,17.69340899772942,3758.885469986126,7379.010597637248
1788072496,50,,Aggregated,12.200000,0.000000,370,590,780,940,1400,1800,2300,2700,3500,3800,3800,5763,45,370.0,567.1545494957945,17.69340899772942,3758.885469986126,7377.265660246399
1788072497,50,,Aggregated,11.600000,0.000000,370,590,780,940,1400,1800,2300,2700,3500,3800,3800,5771,45,370.0,568.2660282180478,17.69340899772942,3758.885469986126,7379.699012302894
1788072498,50,,Aggregated,12.000000,0.100000,370,590,790,950,1400,1800,2300,2700,3500,3800,3800,5794,46,370.0,571.1365041246173,17.69340899772942,3758.885469986126,7377.355712806351
1788072499,50,,Aggregated,10.900000,0.100000,370,590,800,950,1400,1800,2300,2700,3500,3800,3800,5803,46,370.0,571.4561728741421,17.69340899772942,3758.885469986126,7378.537825262795
1788072500,50,,Aggregated,11.900000,0.200000,370,600,800,950,1400,1800,2300,2700,3500,3800,3800,5817,46,370.0,571.8064247902313,17.69340899772942,3758.885469986126,7378.415334364793
1788072501,50,,Aggregated,12.500000,0.200000,370,590,790,950,1400,1800,2300,2700,3500,3800,3800,5835,46,370.0,571.1354328970638,17.69340899772942,3758.885469986126,7377.528191945158
1788072502,50,,Aggregated,12.500000,0.200000,370,590,790,940,1400,1800,2300,2700,3500,3800,3800,5846,47,370.0,570.3555723060648,17.69340899772942,3758.885469986126,7374.57047553883
1788072503,50,,Aggregated,12.400000,0.200000,370,590,790,940,1400,1800,2300,2700,3500,3800,3800,5864,47,370.0,569.6298678039582,17.69340899772942,3758.885469986126,7372.924624829468
1788072504,50,,Aggregated,12.500000,0.200000,370,590,780,940,1400,1800,2300,2700,3500,3800,3800,5877,47,370.0,569.1051452747257,17.69340899772942,3758.885469986126,7371.824570359026
1788072505,50,,Aggregated,12.600000,0.300000,360,590,780,940,1400,1800,2300,2700,3500,3800,3800,5889,47,360.0,568.2781236957886,17.69340899772942,3758.885469986126,7371.646119884531
1788072506,50,,Aggregated,12.600000,0.300000,360,590,780,940,1400,1800,2300,2700,3500,3800,3800,5892,48,360.0,568.1797546540129,17.69340899772942,3758.885469986126,7372.322131704005
1788072507,50,,Aggregated,13.200000,0.300000,370,590,780,940,1400,1800,2300,2700,3500,3800,3800,5898,48,360.0,568.5265384796137,17.69340899772942,3758.885469986126,7371.32485588335
1788072508,50,,Aggregated,13.000000,0.300000,370,600,800,950,1400,1800,2300,2700,3500,3800,3800,5922,48,370.0,572.3114272368658,17.69340899772942,3758.885469986126,7375.045761567038
1788072509,50,,Aggregated,12.900000,0.300000,370,600,800,950,1400,1800,2300,2700,3500,3800,3800,5936,49,370.0,572.892806843953,17.69340899772942,3758.885469986126,7373.107142857143
1788072510,50,,Aggregated,11.600000,0.200000,370,600,800,950,1400,1800,2300,2700,3500,3800,3800,5947,49,370.0,572.0142600305014,17.69340899772942,3758.885469986126,7371.532873717841
1788072511,50,,Aggregated,13.200000,0.300000,370,590,790,950,1400,1800,2300,2700,3500,3800,3800,5960,49,370.0,571.0233901488289,17.69340899772942,3758.885469986126,7369.9093959731545
1788072512,50,,Aggregated,12.900000,0.300000,370,590,790,950,1400,1800,2300,2700,3500,3800,3800,5969,50,370.0,570.6960108695753,17.69340899772942,3758.885469986126,7368.499246104875
1788072513,50,,Aggregated,12.300000,0.300000,370,590,790,950,1400,1800,2300,2700,3500,3800,3800,5974,50,370.0,571.1916430125585,17.69340899772942,3758.885469986126,7371.228657515902
1788072514,50,,Aggregated,12.300000,0.400000,370,600,800,960,1400,1800,2300,2700,3500,3800,3800,5990,50,370.0,573.1450145033722,17.69340899772942,3758.885469986126,7375.018030050083
1788072515,50,,Aggregated,11.200000,0.300000,370,600,800,960,1400,1800,2300,2700,3500,3800,3800,5997,50,370.0,573.7344353802673,17.69340899772942,3758.885469986126,7374.061364015341
1788072516,50,,Aggregated,11.000000,0.300000,370,610,810,960,1400,1800,2300,2700,3400,3800,3800,6020,51,370.0,577.8397310423461,17.69340899772942,3758.885469986126,7376.053156146179
1788072517,50,,Aggregated,11.300000,0.300000,370,610,810,970,1400,1800,2300,2700,3400,3800,3800,6032,52,370.0,577.9789565510499,17.69340899772942,3758.885469986126,7376.808355437665
1788072518,50,,Aggregated,11.000000,0.200000,370,610,810,960,1400,1800,2300,2700,3400,3800,3800,6044,52,370.0,577.0220867054821,17.69340899772942,3758.885469986126,7374.577101257445
1788072519,50,,Aggregated,12.600000,0.300000,370,600,810,960,1400,1800,2300,2700,3400,3800,3800,6056,53,370.0,576.146779576445,17.69340899772942,3758.885469986126,7372.57463672391
1788072520,50,,Aggregated,13.200000,0.400000,370,600,810,960,1400,1800,2300,2700,3400,3800,3800,6062,54,370.0,575.8053776143237,17.69340899772942,3758.885469986126,7372.286704058067
1788072521,50,,Aggregated,11.900000,0.300000,370,600,800,960,1400,1800,2300,2700,3400,3800,3800,6078,54,370.0,575.4264157022787,17.69340899772942,3758.885469986126,7381.579137874301
1788072522,50,,Aggregated,11.700000,0.500000,370,600,800,960,1400,1800,2300,2700,3400,3800,3800,6083,54,370.0,575.3552888809196,17.69340899772942,3758.885469986126,7379.895446325826
1788072523,50,,Aggregated,11.100000,0.500000,370,610,810,960,1400,1800,2300,2700,3400,3800,3800,6100,54,370.0,577.1722180427236,17.69340899772942,3758.885469986126,7387.00524590164
1788072524,50,,Aggregated,11.400000,0.400000,370,610,810,960,1400,1800,2300,2700,3400,3800,3800,6117,54,370.0,577.7400736842038,17.69340899772942,3758.885469986126,7386.668628412621
1788072525,50,,Aggregated,11.700000,0.400000,370,600,810,960,1400,1800,2300,2700,3400,3800,3800,6130,54,370.0,576.6538878777452,17.69340899772942,3758.885469986126,7383.663947797716
1788072526,50,,Aggregated,12.500000,0.400000,370,600,810,960,1400,1800,2300,2700,3400,3800,3800,6141,54,370.0,575.855527343738,17.69340899772942,3758.885469986126,7378.249633610161
1788072527,50,,Aggregated,12.500000,0.400000,370,600,810,960,1400,1800,2300,2700,3400,3800,3800,6153,54,370.0,575.4386514590866,17.69340899772942,3758.885469986126,7381.269787095725
1788072528,50,,Aggregated,13.000000,0.400000,370,600,800,960,1400,1800,2300,2700,3400,3800,3800,6165,54,370.0,574.4994165393579,17.69340899772942,3758.885469986126,7378.385239253852
1788072529,50,,Aggregated,11.900000,0.300000,370,600,800,960,1400,1800,2300,2700,3400,3800,3800,6170,55,370.0,574.1746493604267,17.69340899772942,3758.885469986126,7375.466612641815
1788072530,50,,Aggregated,12.100000,0.200000,370,600,800,960,1400,1800,2300,2700,3400,3800,3800,6185,55,370.0,574.0704135156162,17.69340899772942,3758.885469986126,7377.1159256265155
1788072531,50,,Aggregated,11.600000,0.300000,370,600,800,960,1400,1800,2300,2700,3400,3800,3800,6200,55,370.0,573.724806293387,17.69340899772942,3758.885469986126,7375.985967741935
1788072532,50,,Aggregated,11.300000,0.100000,370,600,800,960,1400,1800,2300,2700,3400,3800,3800,6211,55,370.0,573.8778679114782,17.69340899772942,3758.885469986126,7377.613105780068
1788072533,50,,Aggregated,12.600000,0.100000,370,600,800,960,1400,1800,2300,2700,3400,3800,3800,6223,55,370.0,574.0360483946525,17.69340899772942,3758.885469986126,7379.748674272859
1788072534,50,,Aggregated,12.100000,0.100000,370,600,800,960,1400,1800,2300,2700,3400,3800,3800,6239,55,370.0,573.1862244803932,17.69340899772942,3758.885469986126,7374.089437409842
1788072535,50,,Aggregated,12.600000,0.100000,370,600,800,960,1400,1800,2300,2700,3400,3800,3800,6256,55,370.0,572.1815748862155,17.69340899772942,3758.885469986126,7368.577525575448
1788072536,50,,Aggregated,11.900000,0.100000,370,600,800,950,1400,1800,2300,2700,3400,3800,3800,6265,55,370.0,571.7108686541186,17.69340899772942,3758.885469986126,7369.932960893855
1788072537,50,,Aggregated,12.200000,0.100000,360,590,800,950,1400,1800,2300,2700,3400,3800,3800,6281,56,360.0,570.9351544878067,17.69340899772942,3758.885469986126,7373.165260308868
1788072538,50,,Aggregated,12.800000,0.100000,360,590,800,950,1400,1800,2300,2700,3400,3800,3800,6289,56,360.0,570.3757324838431,17.69340899772942,3758.885469986126,7372.109238352679
1788072539,50,,Aggregated,13.000000,0.200000,370,600,800,950,1400,1800,2300,2700,3400,3800,3800,6304,56,360.0,570.9089663025668,17.69340899772942,3758.885469986126,7381.149746192893
1788072540,50,,Aggregated,12.400000,0.200000,360,590,800,950,1400,1800,2300,2700,3400,3800,3800,6321,57,360.0,570.3163868853735,17.69340899772942,3758.885469986126,7376.923746242683
1788072541,50,,Aggregated,12.400000,0.100000,360,590,800,950,1400,1800,2300,2700,3400,3800,3800,6331,57,360.0,569.5851652185642,17.69340899772942,3758.885469986126,7376.902385089244
1788072542,50,,Aggregated,13.800000,0.100000,360,590,800,950,1400,1800,2300,2700,3400,3800,3800,6342,59,360.0,568.84605167952,16.778534976765513,3758.885469986126,7372.735257016714
1788072543,50,,Aggregated,13.000000,0.200000,360,590,800,950,1400,1800,2300,2700,3400,3800,3800,6358,61,360.0,568.7723817400381,16.778534976765513,3758.885469986126,7370.2871972318335
1788072544,50,,Aggregated,13.400000,0.300000,360,590,800,950,1400,1800,2300,2700,3400,3800,3800,6371,61,360.0,567.8226177284929,16.778534976765513,3758.885469986126,7368.910218176111
1788072545,50,,Aggregated,12.900000,0.400000,360,590,790,940,1400,1800,2300,2700,3400,3800,3800,6390,61,360.0,566.9128332595328,16.778534976765513,3758.885469986126,7366.3153364632235
1788072546,50,,Aggregated,13.300000,0.600000,360,590,790,940,1400,1800,2300,2700,3400,3800,3800,6406,61,360.0,565.7041407530604,16.778534976765513,3758.885469986126,7361.642678738683
1788072548,50,,Aggregated,12.900000,0.600000,360,590,790,940,1400,1800,2300,2700,3400,3800,3800,6425,61,360.0,564.2482562887153,16.778534976765513,3758.885469986126,7353.491206225681
1788072549,50,,Aggregated,13.100000,0.600000,360,590,790,940,1400,1800,2300,2700,3400,3800,3800,6434,61,360.0,563.555114310383,16.778534976765513,3758.885469986126,7350.853745725832
1788072550,50,,Aggregated,13.400000,0.500000,360,590,780,940,1400,1800,2300,2700,3400,3800,3800,6448,61,360.0,562.9779573295756,16.778534976765513,3758.885469986126,7349.1436104218365
1788072551,50,,Aggregated,14.200000,0.500000,360,590,780,940,1400,1800,2300,2700,3400,3800,3800,6460,61,360.0,562.1044338959408,16.778534976765513,3758.885469986126,7343.986222910216
1788072552,50,,Aggregated,14.300000,0.500000,360,580,780,940,1400,1800,2300,2700,3400,3800,3800,6470,61,360.0,561.8929967987012,16.778534976765513,3758.885469986126,7340.408500772797
1788072553,50,,Aggregated,13.700000,0.500000,360,580,780,940,1400,1800,2300,2700,3400,3800,3800,6475,61,360.0,561.970328377006,16.778534976765513,3758.885469986126,7340.793359073359
1788072554,50,,Aggregated,13.500000,0.300000,360,590,780,940,1400,1800,2300,2700,3400,3800,3800,6482,61,360.0,562.9239647504257,16.778534976765513,3758.885469986126,7342.797901882135
1788072555,50,,Aggregated,13.300000,0.200000,360,590,790,950,1400,1800,2300,2600,3400,3800,3800,6502,61,360.0,565.8647807856998,16.778534976765513,3758.885469986126,7344.503537373116
1788072556,50,,Aggregated,12.300000,0.000000,360,590,800,950,1400,1800,2300,2600,3400,3800,3800,6527,62,360.0,566.6697443579127,16.778534976765513,3758.885469986126,7348.585720851846
1788072557,50,,Aggregated,12.800000,0.000000,360,590,800,950,1400,1800,2300,2600,3400,3800,3800,6535,62,360.0,566.094177039896,16.778534976765513,3758.885469986126,7348.817903596021
1788072558,50,,Aggregated,13.200000,0.100000,360,590,790,950,1400,1800,2300,2600,3400,3800,3800,6552,62,360.0,564.9220488647964,16.778534976765513,3758.885469986126,7344.328601953602
1788072559,50,,Aggregated,12.700000,0.100000,360,590,790,950,1400,1800,2300,2600,3400,3800,3800,6565,62,360.0,564.3017665889137,16.778534976765513,3758.885469986126,7342.94866717441
1788072560,50,,Aggregated,12.600000,0.100000,360,590,790,940,1400,1800,2300,2600,3400,3800,3800,6577,62,360.0,563.4579339635105,16.778534976765513,3758.885469986126,7341.649384217729
1788072561,50,,Aggregated,13.000000,0.100000,360,590,790,940,1400,1800,2300,2600,3400,3800,3800,6590,62,360.0,562.9172750243815,16.778534976765513,3758.885469986126,7346.095447647951
1788072562,50,,Aggregated,12.800000,0.100000,350,580,780,940,1400,1800,2300,2600,3400,3800,3800,6603,62,350.0,561.9167261404696,16.778534976765513,3758.885469986126,7345.406633348478
1788072563,50,,Aggregated,12.800000,0.100000,350,580,780,940,1400,1800,2300,2600,3400,3800,3800,6615,62,350.0,561.2212573931337,16.778534976765513,3758.885469986126,7344.3649281934995
1788072564,50,,Aggregated,13.100000,0.100000,350,580,780,940,1400,1800,2300,2600,3400,3800,3800,6628,62,350.0,560.4433475505781,16.778534976765513,3758.885469986126,7343.227821363911
1788072565,50,,Aggregated,13.800000,0.100000,350,580,780,940,1400,1800,2300,2600,3400,3800,3800,6641,63,350.0,559.5774100811182,16.778534976765513,3758.885469986126,7339.504291522361
1788072566,50,,Aggregated,14.300000,0.100000,350,580,780,940,1400,1800,2300,2600,3400,3800,3800,6653,63,350.0,558.9191480038592,16.778534976765513,3758.885469986126,7336.397264392003
1788072567,50,,Aggregated,14.100000,0.100000,350,580,780,940,1400,1800,2300,2600,3400,3800,3800,6671,64,350.0,558.3160013914861,16.778534976765513,3758.885469986126,7332.934042872133
1788072568,50,,Aggregated,12.600000,0.100000,350,580,780,940,1400,1800,2300,2600,3400,3800,3800,6677,64,350.0,558.1703162431631,16.778534976765513,3758.885469986126,7336.137786431032
1788072569,50,,Aggregated,13.300000,0.100000,350,580,780,940,1300,1800,2300,2600,3400,3800,3800,6692,64,350.0,558.0073469472231,16.778534976765513,3758.885469986126,7332.480573819486
1788072570,50,,Aggregated,12.500000,0.200000,350,580,780,940,1300,1800,2300,2600,3400,3800,3800,6706,64,350.0,557.9338055401565,16.778534976765513,3758.885469986126,7332.072323292574
1788072571,50,,Aggregated,12.200000,0.200000,350,580,780,940,1300,1800,2300,2600,3400,3800,3800,6723,64,350.0,557.8571235847695,16.778534976765513,3758.885469986126,7332.40339134315
1788072572,50,,Aggregated,12.600000,0.200000,350,570,780,940,1300,1800,2300,2600,3400,3800,3800,6727,65,350.0,557.7992275897876,16.778534976765513,3758.885469986126,7330.704325851048
1788072573,50,,Aggregated,13.000000,0.200000,350,580,780,940,1300,1800,2300,2600,3400,3800,3800,6746,65,350.0,558.4185687257537,16.778534976765513,3758.885469986126,7332.100207530389
1788072574,50,,Aggregated,12.500000,0.300000,350,580,780,940,1300,1800,2300,2600,3400,3800,3800,6758,65,350.0,558.2802565266732,16.778534976765513,3758.885469986126,7333.777744894939
1788072575,50,,Aggregated,12.500000,0.300000,350,580,780,940,1300,1800,2300,2600,3400,3800,3800,6769,65,350.0,557.8245377610193,16.778534976765513,3758.885469986126,7332.70113753878
1788072576,50,,Aggregated,13.000000,0.300000,350,580,780,940,1300,1800,2300,2600,3400,3800,3800,6781,65,350.0,558.2437226718066,16.778534976765513,3758.885469986126,7335.798997198053
1788072577,50,,Aggregated,12.500000,0.300000,350,580,780,940,1300,1800,2300,2600,3400,3800,3800,6791,65,350.0,558.2234121224044,16.778534976765513,3758.885469986126,7334.901340008835
1788072578,50,,Aggregated,12.500000,0.200000,350,580,780,940,1300,1800,2300,2600,3400,3800,3800,6807,65,350.0,558.4649317716572,16.778534976765513,3758.885469986126,7336.810048479507
1788072579,50,,Aggregated,11.900000,0.200000,350,580,780,940,1300,1800,2300,2600,3400,3800,3800,6815,65,350.0,558.0660367517453,16.778534976765513,3758.885469986126,7339.121936903888
1788072580,50,,Aggregated,13.000000,0.100000,350,570,770,930,1300,1800,2300,2600,3400,3800,3800,6835,65,350.0,556.6324728734222,16.778534976765513,3758.885469986126,7337.1765910753475
1788072581,50,,Aggregated,12.500000,0.100000,350,570,770,930,1300,1800,2300,2600,3400,3800,3800,6850,66,350.0,555.814682968933,16.778534976765513,3758.885469986126,7336.431824817519
1788072582,50,,Aggregated,12.600000,0.100000,350,570,770,930,1300,1800,2300,2600,3400,3800,3800,6861,66,350.0,555.4714994721216,16.778534976765513,3758.885469986126,7337.935723655444
1788072583,50,,Aggregated,12.300000,0.100000,350,570,770,930,1300,1800,2300,2600,3400,3800,3800,6870,67,350.0,554.8696336108009,16.778534976765513,3758.885469986126,7336.012081513828
1788072584,50,,Aggregated,12.700000,0.100000,350,570,770,930,1300,1800,2300,2600,3400,3800,3800,6874,67,350.0,554.6159179861096,16.778534976765513,3758.885469986126,7335.346814082049
1788072585,50,,Aggregated,12.500000,0.100000,350,570,770,930,1300,1800,2300,2600,3400,3800,3800,6884,67,350.0,555.2337883664122,16.778534976765513,3758.885469986126,7334.412696106914
1788072586,50,,Aggregated,11.900000,0.200000,350,570,770,930,1300,1800,2300,2600,3400,3800,3800,6910,67,350.0,555.8459909251715,16.778534976765513,3758.885469986126,7331.520549927641
1788072587,50,,Aggregated,10.900000,0.200000,350,570,770,930,1300,1800,2300,2600,3400,3800,3800,6919,67,350.0,555.3236379518847,16.778534976765513,3758.885469986126,7330.26636797225
1788072588,50,,Aggregated,12.400000,0.200000,350,570,770,930,1300,1800,2300,2600,3400,3800,3800,6929,68,350.0,554.8347921683878,16.778534976765513,3758.885469986126,7329.14186751335
1788072589,50,,Aggregated,13.000000,0.200000,350,570,770,930,1300,1800,2300,2600,3400,3800,3800,6948,68,350.0,554.3267003647062,16.778534976765513,3758.885469986126,7330.46243523316
1788072590,50,,Aggregated,11.700000,0.200000,350,570,770,930,1300,1700,2300,2600,3400,3800,3800,6961,68,350.0,553.4426157021992,16.778534976765513,3758.885469986126,7331.79873581382
1788072591,50,,Aggregated,12.800000,0.300000,350,570,770,930,1300,1700,2300,2600,3400,3800,3800,6976,68,350.0,552.6782722456553,16.778534976765513,3758.885469986126,7328.860951834862
1788072592,50,,Aggregated,12.500000,0.300000,350,570,770,930,1300,1700,2300,2600,3400,3800,3800,6988,68,350.0,552.4925442865162,16.778534976765513,3758.885469986126,7329.104464796795
1788072593,50,,Aggregated,12.600000,0.300000,350,570,770,920,1300,1700,2300,2600,3400,3800,3800,7002,68,350.0,552.1716077454091,16.778534976765513,3758.885469986126,7328.852327906313
1788072594,50,,Aggregated,12.600000,0.200000,350,570,770,920,1300,1700,2300,2600,3400,3800,3800,7014,68,350.0,551.8756452152168,16.778534976765513,3758.885469986126,7330.516110635871
1788072595,50,,Aggregated,13.200000,0.200000,350,570,770,920,1300,1700,2300,2600,3400,3800,3800,7025,68,350.0,551.1763221802673,16.778534976765513,3758.885469986126,7327.2529537366545
1788072596,50,,Aggregated,13.700000,0.100000,350,570,770,920,1300,1700,2300,2600,3400,3800,3800,7039,68,350.0,550.6444909466101,16.778534976765513,3758.885469986126,7327.642704929677
1788072597,50,,Aggregated,14.300000,0.100000,350,570,770,920,1300,1700,2300,2600,3400,3800,3800,7060,68,350.0,550.5601451347026,16.778534976765513,3758.885469986126,7331.405099150142
1788072598,50,,Aggregated,13.400000,0.100000,350,570,760,920,1300,1700,2300,2600,3400,3800,3800,7074,68,350.0,549.668790055173,16.778534976765513,3758.885469986126,7327.263217415889
1788072599,50,,Aggregated,12.800000,0.100000,350,570,760,920,1300,1700,2300,2600,3400,3800,3800,7085,68,350.0,549.6199133646547,16.778534976765513,3758.885469986126,7326.922088920254
1788072600,50,,Aggregated,14.000000,0.100000,350,570,760,920,1300,1700,2300,2600,3400,3800,3800,7099,68,350.0,549.2345549236783,16.778534976765513,3758.885469986126,7326.345823355402
1788072601,50,,Aggregated,13.600000,0.000000,350,560,760,920,1300,1700,2300,2600,3400,3800,3800,7114,68,350.0,548.4263333399032,16.778534976765513,3758.885469986126,7324.325836378971
1788072602,50,,Aggregated,13.600000,0.000000,350,560,760,920,1300,1700,2300,2600,3400,3800,3800,7120,68,350.0,548.1573384025284,16.778534976765513,3758.885469986126,7326.051825842696
1788072603,50,,Aggregated,13.700000,0.000000,350,560,760,910,1300,1700,2300,2600,3400,3800,3800,7126,68,350.0,548.252906973216,16.778534976765513,3758.885469986126,7324.070586584339
1788072604,50,,Aggregated,13.500000,0.000000,350,570,760,920,1300,1700,2300,2600,3400,3800,3800,7144,68,350.0,549.4742187272318,16.778534976765513,3758.885469986126,7328.02225643897
1788072605,50,,Aggregated,12.700000,0.000000,350,570,770,920,1300,1700,2300,2600,3400,3800,3800,7160,68,350.0,550.420949899581,16.778534976765513,3758.885469986126,7326.639525139665
1788072606,50,,Aggregated,11.900000,0.000000,350,570,770,920,1300,1700,2300,2600,3400,3800,3800,7176,69,350.0,550.5277910544612,16.778534976765513,3758.885469986126,7324.555323299888
1788072607,50,,Aggregated,12.900000,0.000000,350,570,770,920,1300,1700,2300,2600,3400,3800,3800,7187,69,350.0,550.078753917248,16.778534976765513,3758.885469986126,7324.47126756644
1788072608,50,,Aggregated,13.100000,0.000000,350,570,760,920,1300,1700,2300,2600,3400,3800,3800,7199,69,350.0,549.5525173139985,16.778534976765513,3758.885469986126,7328.785525767467
1788072609,50,,Aggregated,13.500000,0.100000,350,570,760,910,1300,1700,2300,2600,3400,3800,3800,7212,69,350.0,548.7294729106674,16.778534976765513,3758.885469986126,7330.056988352745
1788072610,50,,Aggregated,12.500000,0.100000,350,570,760,910,1300,1700,2300,2600,3400,3800,3800,7223,69,350.0,548.3389020854319,16.778534976765513,3758.885469986126,7326.470995431261
1788072611,50,,Aggregated,12.800000,0.100000,350,570,760,910,1300,1700,2300,2600,3400,3800,3800,7234,70,350.0,548.4195636971067,16.778534976765513,3758.885469986126,7327.779236936688
1788072612,50,,Aggregated,12.300000,0.100000,350,570,760,910,1300,1700,2300,2600,3400,3800,3800,7258,70,350.0,548.7355707779736,16.778534976765513,3758.885469986126,7321.602507577845
1788072613,50,,Aggregated,12.100000,0.100000,350,570,760,910,1300,1700,2300,2600,3400,3800,3800,7272,70,350.0,548.8500372514426,16.778534976765513,3758.885469986126,7323.414053905391
1788072614,50,,Aggregated,12.000000,0.200000,350,570,760,910,1300,1700,2300,2600,3400,3800,3800,7279,70,350.0,548.4468588687217,16.778534976765513,3758.885469986126,7324.22846544855
1788072615,50,,Aggregated,13.600000,0.200000,350,570,760,910,1300,1700,2300,2600,3400,3800,3800,7293,70,350.0,547.8396775434272,16.778534976765513,3758.885469986126,7327.017688194159
1788072616,50,,Aggregated,14.400000,0.200000,350,560,760,910,1300,1700,2300,2600,3400,3800,3800,7308,70,350.0,546.8494259912205,16.778534976765513,3758.885469986126,7324.622194854954
1788072617,50,,Aggregated,13.400000,0.200000,350,560,760,910,1300,1700,2300,2600,3400,3800,3800,7313,70,350.0,546.58737412776,16.778534976765513,3758.885469986126,7322.305073157391
1788072619,50,,Aggregated,13.100000,0.200000,350,560,760,910,1300,1700,2300,2600,3400,3800,3800,7321,70,350.0,546.5565541590069,16.778534976765513,3758.885469986126,7322.158448299413
1788072620,50,,Aggregated,12.500000,0.100000,350,570,760,910,1300,1700,2300,2600,3400,3800,3800,7333,70,350.0,547.6051984957743,16.778534976765513,3758.885469986126,7323.293604254739
1788072621,50,,Aggregated,11.800000,0.100000,350,570,760,910,1300,1700,2300,2600,3400,3800,3800,7336,70,350.0,547.8849931838546,16.778534976765513,3758.885469986126,7323.199154852781
1788072622,50,,Aggregated,11.800000,0.100000,350,570,760,910,1300,1700,2300,2600,3400,3800,3800,7345,70,350.0,549.4698748939371,16.778534976765513,3758.885469986126,7321.054594962559
1788072623,50,,Aggregated,12.000000,0.100000,350,570,770,920,1300,1800,2300,2600,3400,3800,3800,7353,70,350.0,551.3490205781701,16.778534976765513,3758.885469986126,7319.31551747586
1788072624,50,,Aggregated,11.100000,0.000000,350,570,770,930,1400,1800,2300,2700,3500,3800,3800,7380,70,350.0,558.0379056638589,16.778534976765513,3758.885469986126,7325.296341463415
1788072625,50,,Aggregated,11.100000,0.000000,350,570,770,930,1300,1800,2300,2700,3500,3800,3800,7393,70,350.0,558.0227679307069,16.778534976765513,3758.885469986126,7330.799404842419
1788072626,50,,Aggregated,10.500000,0.000000,350,570,770,930,1300,1800,2300,2700,3500,3800,3800,7403,71,350.0,557.5285590303212,16.778534976765513,3758.885469986126,7328.756990409293
1788072627,50,,Aggregated,10.500000,0.000000,350,570,770,930,1300,1800,2300,2700,3500,3800,3800,7413,72,350.0,557.7796636844732,16.778534976765513,3758.885469986126,7325.850937542155
1788072628,50,,Aggregated,10.600000,0.100000,350,580,770,930,1300,1800,2300,2700,3500,3800,3800,7431,72,350.0,558.7664865173651,16.778534976765513,3758.885469986126,7322.498721571794
1788072629,50,,Aggregated,10.400000,0.200000,350,580,770,930,1400,1800,2300,2700,3500,3800,3800,7436,72,350.0,559.131115223871,16.778534976765513,3758.885469986126,7323.601398601399
1788072630,50,,Aggregated,10.400000,0.200000,350,580,780,930,1400,1800,2300,2700,3500,3800,3800,7444,72,350.0,559.965556678735,16.778534976765513,3758.885469986126,7325.406233207953
1788072631,50,,Aggregated,11.400000,0.200000,350,580,780,930,1400,1800,2300,2700,3500,3800,3800,7459,72,350.0,560.6787994517148,16.778534976765513,3758.885469986126,7328.038074808956
1788072632,50,,Aggregated,11.200000,0.200000,350,580,780,930,1400,1800,2300,2700,3500,3800,3800,7475,72,350.0,560.3457161455873,16.778534976765513,3758.885469986126,7327.918528428094
1788072633,50,,Aggregated,12.200000,0.200000,350,580,780,930,1400,1800,2300,2700,3500,3800,3800,7482,72,350.0,560.1726313064919,16.778534976765513,3758.885469986126,7326.391339214114
1788072634,50,,Aggregated,12.900000,0.200000,350,580,780,930,1400,1800,2300,2700,3500,3800,3800,7491,72,350.0,560.4029322175344,16.778534976765513,3758.885469986126,7325.9567480977175
1788072635,50,,Aggregated,12.800000,0.200000,350,580,780,930,1400,1800,2300,2700,3500,3800,3800,7504,72,350.0,561.3987352857592,16.778534976765513,3758.885469986126,7326.966817697228
1788072636,50,,Aggregated,10.800000,0.200000,360,580,780,930,1400,1800,2300,2700,3500,3800,3800,7519,72,360.0,562.3160429404904,16.778534976765513,3758.885469986126,7327.3616172363345
1788072637,50,,Aggregated,10.900000,0.200000,360,580,780,930,1400,1800,2300,2700,3500,3800,3800,7533,73,360.0,562.4981278779358,16.778534976765513,3758.885469986126,7328.747245453339
1788072638,50,,Aggregated,11.500000,0.100000,350,580,780,930,1400,1800,2300,2700,3500,3800,3800,7547,74,350.0,561.7878894037547,16.778534976765513,3758.885469986126,7328.7031933218495
1788072639,50,,Aggregated,11.400000,0.100000,350,580,780,930,1400,1800,2300,2700,3500,3800,3800,7558,75,350.0,561.1739295877843,16.778534976765513,3758.885469986126,7327.217385551733
1788072640,50,,Aggregated,11.600000,0.200000,350,580,780,930,1400,1800,2300,2700,3500,3800,3800,7566,75,350.0,561.2131334738345,16.778534976765513,3758.885469986126,7329.465767909067
1788072641,50,,Aggregated,12.100000,0.300000,350,580,780,930,1400,1800,2300,2700,3500,3800,3800,7573,75,350.0,561.6227365537316,16.778534976765513,3758.885469986126,7330.420441040539
1788072642,50,,Aggregated,11.900000,0.300000,360,590,780,940,1400,1800,2300,2700,3500,3800,3800,7585,75,360.0,562.4700713734496,16.778534976765513,3758.885469986126,7329.360711931444
1788072643,50,,Aggregated,11.200000,0.300000,360,590,780,940,1400,1800,2300,2700,3500,3800,3800,7596,75,360.0,563.597748940694,16.778534976765513,3758.885469986126,7327.806740389678
1788072644,50,,Aggregated,10.700000,0.300000,360,590,790,940,1400,1800,2300,2700,3500,3800,3800,7618,75,360.0,565.8110830455824,16.778534976765513,3758.885469986126,7331.111315305855
1788072645,50,,Aggregated,11.100000,0.300000,360,590,790,940,1400,1800,2300,2700,3500,3800,3800,7631,75,360.0,565.1012734486388,16.778534976765513,3758.885469986126,7328.982833180448
1788072646,50,,Aggregated,12.300000,0.300000,360,590,790,940,1400,1800,2300,2700,3500,3800,3800,7643,76,360.0,564.4274206227234,16.778534976765513,3758.885469986126,7328.190501112129
1788072647,50,,Aggregated,12.600000,0.300000,360,590,790,940,1400,1800,2300,2700,3500,3800,3800,7650,76,360.0,564.046585200038,16.778534976765513,3758.885469986126,7328.421699346405
1788072648,50,,Aggregated,12.400000,0.400000,360,590,790,940,1400,1800,2300,2700,3500,3800,3800,7663,77,360.0,563.984748750516,16.778534976765513,3758.885469986126,7328.761581625995
1788072649,50,,Aggregated,12.000000,0.300000,360,590,780,940,1400,1800,2300,2700,3500,3800,3800,7675,79,360.0,563.9927935039971,16.778534976765513,3758.885469986126,7325.414332247557
1788072650,50,,Aggregated,11.200000,0.200000,360,590,790,940,1400,1800,2300,2700,3500,3800,3800,7685,79,360.0,564.3831676501774,16.778534976765513,3758.885469986126,7326.98985035784
1788072651,50,,Aggregated,11.200000,0.400000,360,590,790,940,1400,1800,2300,2700,3500,3800,3800,7702,79,360.0,565.0864429199648,16.778534976765513,3758.885469986126,7327.88029083355
1788072652,50,,Aggregated,11.600000,0.400000,360,590,790,940,1400,1800,2300,2700,3500,3800,3800,7711,79,360.0,564.9422062600471,16.778534976765513,3758.885469986126,7329.377382959408
1788072653,50,,Aggregated,12.500000,0.400000,360,590,780,940,1400,1800,2300,2700,3500,3800,3800,7730,79,360.0,564.7508079074336,16.778534976765513,3758.885469986126,7332.020827943079
1788072654,50,,Aggregated,12.600000,0.400000,360,590,780,940,1400,1800,2300,2700,3500,3800,3800,7744,79,360.0,563.8475735452156,16.778534976765513,3758.885469986126,7328.609116735537
1788072655,50,,Aggregated,13.100000,0.400000,360,590,780,940,1400,1800,2300,2700,3500,3800,3800,7755,80,360.0,563.7348449038105,16.778534976765513,3758.885469986126,7329.304061895551
1788072656,50,,Aggregated,12.900000,0.400000,360,590,780,940,1400,1800,2300,2700,3500,3800,3800,7774,82,360.0,562.6644073399217,16.778534976765513,3758.885469986126,7328.800874710574
1788072657,50,,Aggregated,12.000000,0.400000,360,590,780,940,1400,1800,2300,2700,3500,3800,3800,7782,82,360.0,562.1683019803922,16.778534976765513,3758.885469986126,7327.885890516577
1788072658,50,,Aggregated,12.500000,0.600000,360,590,780,940,1400,1800,2300,2700,3500,3800,3800,7791,82,360.0,562.0935281421922,16.778534976765513,3758.885469986126,7329.703632396355
1788072659,50,,Aggregated,13.200000,0.600000,360,590,780,940,1400,1800,2300,2700,3500,3800,3800,7806,82,360.0,562.2623816567186,16.778534976765513,3758.885469986126,7326.025493210351
1788072660,50,,Aggregated,13.100000,0.600000,360,590,780,940,1400,1800,2300,2700,3500,3800,3800,7819,82,360.0,562.9600962379004,16.778534976765513,3758.885469986126,7327.686277017521
1788072661,50,,Aggregated,12.800000,0.300000,360,590,780,940,1400,1800,2300,2700,3500,3800,3800,7833,83,360.0,563.6552475058954,16.778534976765513,3758.885469986126,7325.977913953785
1788072662,50,,Aggregated,12.900000,0.300000,360,590,780,940,1400,1800,2300,2700,3500,3800,3800,7847,83,360.0,563.6726683390527,13.870269991457462,3758.885469986126,7325.935261883523
1788072663,50,,Aggregated,12.700000,0.300000,360,590,780,940,1400,1800,2300,2700,3500,3800,3800,7859,83,360.0,563.3313961604139,13.870269991457462,3758.885469986126,7323.903550069984
1788072664,50,,Aggregated,13.600000,0.400000,360,590,780,940,1400,1800,2300,2700,3500,3800,3800,7877,83,360.0,562.8335009752236,13.870269991457462,3758.885469986126,7322.137234987939
1788072665,50,,Aggregated,12.700000,0.400000,360,590,780,930,1400,1800,2300,2700,3500,3800,3800,7889,84,360.0,562.2466459378587,13.870269991457462,3758.885469986126,7320.555203447839
1788072666,50,,Aggregated,12.600000,0.400000,360,590,780,930,1400,1800,2300,2700,3500,3800,3800,7908,84,360.0,561.3011598178553,13.870269991457462,3758.885469986126,7317.802099140111
1788072667,50,,Aggregated,13.200000,0.400000,360,580,780,930,1400,1800,2300,2700,3500,3800,3800,7921,84,360.0,560.5839886173503,13.870269991457462,3758.885469986126,7322.370660270168
1788072668,50,,Aggregated,13.200000,0.200000,360,580,780,930,1400,1800,2300,2700,3500,3800,3800,7931,84,360.0,560.1939743524987,13.870269991457462,3758.885469986126,7319.512923969235
1788072669,50,,Aggregated,13.100000,0.200000,360,580,780,930,1400,1800,2300,2700,3500,3800,3800,7942,84,360.0,559.894237898218,13.870269991457462,3758.885469986126,7320.450264417023
1788072670,50,,Aggregated,13.700000,0.200000,360,580,780,930,1400,1800,2300,2700,3500,3800,3800,7948,84,360.0,560.0399994515466,13.870269991457462,3758.885469986126,7320.98112732763
1788072671,50,,Aggregated,13.900000,0.200000,360,580,780,930,1400,1800,2300,2700,3500,3800,3800,7961,84,360.0,560.3067229218271,13.870269991457462,3758.885469986126,7321.549679688482
1788072672,50,,Aggregated,13.400000,0.200000,360,580,780,930,1400,1800,2300,2700,3500,3800,3800,7977,85,360.0,560.6547017826996,13.870269991457462,3758.885469986126,7322.090635577285
1788072673,50,,Aggregated,13.100000,0.200000,360,580,780,930,1400,1800,2300,2700,3500,3800,3800,7985,85,360.0,560.216708993685,13.870269991457462,3758.885469986126,7320.44959298685
1788072674,50,,Aggregated,11.900000,0.100000,360,580,780,930,1400,1800,2300,2700,3500,3800,3800,7995,85,360.0,560.4161912375005,13.870269991457462,3758.885469986126,7321.64765478424
1788072675,50,,Aggregated,12.800000,0.200000,360,580,780,930,1400,1800,2300,2700,3500,3800,3800,8009,85,360.0,560.7068310117886,13.870269991457462,3758.885469986126,7320.921713072793
1788072676,50,,Aggregated,12.200000,0.200000,360,590,780,930,1400,1800,2300,2700,3500,3800,3800,8022,85,360.0,561.2076371205807,13.870269991457462,3758.885469986126,7321.392171528297
1788072677,50,,Aggregated,11.600000,0.200000,360,580,780,930,1400,1800,2300,2700,3500,3800,3800,8040,85,360.0,560.5639353080303,13.870269991457462,3758.885469986126,7318.470646766169
1788072678,50,,Aggregated,11.400000,0.100000,360,580,780,930,1400,1800,2300,2700,3500,3800,3800,8053,85,360.0,559.8390053289653,13.870269991457462,3758.885469986126,7315.689556686949
1788072679,50,,Aggregated,11.600000,0.100000,360,580,780,930,1400,1800,2300,2700,3500,3800,3800,8067,85,360.0,559.716318388655,13.870269991457462,3758.885469986126,7317.026279905789
1788072680,50,,Aggregated,11.800000,0.100000,360,580,780,930,1400,1800,2300,2700,3500,3800,3800,8083,85,360.0,559.7338994681689,13.870269991457462,3758.885469986126,7314.264629469257
1788072681,50,,Aggregated,12.000000,0.100000,360,580,780,930,1400,1800,2300,2700,3500,3800,3800,8100,85,360.0,558.9214885147737,13.870269991457462,3758.885469986126,7316.263456790123
1788072682,50,,Aggregated,12.700000,0.100000,360,580,770,930,1400,1800,2300,2700,3500,3800,3800,8117,85,360.0,557.8946853973874,13.870269991457462,3758.885469986126,7316.845016631761
1788072683,50,,Aggregated,13.400000,0.100000,350,580,770,920,1300,1800,2300,2700,3500,3800,3800,8133,85,350.0,557.0352798503063,13.870269991457462,3758.885469986126,7317.048198696668
1788072684,50,,Aggregated,14.000000,0.100000,350,580,770,920,1300,1800,2300,2700,3500,3800,3800,8146,85,350.0,556.3208317200798,13.870269991457462,3758.885469986126,7316.244782715443
1788072685,50,,Aggregated,13.900000,0.000000,350,580,770,920,1300,1800,2300,2700,3500,3800,3800,8158,85,350.0,555.7622820492315,13.870269991457462,3758.885469986126,7316.035670507477
1788072687,50,,Aggregated,14.700000,0.000000,350,570,770,920,1300,1800,2300,2700,3500,3800,3800,8175,85,350.0,554.9609392693135,13.870269991457462,3758.885469986126,7314.217125382263
1788072688,50,,Aggregated,14.800000,0.000000,350,570,770,920,1300,1800,2300,2700,3500,3800,3800,8191,85,350.0,554.1228815120309,13.870269991457462,3758.885469986126,7312.435355878403
1788072689,50,,Aggregated,14.800000,0.000000,350,570,770,920,1300,1800,2300,2700,3500,3800,3800,8206,86,350.0,553.4070342863826,13.870269991457462,3758.885469986126,7308.9227394589325
1788072690,50,,Aggregated,14.900000,0.000000,350,570,770,920,1300,1800,2300,2700,3500,3800,3800,8213,86,350.0,553.2235182219844,13.870269991457462,3758.885469986126,7304.800438329477
1788072691,50,,Aggregated,15.100000,0.100000,350,570,770,920,1300,1800,2300,2700,3500,3800,3800,8229,86,350.0,553.8587955193682,13.870269991457462,3758.885469986126,7306.314375987362
1788072692,50,,Aggregated,15.100000,0.100000,350,570,770,920,1300,1800,2300,2700,3500,3800,3800,8243,87,350.0,553.8342945633815,13.870269991457462,3758.885469986126,7306.445954142909
1788072693,50,,Aggregated,14.400000,0.100000,350,570,770,920,1300,1800,2300,2700,3500,3800,3800,8248,87,350.0,554.0232350954085,13.870269991457462,3758.885469986126,7306.587293889428
1788072694,50,,Aggregated,14.100000,0.200000,350,570,770,920,1300,1800,2300,2700,3500,3800,3800,8261,87,350.0,554.9199170595439,13.870269991457462,3758.885469986126,7307.359520639147
1788072695,50,,Aggregated,14.100000,0.200000,350,570,770,920,1300,1800,2300,2700,3500,3800,3800,8266,87,350.0,555.2526529123608,13.870269991457462,3758.885469986126,7308.209049116865
1788072696,50,,Aggregated,12.600000,0.200000,350,580,770,930,1300,1800,2300,2700,3500,3800,3800,8276,87,350.0,556.2047899916258,13.870269991457462,3758.885469986126,7309.313194780087
1788072697,50,,Aggregated,11.900000,0.200000,350,580,770,930,1400,1800,2300,2700,3500,3800,3800,8293,87,350.0,557.9444088696392,13.870269991457462,3758.885469986126,7311.162908477028
1788072698,50,,Aggregated,11.900000,0.200000,350,580,770,930,1400,1800,2300,2600,3500,3800,3800,8305,87,350.0,558.0647903603593,13.870269991457462,3758.885469986126,7310.412161348585
1788072699,50,,Aggregated,11.500000,0.200000,360,580,780,930,1400,1800,2300,2600,3500,3800,3800,8314,87,360.0,558.5105126961798,13.870269991457462,3758.885469986126,7310.498075535242
1788072700,50,,Aggregated,11.500000,0.200000,350,580,770,930,1400,1800,2300,2600,3500,3800,3800,8327,87,350.0,558.3183167846651,13.870269991457462,3758.885469986126,7308.9286657859975
1788072701,50,,Aggregated,11.500000,0.200000,360,580,770,930,1400,1800,2300,2600,3500,3800,3800,8333,87,360.0,558.3230583188318,13.870269991457462,3758.885469986126,7309.54326173047
1788072702,50,,Aggregated,11.100000,0.100000,360,580,780,930,1400,1800,2300,2600,3500,3800,3800,8339,87,360.0,558.7634709444511,13.870269991457462,3758.885469986126,7307.501858736059
1788072703,50,,Aggregated,10.500000,0.100000,360,580,780,930,1400,1800,2300,2700,3500,3800,3800,8348,87,360.0,559.9584615786621,13.870269991457462,3758.885469986126,7307.122424532822
1788072704,50,,Aggregated,9.500000,0.000000,360,590,780,940,1400,1800,2300,2700,3500,3800,3800,8364,87,360.0,562.70692390878,13.870269991457462,3758.885469986126,7312.174916307987
1788072705,50,,Aggregated,9.500000,0.000000,360,590,780,940,1400,1800,2300,2700,3500,3800,3800,8379,87,360.0,563.9828852025377,13.870269991457462,3758.885469986126,7309.214464733262
1788072706,50,,Aggregated,10.000000,0.000000,360,590,780,940,1400,1800,2300,2700,3500,3800,3800,8397,87,360.0,564.0130606215142,13.870269991457462,3758.885469986126,7312.023103489341
1788072707,50,,Aggregated,11.300000,0.000000,360,590,780,940,1400,1800,2300,2700,3500,3800,3800,8404,87,360.0,563.9136631368626,13.870269991457462,3758.885469986126,7313.694193241314
1788072708,50,,Aggregated,11.800000,0.000000,360,590,780,940,1400,1800,2300,2700,3500,3800,3800,8410,87,360.0,564.0120687269119,13.870269991457462,3758.885469986126,7313.813912009513
1788072709,50,,Aggregated,11.000000,0.000000,360,590,780,940,1400,1800,2300,2700,3500,3800,3800,8433,87,360.0,564.5416613334295,13.870269991457462,3758.885469986126,7310.841811929326
1788072710,50,,Aggregated,10.400000,0.000000,360,590,780,940,1400,1800,2300,2700,3500,3800,3800,8446,87,360.0,563.8347918777437,13.870269991457462,3758.885469986126,7308.440326781909
1788072711,50,,Aggregated,11.400000,0.000000,360,590,780,940,1400,1800,2300,2700,3500,3800,3800,8459,87,360.0,563.1867679645652,13.870269991457462,3758.885469986126,7308.85991251921
1788072712,50,,Aggregated,12.000000,0.000000,360,590,780,940,1400,1800,2300,2700,3500,3800,3800,8472,87,360.0,562.7616759073811,13.870269991457462,3758.885469986126,7305.731232294617
1788072713,50,,Aggregated,12.300000,0.000000,360,590,780,940,1400,1800,2300,2700,3500,3800,3800,8480,87,360.0,562.4645328624745,13.870269991457462,3758.885469986126,7305.540919811321
1788072714,50,,Aggregated,12.500000,0.000000,360,590,780,940,1400,1800,2300,2700,3500,3800,3800,8487,87,360.0,562.7765817006356,13.870269991457462,3758.885469986126,7305.125603864734
1788072715,50,,Aggregated,13.300000,0.000000,360,590,780,940,1400,1800,2300,2700,3500,3800,3800,8503,87,360.0,564.5107986541252,13.870269991457462,3758.885469986126,7306.627072797836
1788072716,50,,Aggregated,12.400000,0.000000,360,590,780,940,1400,1800,2300,2700,3500,3800,3800,8517,87,360.0,564.6875517054799,13.870269991457462,3758.885469986126,7310.424680051661
1788072717,50,,Aggregated,11.300000,0.000000,360,590,780,940,1400,1800,2300,2700,3500,3800,3800,8523,87,360.0,564.5605358171665,13.870269991457462,3758.885469986126,7312.6867300246395
1788072718,50,,Aggregated,11.600000,0.000000,360,590,780,940,1400,1800,2300,2700,3500,3800,3800,8532,87,360.0,565.0087178430327,13.870269991457462,3758.885469986126,7314.921589310829
1788072719,50,,Aggregated,12.000000,0.000000,360,590,790,940,1400,1800,2300,2700,3500,3800,3800,8545,87,360.0,565.5488045000612,13.870269991457462,3758.885469986126,7316.385956699824
1788072720,50,,Aggregated,11.700000,0.000000,360,590,790,940,1400,1800,2300,2700,3500,3800,3800,8567,87,360.0,565.9290991438553,13.870269991457462,3758.885469986126,7314.370374693592
1788072721,50,,Aggregated,11.300000,0.000000,360,590,780,940,1400,1800,2300,2700,3500,3800,3800,8577,87,360.0,565.5830499980884,13.870269991457462,3758.885469986126,7315.428588084412
1788072722,50,,Aggregated,10.900000,0.000000,360,590,780,940,1400,1800,2300,2700,3500,3800,3800,8593,87,360.0,565.2299180092169,13.870269991457462,3758.885469986126,7317.483183986966
1788072723,50,,Aggregated,11.400000,0.000000,360,590,780,940,1400,1800,2300,2700,3500,3800,3800,8606,87,360.0,564.7625869247489,13.870269991457462,3758.885469986126,7316.5289333023475
1788072724,50,,Aggregated,12.300000,0.000000,360,590,780,940,1400,1800,2300,2700,3500,3800,3800,8614,87,360.0,564.9078916552605,13.870269991457462,3758.885469986126,7318.088925005804
1788072725,50,,Aggregated,12.300000,0.000000,360,590,780,940,1400,1800,2300,2700,3500,3800,3800,8626,87,360.0,565.2964861172044,13.870269991457462,3758.885469986126,7319.791096684442
1788072726,50,,Aggregated,12.600000,0.000000,360,590,780,940,1400,1800,2300,2700,3500,3800,3800,8637,87,360.0,565.6053577622001,13.870269991457462,3758.885469986126,7319.720967928679
1788072727,50,,Aggregated,12.600000,0.000000,360,590,790,940,1400,1800,2300,2700,3500,3800,3800,8651,87,360.0,566.1355276702315,13.870269991457462,3758.885469986126,7319.264593688591
1788072728,50,,Aggregated,12.100000,0.000000,360,590,790,940,1400,1800,2300,2700,3500,3800,3800,8664,87,360.0,566.8245383744908,13.870269991457462,3758.885469986126,7318.591989843028
1788072729,50,,Aggregated,12.200000,0.000000,360,590,790,940,1400,1800,2300,2700,3500,3800,3800,8675,87,360.0,567.271451908714,13.870269991457462,3758.885469986126,7319.750547550432
1788072730,50,,Aggregated,12.800000,0.000000,360,590,790,940,1400,1800,2300,2700,3500,3800,3800,8692,87,360.0,567.4025143152321,13.870269991457462,3758.885469986126,7318.411642890013
1788072731,50,,Aggregated,12.600000,0.000000,360,590,790,940,1400,1800,2300,2700,3500,3800,3800,8701,87,360.0,567.1447453241799,13.870269991457462,3758.885469986126,7321.444661533157
1788072732,50,,Aggregated,13.100000,0.000000,360,590,780,940,1400,1800,2300,2700,3500,3800,3800,8710,87,360.0,566.74856675669,13.870269991457462,3758.885469986126,7321.340872560276
1788072733,50,,Aggregated,12.400000,0.000000,360,590,780,940,1400,1800,2300,2700,3500,3800,3800,8730,87,360.0,566.761917013164,13.870269991457462,3758.885469986126,7322.408705612829
1788072734,50,,Aggregated,11.900000,0.000000,360,590,780,940,1400,1800,2300,2700,3500,3800,3800,8744,88,360.0,565.9634508180291,13.870269991457462,3758.885469986126,7318.774359560842
1788072735,50,,Aggregated,11.100000,0.000000,360,590,780,940,1400,1800,2300,2700,3500,3800,3800,8762,88,360.0,565.0203102775819,13.870269991457462,3758.885469986126,7314.1161835197445
1788072736,50,,Aggregated,12.500000,0.000000,360,590,780,940,1400,1800,2300,2700,3500,3800,3800,8773,88,360.0,564.4360246665398,13.870269991457462,3758.885469986126,7313.3596261256125
1788072737,50,,Aggregated,13.400000,0.100000,360,590,780,940,1400,1800,2300,2700,3500,3800,3800,8784,88,360.0,563.9418548174538,13.870269991457462,3758.885469986126,7310.011839708561
1788072738,50,,Aggregated,13.600000,0.100000,360,590,780,940,1400,1800,2300,2700,3500,3800,3800,8801,89,360.0,564.4170484716864,13.870269991457462,3758.885469986126,7307.238154755141
1788072739,50,,Aggregated,13.500000,0.100000,360,590,780,940,1400,1800,2300,2700,3500,3800,3800,8822,89,360.0,563.9417761186405,13.870269991457462,3758.885469986126,7304.860462480163
1788072740,50,,Aggregated,13.300000,0.100000,360,590,780,940,1400,1800,2300,2700,3500,3800,3800,8829,89,360.0,563.5575191823779,13.870269991457462,3758.885469986126,7304.4263223468115
1788072741,50,,Aggregated,14.400000,0.200000,360,590,780,940,1400,1800,2300,2700,3500,3800,3800,8843,89,360.0,562.8212980995442,13.870269991457462,3758.885469986126,7303.238832975235
1788072742,50,,Aggregated,13.900000,0.200000,360,590,780,940,1400,1800,2300,2700,3500,3800,3800,8859,91,360.0,562.1524835830915,13.870269991457462,3758.885469986126,7301.204763517327
1788072743,50,,Aggregated,13.900000,0.200000,360,590,780,940,1400,1800,2300,2700,3500,3800,3800,8869,91,360.0,561.6648962509583,13.870269991457462,3758.885469986126,7298.604577742699
1788072744,50,,Aggregated,13.900000,0.200000,360,590,780,930,1400,1800,2300,2700,3500,3800,3800,8886,91,360.0,560.9595167388823,13.870269991457462,3758.885469986126,7300.666666666667
1788072745,50,,Aggregated,14.800000,0.400000,360,590,780,930,1400,1800,2300,2700,3500,3800,3800,8897,91,360.0,560.4910442080235,13.870269991457462,3758.885469986126,7298.307519388558
1788072746,50,,Aggregated,13.800000,0.400000,360,590,780,930,1400,1800,2300,2600,3500,3800,3800,8903,91,360.0,560.7116651874496,13.870269991457462,3758.885469986126,7299.824104234528
1788072747,50,,Aggregated,13.600000,0.300000,360,590,780,930,1400,1800,2300,2600,3500,3800,3800,8909,91,360.0,560.80885268948,13.870269991457462,3758.885469986126,7298.0166124144125
1788072748,50,,Aggregated,13.100000,0.300000,360,590,780,940,1400,1800,2300,2600,3500,3800,3800,8927,91,360.0,562.9567023377853,13.870269991457462,3758.885469986126,7297.722079085919
1788072749,50,,Aggregated,12.700000,0.300000,360,590,780,940,1400,1800,2300,2600,3500,3800,3800,8950,93,360.0,564.3107164607711,13.870269991457462,3758.885469986126,7297.368044692737
1788072750,50,,Aggregated,12.400000,0.300000,360,590,780,940,1400,1800,2300,2600,3500,3800,3800,8959,93,360.0,563.8626012113527,13.870269991457462,3758.885469986126,7302.928675075344
1788072751,50,,Aggregated,11.900000,0.300000,360,590,780,940,1400,1800,2300,2600,3500,3800,3800,8969,93,360.0,563.4269071869315,13.870269991457462,3758.885469986126,7302.997435611551
1788072753,50,,Aggregated,12.700000,0.400000,360,590,780,940,1400,1800,2300,2600,3500,3800,3800,8981,93,360.0,562.8512275644825,13.870269991457462,3758.885469986126,7305.442044315778
1788072754,50,,Aggregated,12.500000,0.400000,360,590,780,940,1400,1800,2300,2600,3500,3800,3800,8993,93,360.0,562.5660195625137,13.870269991457462,3758.885469986126,7302.768931391082
1788072755,50,,Aggregated,12.500000,0.400000,360,590,780,940,1400,1800,2300,2600,3500,3800,3800,8997,93,360.0,562.6784958249369,13.870269991457462,3758.885469986126,7302.9563187729245
1788072756,50,,Aggregated,12.000000,0.200000,360,590,780,940,1400,1800,2300,2600,3400,3800,3800,9004,93,360.0,563.4304836841515,13.870269991457462,3758.885469986126,7303.515992892048
1788072757,50,,Aggregated,11.900000,0.200000,360,590,780,940,1400,1800,2300,2600,3400,3800,3800,9021,93,360.0,565.5209462166589,13.870269991457462,3758.885469986126,7304.499612016406
1788072758,50,,Aggregated,10.700000,0.200000,360,590,790,950,1400,1800,2300,2600,3400,3800,3800,9039,93,360.0,566.9047471124212,13.870269991457462,3758.885469986126,7304.489434671977
1788072759,50,,Aggregated,11.700000,0.200000,360,590,790,950,1400,1800,2300,2600,3400,3800,3800,9048,93,360.0,567.3144220029808,13.870269991457462,3758.885469986126,7303.58465959328
1788072760,50,,Aggregated,12.700000,0.200000,360,590,790,950,1400,1800,2300,2600,3400,3800,3800,9068,93,360.0,567.9997921335693,13.870269991457462,3758.885469986126,7306.33601676224
1788072761,50,,Aggregated,11.600000,0.100000,360,590,790,950,1400,1800,2300,2600,3400,3800,3800,9079,93,360.0,567.5373695575504,13.870269991457462,3758.885469986126,7307.736534860667
1788072762,50,,Aggregated,11.300000,0.000000,360,590,790,950,1400,1800,2300,2600,3400,3800,3800,9089,93,360.0,567.0572626470043,13.870269991457462,3758.885469986126,7306.863461326879
1788072763,50,,Aggregated,11.300000,0.000000,360,590,790,950,1400,1800,2300,2600,3400,3800,3800,9095,93,360.0,566.8962796929857,13.870269991457462,3758.885469986126,7306.070698185817
1788072764,50,,Aggregated,11.900000,0.000000,360,590,790,950,1400,1800,2300,2600,3400,3800,3800,9104,93,360.0,567.4074723996813,13.870269991457462,3758.885469986126,7305.75637082601
1788072765,50,,Aggregated,11.400000,0.000000,360,590,790,950,1400,1800,2300,2600,3400,3800,3800,9117,93,360.0,568.7626120439521,13.870269991457462,3758.885469986126,7308.076560272019
1788072766,50,,Aggregated,11.100000,0.000000,360,600,800,950,1400,1800,2300,2600,3400,3800,3800,9129,93,360.0,569.9190317127931,13.870269991457462,3758.885469986126,7309.662723189835
1788072767,50,,Aggregated,11.700000,0.000000,360,600,800,960,1400,1800,2300,2600,3400,3800,3800,9147,93,360.0,570.6316795498383,13.870269991457462,3758.885469986126,7308.149666557341
1788072768,50,,Aggregated,12.300000,0.000000,360,600,800,960,1400,1800,2300,2600,3400,3800,3800,9161,93,360.0,570.4890097993754,13.870269991457462,3758.885469986126,7307.295928392097
1788072769,50,,Aggregated,12.200000,0.000000,360,600,800,950,1400,1800,2300,2600,3400,3800,3800,9174,93,360.0,569.9597094342513,13.870269991457462,3758.885469986126,7307.588402005668
1788072770,50,,Aggregated,12.100000,0.000000,360,590,800,950,1400,1800,2300,2600,3400,3800,3800,9187,93,360.0,569.6228256215081,13.870269991457462,3758.885469986126,7308.875476216393
1788072771,50,,Aggregated,12.600000,0.000000,360,590,800,950,1400,1800,2300,2600,3400,3800,3800,9202,94,360.0,569.3822528556294,13.870269991457462,3758.885469986126,7310.233536187785
1788072772,50,,Aggregated,11.900000,0.000000,360,590,790,950,1400,1800,2300,2600,3400,3800,3800,9218,95,360.0,568.7048938891203,13.870269991457462,3758.885469986126,7306.116836623996
1788072773,50,,Aggregated,12.000000,0.100000,360,590,790,950,1400,1800,2300,2600,3400,3800,3800,9226,95,360.0,568.5628027793833,13.870269991457462,3758.885469986126,7306.59559939302
1788072774,50,,Aggregated,12.800000,0.200000,360,590,790,950,1400,1800,2300,2600,3400,3800,3800,9238,96,360.0,568.7716092984056,13.870269991457462,3758.885469986126,7307.3022299198965
1788072775,50,,Aggregated,13.000000,0.200000,360,590,790,950,1400,1800,2300,2600,3400,3800,3800,9254,97,360.0,568.7067580833747,13.870269991457462,3758.885469986126,7311.3983142424895
1788072776,50,,Aggregated,13.200000,0.300000,360,590,790,950,1400,1800,2300,2600,3400,3800,3800,9274,98,360.0,567.9740838156728,13.870269991457462,3758.885469986126,7309.719107181368
1788072777,50,,Aggregated,13.800000,0.400000,360,590,790,950,1400,1800,2300,2600,3400,3800,3800,9280,98,360.0,567.6401771652685,13.870269991457462,3758.885469986126,7309.025431034483
1788072778,50,,Aggregated,13.700000,0.500000,360,590,790,950,1400,1800,2300,2600,3400,3800,3800,9286,98,360.0,567.631137026877,13.870269991457462,3758.885469986126,7309.585612750377
1788072779,50,,Aggregated,13.300000,0.500000,360,590,790,950,1400,1800,2300,2600,3400,3800,3800,9299,98,360.0,567.9349359428613,13.870269991457462,3758.885469986126,7311.424991934617
1788072780,50,,Aggregated,12.300000,0.500000,360,590,790,950,1400,1800,2300,2600,3400,3800,3800,9314,99,360.0,568.4247482209056,13.870269991457462,3758.885469986126,7310.597272922482
1788072781,50,,Aggregated,12.100000,0.500000,360,590,790,950,1400,1800,2300,2600,3400,3800,3800,9331,99,360.0,568.3859612593061,13.870269991457462,3758.885469986126,7308.689743864537
1788072782,50,,Aggregated,12.400000,0.600000,360,590,790,950,1400,1800,2300,2600,3400,3800,3800,9348,99,360.0,567.9579522229014,13.870269991457462,3758.885469986126,7309.020218228498
1788072783,50,,Aggregated,13.000000,0.500000,360,590,790,950,1400,1800,2300,2600,3400,3800,3800,9361,100,360.0,567.2989704935386,13.870269991457462,3758.885469986126,7307.980130327956
1788072784,50,,Aggregated,12.300000,0.400000,360,590,790,950,1400,1800,2300,2600,3400,3800,3800,9368,100,360.0,566.9575008307156,13.870269991457462,3758.885469986126,7309.063834329633
1788072785,50,,Aggregated,12.900000,0.500000,360,590,790,950,1400,1800,2300,2600,3400,3800,3800,9387,100,360.0,566.1588037129869,13.870269991457462,3758.885469986126,7306.401725790987
1788072786,50,,Aggregated,13.000000,0.400000,360,590,790,950,1400,1800,2300,2600,3400,3800,3800,9397,100,360.0,565.6354828296693,13.870269991457462,3758.885469986126,7304.9053953389375
1788072787,50,,Aggregated,12.800000,0.300000,360,590,780,940,1400,1800,2300,2600,3400,3800,3800,9411,100,360.0,564.9775118481843,13.870269991457462,3758.885469986126,7305.347253214323
1788072788,50,,Aggregated,12.500000,0.200000,360,590,780,940,1400,1800,2300,2600,3400,3800,3800,9426,100,360.0,564.374334910382,13.870269991457462,3758.885469986126,7303.542223636749
1788072789,50,,Aggregated,12.800000,0.200000,360,590,780,940,1400,1800,2300,2600,3400,3800,3800,9445,101,360.0,564.0840505623017,13.870269991457462,3758.885469986126,7302.300794070937
1788072790,50,,Aggregated,13.300000,0.200000,360,590,780,940,1400,1800,2300,2600,3400,3800,3800,9461,102,360.0,563.4197195446379,13.870269991457462,3758.885469986126,7300.225346157911
1788072791,50,,Aggregated,14.000000,0.300000,360,590,780,940,1400,1800,2300,2600,3400,3800,3800,9470,102,360.0,562.9490356606902,13.870269991457462,3758.885469986126,7299.232840549103
1788072792,50,,Aggregated,14.600000,0.300000,360,590,780,940,1400,1800,2300,2600,3400,3800,3800,9477,102,360.0,562.590268512283,13.870269991457462,3758.885469986126,7297.303049488235
1788072793,50,,Aggregated,13.800000,0.300000,360,590,780,940,1400,1800,2300,2600,3400,3800,3800,9498,102,360.0,562.61417929396,13.870269991457462,3758.885469986126,7294.1410823331225
1788072794,50,,Aggregated,13.400000,0.300000,360,590,780,940,1400,1800,2300,2600,3400,3800,3800,9515,102,360.0,562.32944143661,13.870269991457462,3758.885469986126,7292.397477666842
1788072795,50,,Aggregated,12.700000,0.200000,360,590,780,940,1400,1800,2300,2600,3400,3800,3800,9525,102,360.0,562.0917145315597,13.870269991457462,3758.885469986126,7294.168188976378
1788072796,50,,Aggregated,13.700000,0.200000,360,590,780,940,1400,1800,2300,2600,3400,3800,3800,9537,103,360.0,561.4804738036703,13.870269991457462,3758.885469986126,7294.657229736815
1788072797,50,,Aggregated,13.600000,0.200000,360,580,780,940,1400,1800,2300,2600,3400,3800,3800,9548,104,360.0,560.9356490381355,13.870269991457462,3758.885469986126,7293.128927524089
1788072798,50,,Aggregated,13.900000,0.200000,360,580,780,940,1400,1800,2300,2600,3400,3800,3800,9554,104,360.0,560.6360507022653,13.870269991457462,3758.885469986126,7292.097236759472
1788072799,50,,Aggregated,13.600000,0.400000,360,580,780,940,1400,1800,2300,2600,3400,3800,3800,9571,105,360.0,560.4445690124643,13.870269991457462,3758.885469986126,7293.331522306969
1788072800,50,,Aggregated,13.600000,0.400000,350,580,780,940,1400,1800,2300,2600,3400,3800,3800,9591,105,350.0,559.8446350774002,13.870269991457462,3758.885469986126,7291.521739130435
1788072801,50,,Aggregated,12.600000,0.400000,350,580,780,940,1400,1800,2300,2600,3400,3800,3800,9605,105,350.0,559.4077483046449,13.870269991457462,3758.885469986126,7293.2754815200415
1788072802,50,,Aggregated,12.300000,0.300000,350,580,770,940,1400,1800,2300,2600,3400,3800,3800,9622,105,350.0,558.6628512247019,13.870269991457462,3758.885469986126,7291.969445021825
1788072803,50,,Aggregated,12.700000,0.300000,350,580,770,930,1400,1800,2300,2600,3400,3800,3800,9634,105,350.0,558.0759805246576,13.870269991457462,3758.885469986126,7291.28638156529
1788072804,50,,Aggregated,13.500000,0.300000,350,580,770,930,1400,1800,2300,2600,3400,3800,3800,9639,105,350.0,557.9384263854981,13.870269991457462,3758.885469986126,7290.613860358959
1788072805,50,,Aggregated,14.100000,0.300000,350,580,780,930,1400,1800,2300,2600,3400,3800,3800,9650,105,350.0,558.3865188341347,13.870269991457462,3758.885469986126,7291.33347150259
1788072806,50,,Aggregated,13.500000,0.300000,350,580,780,940,1400,1800,2300,2600,3400,3800,3800,9664,105,350.0,559.6799674226922,13.870269991457462,3758.885469986126,7291.272454470199
1788072807,50,,Aggregated,12.400000,0.300000,350,580,780,940,1400,1800,2300,2600,3400,3800,3800,9677,105,350.0,560.5804329060293,13.870269991457462,3758.885469986126,7292.459956598119
1788072808,50,,Aggregated,12.300000,0.300000,350,580,780,940,1400,1800,2300,2600,3400,3800,3800,9686,105,350.0,560.9570470376416,13.870269991457462,3758.885469986126,7292.306318397687
1788072809,50,,Aggregated,12.700000,0.100000,360,590,780,940,1400,1800,2300,2600,3400,3800,3800,9709,106,360.0,562.0733674939892,13.870269991457462,3758.885469986126,7293.920486146874
1788072810,50,,Aggregated,12.800000,0.100000,360,590,780,940,1400,1800,2300,2600,3400,3800,3800,9719,106,360.0,561.5889037755314,13.870269991457462,3758.885469986126,7292.183249305484
1788072811,50,,Aggregated,12.800000,0.000000,350,590,780,940,1400,1800,2300,2600,3400,3800,3800,9730,106,350.0,561.0965432632688,13.870269991457462,3758.885469986126,7292.53977389517
1788072812,50,,Aggregated,13.700000,0.100000,350,580,780,940,1400,1800,2300,2600,3400,3800,3800,9743,106,350.0,560.513126656336,13.870269991457462,3758.885469986126,7290.61428718054
1788072813,50,,Aggregated,12.600000,0.100000,350,580,780,940,1400,1800,2300,2600,3400,3800,3800,9748,106,350.0,560.4985349172787,13.870269991457462,3758.885469986126,7290.339659417316
1788072814,50,,Aggregated,12.200000,0.100000,350,590,780,940,1400,1800,2300,2600,3400,3800,3800,9754,106,350.0,561.0066971421803,13.870269991457462,3758.885469986126,7294.369797006357
1788072815,50,,Aggregated,12.200000,0.100000,360,590,780,940,1400,1800,2300,2600,3400,3800,3800,9764,106,350.0,562.162880080976,13.870269991457462,3758.885469986126,7293.691007783696
1788072817,50,,Aggregated,11.200000,0.100000,360,590,780,950,1400,1800,2300,2600,3400,3800,3800,9777,106,360.0,563.8560031581557,13.870269991457462,3758.885469986126,7297.751559783164
1788072818,50,,Aggregated,11.400000,0.100000,360,590,790,950,1400,1800,2300,2600,3400,3800,3800,9795,106,360.0,565.9501053408576,13.870269991457462,3758.885469986126,7300.173557937724
1788072819,50,,Aggregated,11.300000,0.100000,360,590,790,950,1400,1800,2300,2600,3400,3800,3800,9804,106,360.0,566.4031030688574,13.870269991457462,3758.885469986126,7303.096083231334
1788072820,50,,Aggregated,11.000000,0.100000,360,590,790,950,1400,1800,2300,2600,3400,3800,3800,9820,107,360.0,565.6586691467832,13.870269991457462,3758.885469986126,7299.228309572301
1788072821,50,,Aggregated,11.600000,0.100000,360,590,790,950,1400,1800,2300,2600,3400,3800,3800,9828,107,360.0,565.2914449093682,13.870269991457462,3758.885469986126,7300.834452584452
1788072822,50,,Aggregated,10.800000,0.100000,360,590,790,950,1400,1800,2300,2600,3400,3800,3800,9841,107,360.0,565.2304878661614,13.870269991457462,3758.885469986126,7299.2766995224065
1788072823,50,,Aggregated,10.900000,0.100000,360,590,790,950,1400,1800,2300,2600,3400,3800,3800,9859,107,360.0,565.0707526838914,13.870269991457462,3758.885469986126,7297.963586570646
1788072824,50,,Aggregated,10.900000,0.100000,350,590,790,950,1400,1800,2300,2600,3400,3800,3800,9871,107,350.0,564.4884141519244,13.870269991457462,3758.885469986126,7296.4090770945195
1788072825,50,,Aggregated,10.900000,0.100000,350,590,790,950,1400,1800,2300,2600,3400,3800,3800,9882,107,350.0,563.9733554918797,13.870269991457462,3758.885469986126,7297.6733454766245
1788072826,50,,Aggregated,11.400000,0.100000,350,590,790,950,1400,1800,2300,2600,3400,3800,3800,9888,107,350.0,563.710282185262,13.870269991457462,3758.885469986126,7297.333029935275
1788072827,50,,Aggregated,12.800000,0.100000,350,590,790,950,1400,1800,2300,2600,3400,3800,3800,9896,107,350.0,563.9778192454289,13.870269991457462,3758.885469986126,7298.025767987066
1788072828,50,,Aggregated,12.400000,0.100000,350,590,790,950,1400,1800,2300,2600,3400,3800,3800,9900,107,350.0,564.2598844442113,13.870269991457462,3758.885469986126,7297.517575757576
1788072829,50,,Aggregated,11.700000,0.100000,360,590,790,950,1400,1800,2300,2600,3400,3800,3800,9909,107,360.0,565.8209679003713,13.870269991457462,3758.885469986126,7298.791300837623
1788072830,50,,Aggregated,10.400000,0.100000,360,590,790,960,1400,1800,2300,2700,3400,3800,3800,9925,107,360.0,568.7309015714458,13.870269991457462,3758.885469986126,7302.810075566751
1788072831,50,,Aggregated,10.400000,0.100000,360,590,800,960,1400,1800,2300,2700,3400,3800,3800,9946,107,360.0,570.6381017609593,13.870269991457462,3758.885469986126,7305.7494470138745
1788072832,50,,Aggregated,10.200000,0.000000,360,590,800,960,1400,1800,2300,2700,3400,3800,3800,9955,107,360.0,570.4398859712089,13.870269991457462,3758.885469986126,7307.708990457057
1788072833,50,,Aggregated,11.700000,0.000000,360,590,800,960,1400,1800,2300,2700,3400,3800,3800,9969,107,360.0,570.0855896292192,13.870269991457462,3758.885469986126,7306.9021968101115
1788072834,50,,Aggregated,11.400000,0.000000,360,590,800,960,1400,1800,2300,2700,3400,3800,3800,9984,107,360.0,570.473525718929,13.870269991457462,3758.885469986126,7310.800080128205
1788072835,50,,Aggregated,10.800000,0.000000,360,590,800,960,1400,1800,2300,2700,3400,3800,3800,9994,107,360.0,570.5195663448441,13.870269991457462,3758.885469986126,7311.523714228537
1788072836,50,,Aggregated,11.200000,0.000000,360,590,800,960,1400,1800,2300,2700,3400,3700,3800,10003,107,360.0,570.5930505412119,13.870269991457462,3758.885469986126,7313.508447465761
1788072837,50,,Aggregated,10.800000,0.000000,360,590,800,960,1400,1800,2300,2700,3400,3700,3800,10019,109,360.0,570.5701696855812,13.870269991457462,3758.885469986126,7313.484778920052
1788072838,50,,Aggregated,11.100000,0.000000,360,590,800,960,1400,1800,2300,2700,3400,3700,3800,10035,109,360.0,569.8112606408291,13.870269991457462,3758.885469986126,7311.53831589437
1788072839,50,,Aggregated,12.200000,0.100000,360,590,790,960,1400,1800,2300,2700,3400,3700,3800,10049,109,360.0,569.1658986198723,13.870269991457462,3758.885469986126,7309.15474176535
1788072840,50,,Aggregated,12.200000,0.100000,360,590,790,960,1400,1800,2300,2700,3400,3700,3800,10051,109,360.0,569.0947386229348,13.870269991457462,3758.885469986126,7309.511391901304
1788072841,50,,Aggregated,13.900000,0.200000,360,590,800,960,1400,1800,2300,2700,3400,3700,3800,10066,109,360.0,569.8526508407575,13.870269991457462,3758.885469986126,7308.629445658653
1788072842,50,,Aggregated,12.900000,0.200000,360,590,800,960,1400,1800,2300,2700,3400,3700,3800,10096,110,360.0,570.0709712464909,10.229989886283875,3758.885469986126,7305.772484152139
1788072843,50,,Aggregated,11.000000,0.200000,360,590,800,960,1400,1800,2300,2700,3400,3700,3800,10107,110,360.0,569.504141467928,10.229989886283875,3758.885469986126,7303.110319580489
1788072844,50,,Aggregated,13.200000,0.200000,360,590,800,960,1400,1800,2300,2700,3400,3700,3800,10115,110,360.0,569.1194649042494,10.229989886283875,3758.885469986126,7303.57656945131
1788072845,50,,Aggregated,13.700000,0.300000,360,590,800,960,1400,1800,2300,2700,3400,3700,3800,10122,110,360.0,568.8054253562015,10.229989886283875,3758.885469986126,7302.730389251136
1788072846,50,,Aggregated,13.200000,0.300000,360,590,800,960,1400,1800,2300,2700,3400,3700,3800,10128,110,360.0,568.8113403638027,10.229989886283875,3758.885469986126,7302.1862164297
1788072847,50,,Aggregated,13.000000,0.300000,360,590,800,960,1400,1800,2300,2700,3400,3700,3800,10133,110,360.0,569.3784882958562,10.229989886283875,3758.885469986126,7304.155334057042
1788072848,50,,Aggregated,12.800000,0.300000,360,590,800,960,1400,1800,2300,2700,3400,3700,3800,10148,110,360.0,571.0913419541018,10.229989886283875,3758.885469986126,7304.194028379977
1788072849,50,,Aggregated,11.400000,0.200000,360,590,800,960,1400,1800,2300,2700,3400,3700,3800,10156,110,360.0,572.1727692597625,10.229989886283875,3758.885469986126,7305.555829066561
1788072850,50,,Aggregated,11.300000,0.100000,360,600,800,970,1400,1800,2300,2700,3400,3700,3800,10169,110,360.0,573.89082903427,10.229989886283875,3758.885469986126,7306.5602320778835
1788072851,50,,Aggregated,10.600000,0.100000,360,600,810,970,1400,1800,2400,2700,3400,3700,3800,10183,110,360.0,575.3799072405468,10.229989886283875,3758.885469986126,7308.073553962487
1788072852,50,,Aggregated,11.000000,0.100000,360,600,810,970,1400,1800,2400,2700,3400,3700,3800,10202,110,360.0,575.8186104999816,10.229989886283875,3758.885469986126,7307.998235640071
1788072853,50,,Aggregated,12.000000,0.100000,360,600,810,970,1400,1800,2400,2700,3400,3700,3800,10209,110,360.0,575.6621441948876,10.229989886283875,3758.885469986126,7309.049074346165
1788072854,50,,Aggregated,11.100000,0.100000,360,600,810,970,1400,1800,2400,2700,3400,3700,3800,10225,111,360.0,575.1354182434831,10.229989886283875,3758.885469986126,7307.745721271393
1788072855,50,,Aggregated,10.200000,0.000000,360,600,800,970,1400,1800,2400,2700,3400,3700,3800,10231,111,360.0,574.8430774212171,10.229989886283875,3758.885469986126,7309.9014759065585
1788072856,50,,Aggregated,10.800000,0.100000,360,600,800,970,1400,1800,2400,2700,3400,3700,3800,10242,112,360.0,574.6132877566077,10.229989886283875,3758.885469986126,7309.460261667643
1788072857,50,,Aggregated,10.700000,0.100000,360,600,800,970,1400,1800,2400,2700,3400,3700,3800,10254,112,360.0,574.8128298677228,10.229989886283875,3758.885469986126,7310.473766335089
1788072858,50,,Aggregated,11.000000,0.100000,360,600,800,970,1400,1800,2400,2700,3400,3700,3800,10265,112,360.0,574.9651141228818,10.229989886283875,3758.885469986126,7309.848806624452
1788072859,50,,Aggregated,11.800000,0.200000,360,600,800,970,1400,1800,2400,2700,3400,3700,3800,10283,112,360.0,575.4993878344175,10.229989886283875,3758.885469986126,7313.137605757075
1788072860,50,,Aggregated,11.400000,0.200000,360,600,800,970,1400,1800,2400,2700,3400,3700,3800,10295,112,360.0,575.131546472339,10.229989886283875,3758.885469986126,7312.08275862069
1788072861,50,,Aggregated,11.500000,0.200000,360,600,800,970,1400,1800,2400,2700,3400,3700,3800,10309,112,360.0,574.4737761760481,10.229989886283875,3758.885469986126,7311.046852265011
1788072862,50,,Aggregated,12.800000,0.200000,360,600,800,970,1400,1800,2400,2700,3400,3700,3800,10315,112,360.0,574.358160581604,10.229989886283875,3758.885469986126,7311.0991759573435
1788072863,50,,Aggregated,12.300000,0.200000,360,600,800,970,1400,1800,2400,2700,3400,3700,3800,10326,112,360.0,574.6076740421003,10.229989886283875,3758.885469986126,7312.024985473562
1788072864,50,,Aggregated,11.400000,0.200000,360,600,800,970,1400,1800,2400,2700,3400,3700,3800,10334,113,360.0,574.8918999262887,10.229989886283875,3758.885469986126,7312.274240371589
1788072865,50,,Aggregated,11.200000,0.200000,360,600,810,970,1400,1800,2400,2700,3400,3700,3800,10348,113,360.0,575.5240545688158,10.229989886283875,3758.885469986126,7310.6194433707
1788072866,50,,Aggregated,11.000000,0.200000,360,600,810,970,1400,1800,2400,2700,3400,3700,3800,10370,114,360.0,576.626395204364,10.229989886283875,3758.885469986126,7314.180906460945
1788072867,50,,Aggregated,11.200000,0.200000,360,600,810,970,1400,1800,2400,2700,3400,3700,3800,10384,114,360.0,576.0075131519161,10.229989886283875,3758.885469986126,7311.78062403698
1788072868,50,,Aggregated,11.600000,0.300000,360,600,800,970,1400,1800,2400,2700,3400,3700,3800,10401,114,360.0,575.1688318502481,10.229989886283875,3758.885469986126,7308.005672531487
1788072869,50,,Aggregated,12.600000,0.200000,360,600,800,970,1400,1800,2400,2700,3400,3700,3800,10409,114,360.0,574.8190925183602,10.229989886283875,3758.885469986126,7306.404841963686
1788072870,50,,Aggregated,12.900000,0.200000,360,600,800,970,1400,1800,2400,2700,3400,3700,3800,10419,114,360.0,574.5973307821263,10.229989886283875,3758.885469986126,7306.52586620597
1788072871,50,,Aggregated,13.400000,0.200000,360,600,800,970,1400,1800,2400,2700,3400,3700,3800,10431,114,360.0,574.5084837748947,10.229989886283875,3758.885469986126,7308.63196241971
1788072872,50,,Aggregated,12.100000,0.200000,360,600,800,970,1400,1800,2400,2700,3400,3700,3800,10442,114,360.0,575.0689854106421,10.229989886283875,3758.885469986126,7308.608887186363
1788072873,50,,Aggregated,12.300000,0.200000,360,600,810,970,1400,1800,2400,2700,3400,3700,3800,10459,114,360.0,576.1573444574404,10.229989886283875,3758.885469986126,7307.990916913663
1788072874,50,,Aggregated,12.400000,0.200000,360,600,810,970,1400,1800,2400,2700,3400,3700,3800,10470,114,360.0,576.6989500503347,10.229989886283875,3758.885469986126,7309.619961795606
1788072875,50,,Aggregated,12.900000,0.200000,360,600,810,970,1400,1800,2400,2700,3400,3700,3800,10487,114,360.0,576.0970699605848,10.229989886283875,3758.885469986126,7310.029560408125
1788072876,50,,Aggregated,13.100000,0.100000,360,600,810,970,1400,1800,2400,2700,3400,3700,3800,10494,114,360.0,575.778478398759,10.229989886283875,3758.885469986126,7308.495616542787
1788072877,50,,Aggregated,13.400000,0.100000,360,600,810,970,1400,1800,2300,2700,3400,3700,3800,10507,114,360.0,575.5332891393522,10.229989886283875,3758.885469986126,7309.405729513657
1788072878,50,,Aggregated,13.500000,0.000000,360,600,810,970,1400,1800,2300,2700,3400,3700,3800,10516,115,360.0,575.5848703960096,10.229989886283875,3758.885469986126,7308.930296690757
1788072879,50,,Aggregated,12.100000,0.000000,360,600,810,970,1400,1800,2300,2700,3400,3700,3800,10531,115,360.0,576.1004168555804,10.229989886283875,3758.885469986126,7308.841420567847
1788072880,50,,Aggregated,11.900000,0.000000,360,600,810,970,1400,1800,2300,2700,3400,3700,3800,10536,115,360.0,576.2709851241734,10.229989886283875,3758.885469986126,7308.646640091116
1788072882,50,,Aggregated,11.400000,0.100000,360,600,810,970,1400,1800,2300,2700,3400,3700,3800,10549,115,360.0,577.1142362220952,10.229989886283875,3758.885469986126,7309.503649635037
1788072883,50,,Aggregated,12.100000,0.100000,360,600,810,970,1400,1800,2300,2700,3400,3700,3800,10572,115,360.0,577.5207488918645,10.229989886283875,3758.885469986126,7309.257283390087
1788072884,50,,Aggregated,11.500000,0.100000,360,600,810,970,1400,1800,2300,2700,3400,3700,3800,10582,115,360.0,577.2065396959807,10.229989886283875,3758.885469986126,7307.971744471744
1788072885,50,,Aggregated,12.600000,0.100000,360,600,810,970,1400,1800,2300,2700,3400,3700,3800,10599,117,360.0,576.7438802519947,10.229989886283875,3758.885469986126,7306.093688083782
1788072886,50,,Aggregated,12.100000,0.100000,360,600,810,970,1400,1800,2300,2700,3400,3700,3800,10616,118,360.0,576.3258108282162,10.229989886283875,3758.885469986126,7302.436981914092
1788072887,50,,Aggregated,12.400000,0.300000,360,600,810,970,1400,1800,2300,2700,3400,3700,3800,10637,118,360.0,575.4772492865357,10.229989886283875,3758.885469986126,7301.161793738836
1788072888,50,,Aggregated,12.400000,0.300000,360,600,800,970,1400,1800,2300,2700,3400,3700,3800,10650,118,360.0,574.8823185762644,10.229989886283875,3758.885469986126,7299.303568075117
1788072889,50,,Aggregated,14.000000,0.400000,360,600,800,970,1400,1800,2300,2700,3400,3700,3800,10665,118,360.0,574.3260855298137,10.229989886283875,3758.885469986126,7297.847913736521
1788072890,50,,Aggregated,14.300000,0.400000,360,600,800,960,1400,1800,2300,2700,3400,3700,3800,10678,118,360.0,573.8706069376007,10.229989886283875,3758.885469986126,7298.0883124180555
1788072891,50,,Aggregated,14.300000,0.400000,360,600,800,960,1400,1800,2300,2700,3400,3700,3800,10690,118,360.0,573.2961826865632,10.229989886283875,3758.885469986126,7297.044621141254
1788072892,50,,Aggregated,14.600000,0.300000,360,600,800,960,1400,1800,2300,2700,3400,3700,3800,10705,118,360.0,572.846843449104,10.229989886283875,3758.885469986126,7293.919943951425
1788072893,50,,Aggregated,15.400000,0.300000,360,600,800,960,1400,1800,2300,2700,3400,3700,3800,10716,118,360.0,572.7973559683983,10.229989886283875,3758.885469986126,7295.800485255692
1788072894,50,,Aggregated,15.500000,0.300000,360,600,800,960,1400,1800,2300,2700,3400,3700,3800,10734,118,360.0,572.7649129222116,10.229989886283875,3758.885469986126,7294.68343581144
1788072895,50,,Aggregated,14.100000,0.300000,360,600,800,960,1400,1800,2300,2700,3400,3700,3800,10750,119,360.0,572.4005659721619,10.229989886283875,3758.885469986126,7297.113860465116
1788072896,50,,Aggregated,15.000000,0.300000,360,600,800,960,1400,1800,2300,2700,3400,3700,3800,10766,119,360.0,572.009608245204,10.229989886283875,3758.885469986126,7295.925970648337
1788072897,50,,Aggregated,15.000000,0.200000,360,600,800,960,1400,1800,2300,2700,3400,3700,3800,10775,119,360.0,571.6537562351924,10.229989886283875,3758.885469986126,7297.471554524362
1788072898,50,,Aggregated,14.800000,0.100000,360,600,800,960,1400,1800,2300,2700,3400,3700,3800,10780,119,360.0,571.7062754448328,10.229989886283875,3758.885469986126,7298.007606679035
1788072899,50,,Aggregated,13.700000,0.100000,360,600,800,960,1400,1800,2300,2700,3400,3700,3800,10802,119,360.0,571.9734044540841,10.229989886283875,3758.885469986126,7297.653304943529
1788072900,50,,Aggregated,12.900000,0.100000,360,600,800,960,1400,1800,2300,2700,3400,3700,3800,10814,119,360.0,572.0666278052594,10.229989886283875,3758.885469986126,7298.811725540965
1788072901,50,,Aggregated,13.800000,0.100000,360,600,800,960,1400,1800,2300,2700,3400,3700,3800,10829,120,360.0,572.1324760656364,10.229989886283875,3758.885469986126,7299.750577153938
1788072902,50,,Aggregated,13.400000,0.100000,360,600,800,960,1400,1800,2300,2700,3400,3700,3800,10849,120,360.0,571.6044052486577,10.229989886283875,3758.885469986126,7298.235136878975
1788072903,50,,Aggregated,13.500000,0.200000,360,600,800,960,1400,1800,2300,2700,3400,3700,3800,10863,120,360.0,570.9388005867397,10.229989886283875,3758.885469986126,7296.313081100985
1788072904,50,,Aggregated,13.800000,0.200000,360,600,800,960,1400,1800,2300,2700,3400,3700,3800,10877,121,360.0,570.4215916748586,10.229989886283875,3758.885469986126,7295.76252643192
1788072905,50,,Aggregated,14.500000,0.200000,350,590,800,960,1400,1800,2300,2700,3400,3700,3800,10889,121,350.0,569.9076986096043,10.229989886283875,3758.885469986126,7294.642850583157
1788072906,50,,Aggregated,14.200000,0.300000,350,590,800,960,1400,1800,2300,2700,3400,3700,3800,10901,122,350.0,569.5446693978273,10.229989886283875,3758.885469986126,7295.046509494542
1788072907,50,,Aggregated,14.000000,0.200000,350,590,800,960,1400,1800,2300,2700,3400,3700,3800,10914,123,350.0,569.0946845466686,10.229989886283875,3758.885469986126,7294.9617005680775
1788072908,50,,Aggregated,13.200000,0.300000,350,590,790,960,1400,1800,2300,2700,3400,3700,3800,10921,123,350.0,568.8758365368901,10.229989886283875,3758.885469986126,7294.77172420108
1788072909,50,,Aggregated,13.700000,0.400000,350,590,800,960,1400,1800,2300,2700,3400,3700,3800,10937,123,350.0,568.9827111504374,10.229989886283875,3758.885469986126,7293.757794642041
1788072910,50,,Aggregated,13.900000,0.400000,350,590,790,960,1400,1800,2300,2700,3400,3700,3800,10948,123,350.0,568.7668700442393,10.229989886283875,3758.885469986126,7295.5549872122765
1788072911,50,,Aggregated,12.900000,0.400000,350,590,790,950,1400,1800,2300,2700,3400,3700,3800,10964,123,350.0,568.1154896374024,10.229989886283875,3758.885469986126,7294.7547427946
1788072912,50,,Aggregated,13.100000,0.400000,350,590,790,950,1400,1800,2300,2700,3400,3700,3800,10980,123,350.0,567.821583256061,10.229989886283875,3758.885469986126,7299.315300546448
1788072913,50,,Aggregated,13.200000,0.300000,350,590,790,950,1400,1800,2300,2700,3400,3700,3800,10989,123,350.0,567.6235962511952,10.229989886283875,3758.885469986126,7296.966784966785
1788072914,50,,Aggregated,12.600000,0.300000,350,590,790,950,1400,1800,2300,2700,3400,3700,3800,11006,123,350.0,568.2393858549127,10.229989886283875,3758.885469986126,7297.3119207704885
1788072915,50,,Aggregated,12.700000,0.300000,350,590,800,960,1400,1800,2300,2700,3400,3700,3800,11018,123,350.0,568.708502202538,10.229989886283875,3758.885469986126,7299.589217643856
1788072916,50,,Aggregated,12.000000,0.200000,350,590,790,960,1400,1800,2300,2700,3400,3700,3800,11029,123,350.0,568.4608171120148,10.229989886283875,3758.885469986126,7299.985402121679
1788072917,50,,Aggregated,12.600000,0.200000,350,590,790,950,1400,1800,2300,2700,3400,3700,3800,11044,123,350.0,567.7715108439346,10.229989886283875,3758.885469986126,7299.027345164795
1788072918,50,,Aggregated,12.900000,0.100000,350,590,790,950,1400,1800,2300,2700,3400,3700,3800,11057,123,350.0,567.2960315960171,10.229989886283875,3758.885469986126,7300.943836483675
1788072919,50,,Aggregated,13.200000,0.000000,350,590,790,950,1400,1800,2300,2700,3400,3700,3800,11070,123,350.0,566.762797847767,10.229989886283875,3758.885469986126,7299.989340560072
1788072920,50,,Aggregated,13.100000,0.000000,350,590,790,950,1400,1800,2300,2700,3400,3700,3800,11082,124,350.0,566.7725842394362,10.229989886283875,3758.885469986126,7298.902634903447
1788072921,50,,Aggregated,13.400000,0.000000,350,590,790,950,1400,1800,2300,2700,3400,3700,3800,11093,124,350.0,567.2682523387185,10.229989886283875,3758.885469986126,7302.242495267285
1788072922,50,,Aggregated,13.400000,0.100000,350,590,790,950,1400,1800,2300,2700,3400,3700,3800,11111,124,350.0,567.4361289122729,10.229989886283875,3758.885469986126,7301.126991269913
1788072923,50,,Aggregated,12.600000,0.100000,350,590,790,950,1400,1800,2300,2700,3400,3700,3800,11128,125,350.0,567.0933413398714,10.229989886283875,3758.885469986126,7301.2365204888565
1788072924,50,,Aggregated,13.200000,0.100000,350,590,790,950,1400,1800,2300,2700,3400,3700,3800,11140,125,350.0,566.7186515083072,10.229989886283875,3758.885469986126,7300.029263913824
1788072925,50,,Aggregated,13.800000,0.200000,350,590,790,950,1400,1800,2300,2700,3400,3700,3800,11150,125,350.0,566.8564932472846,10.229989886283875,3758.885469986126,7299.731031390134
1788072926,50,,Aggregated,13.700000,0.200000,350,590,790,950,1400,1800,2300,2700,3400,3700,3800,11172,125,350.0,566.8063097896596,10.229989886283875,3758.885469986126,7300.292785535266
1788072927,50,,Aggregated,13.000000,0.200000,350,590,790,950,1400,1800,2300,2700,3400,3700,3800,11183,126,350.0,566.3436975900458,10.229989886283875,3758.885469986126,7297.761691853707
1788072928,50,,Aggregated,13.400000,0.200000,350,590,790,950,1400,1800,2300,2700,3400,3700,3800,11190,127,350.0,566.0927433352018,10.229989886283875,3758.885469986126,7296.659696157283
1788072929,50,,Aggregated,13.400000,0.200000,350,590,790,950,1400,1800,2300,2700,3400,3700,3800,11207,127,350.0,566.0503546466045,10.229989886283875,3758.885469986126,7296.939323637012
1788072930,50,,Aggregated,13.700000,0.400000,350,590,790,950,1400,1800,2300,2700,3400,3700,3800,11215,127,350.0,565.9282276616567,10.229989886283875,3758.885469986126,7297.792777530093
1788072931,50,,Aggregated,12.800000,0.400000,350,590,790,950,1400,1800,2300,2700,3400,3700,3800,11229,127,350.0,566.0186522602219,10.229989886283875,3758.885469986126,7298.239558286579
1788072932,50,,Aggregated,13.200000,0.300000,350,590,790,950,1400,1800,2300,2700,3400,3700,3800,11242,127,350.0,566.3939362209865,10.229989886283875,3758.885469986126,7298.61465931329
1788072933,50,,Aggregated,13.400000,0.300000,350,590,790,950,1400,1800,2300,2700,3400,3700,3800,11251,128,350.0,566.6201396356443,10.229989886283875,3758.885469986126,7298.599146742512
1788072934,50,,Aggregated,13.100000,0.300000,350,590,790,950,1400,1800,2300,2700,3400,3700,3800,11268,128,350.0,566.8182246912713,10.229989886283875,3758.885469986126,7298.505679801207
1788072935,50,,Aggregated,11.900000,0.200000,360,590,790,950,1400,1800,2300,2700,3400,3700,3800,11278,128,360.0,566.8658622184867,10.229989886283875,3758.885469986126,7296.711030324525
1788072936,50,,Aggregated,12.000000,0.300000,360,590,790,950,1400,1800,2300,2700,3400,3700,3800,11300,128,360.0,566.8215607625507,10.229989886283875,3758.885469986126,7294.425486725664
1788072937,50,,Aggregated,12.500000,0.300000,360,590,790,950,1400,1800,2300,2700,3400,3700,3800,11310,128,360.0,566.7679644274178,10.229989886283875,3758.885469986126,7296.053315649868
1788072938,50,,Aggregated,12.300000,0.300000,350,590,790,950,1400,1800,2300,2700,3400,3700,3800,11327,128,350.0,566.0975731034151,10.229989886283875,3758.885469986126,7295.015184956299
1788072939,50,,Aggregated,12.500000,0.300000,350,590,790,950,1400,1800,2300,2700,3400,3700,3800,11336,128,350.0,565.7841332785099,10.229989886283875,3758.885469986126,7294.609209597742
1788072940,50,,Aggregated,12.500000,0.100000,350,590,790,950,1400,1800,2300,2700,3400,3700,3800,11350,128,350.0,565.407933568303,10.229989886283875,3758.885469986126,7292.546343612335
1788072941,50,,Aggregated,13.600000,0.100000,350,590,790,950,1400,1800,2300,2700,3400,3700,3800,11358,128,350.0,565.4179066040406,10.229989886283875,3758.885469986126,7292.325673534073
1788072943,50,,Aggregated,12.900000,0.100000,350,590,790,950,1400,1800,2300,2700,3400,3700,3800,11365,128,350.0,565.8566134333819,10.229989886283875,3758.885469986126,7292.176066871975
1788072944,50,,Aggregated,13.300000,0.100000,360,590,790,950,1400,1800,2300,2700,3400,3700,3800,11382,128,360.0,567.4556211579338,10.229989886283875,3758.885469986126,7291.888508170796
1788072945,50,,Aggregated,12.300000,0.100000,360,590,790,950,1400,1800,2300,2700,3400,3700,3800,11396,128,360.0,568.0144337968944,10.229989886283875,3758.885469986126,7290.626096876097
1788072946,50,,Aggregated,13.100000,0.000000,360,590,790,950,1400,1800,2300,2700,3400,3700,3800,11412,128,360.0,568.3537735467258,10.229989886283875,3758.885469986126,7291.904223624255
1788072947,50,,Aggregated,13.100000,0.000000,360,590,790,950,1400,1800,2300,2700,3400,3700,3800,11421,128,360.0,568.1898768604669,10.229989886283875,3758.885469986126,7292.041064705368
1788072948,50,,Aggregated,13.000000,0.000000,360,590,790,950,1400,1800,2300,2700,3400,3700,3800,11442,128,360.0,567.9947259728498,10.229989886283875,3758.885469986126,7292.768834119909
1788072949,50,,Aggregated,12.100000,0.000000,360,590,790,950,1400,1800,2300,2700,3400,3700,3800,11452,128,360.0,567.6574349865139,10.229989886283875,3758.885469986126,7293.9146873908485
1788072950,50,,Aggregated,12.900000,0.000000,360,590,790,950,1400,1800,2300,2700,3400,3700,3800,11462,128,360.0,567.7919609955936,10.229989886283875,3758.885469986126,7293.4246204850815
1788072951,50,,Aggregated,12.900000,0.000000,360,590,790,950,1400,1800,2300,2700,3400,3700,3800,11471,128,360.0,568.1781509713186,10.229989886283875,3758.885469986126,7294.172522012031
1788072952,50,,Aggregated,12.300000,0.000000,360,590,790,950,1400,1800,2300,2700,3400,3700,3800,11482,129,360.0,568.6915502143554,10.229989886283875,3758.885469986126,7292.622452534401
1788072953,50,,Aggregated,12.100000,0.000000,360,600,800,960,1400,1800,2300,2700,3400,3700,3800,11496,129,360.0,569.6808352475497,10.229989886283875,3758.885469986126,7292.979558107168
1788072954,50,,Aggregated,12.300000,0.100000,360,600,800,960,1400,1800,2300,2600,3400,3700,3800,11516,130,360.0,569.7875965683875,10.229989886283875,3758.885469986126,7295.076762764849
1788072955,50,,Aggregated,12.700000,0.100000,360,590,800,960,1400,1800,2300,2600,3400,3700,3800,11528,130,360.0,569.4270094015496,10.229989886283875,3758.885469986126,7297.750173490632
1788072956,50,,Aggregated,13.000000,0.200000,360,590,800,950,1400,1800,2300,2600,3400,3700,3800,11538,130,360.0,569.358382142953,10.229989886283875,3758.885469986126,7300.144999133298
1788072957,50,,Aggregated,13.200000,0.200000,360,600,790,950,1400,1800,2300,2600,3400,3700,3800,11546,130,360.0,569.4532424594888,10.229989886283875,3758.885469986126,7298.802875454703
1788072958,50,,Aggregated,12.500000,0.200000,360,600,800,960,1400,1800,2300,2600,3400,3700,3800,11554,130,360.0,570.1820324182314,10.229989886283875,3758.885469986126,7300.896226415094
1788072959,50,,Aggregated,12.100000,0.200000,360,600,800,960,1400,1800,2300,2600,3400,3700,3800,11567,130,360.0,571.0161600201822,10.229989886283875,3758.885469986126,7301.517593152935
1788072960,50,,Aggregated,11.300000,0.200000,360,600,800,960,1400,1800,2300,2600,3400,3700,3800,11583,131,360.0,571.9445348695523,10.229989886283875,3758.885469986126,7302.9552792886125
1788072961,50,,Aggregated,11.000000,0.200000,360,600,800,960,1400,1800,2300,2600,3400,3700,3800,11597,131,360.0,572.2572259959929,10.229989886283875,3758.885469986126,7304.17099249806
1788072962,50,,Aggregated,12.100000,0.300000,360,600,800,960,1400,1800,2300,2600,3400,3700,3800,11613,131,360.0,572.0662254105375,10.229989886283875,3758.885469986126,7303.579350727633
1788072963,50,,Aggregated,12.200000,0.300000,360,600,800,960,1400,1800,2300,2600,3400,3700,3800,11632,131,360.0,571.6962422918763,10.229989886283875,3758.885469986126,7303.325395460798
1788072964,50,,Aggregated,12.700000,0.200000,360,600,800,960,1400,1800,2300,2600,3400,3700,3800,11639,131,360.0,571.5733945895995,10.229989886283875,3758.885469986126,7303.246069249935
1788072965,50,,Aggregated,13.500000,0.200000,360,600,800,960,1400,1800,2300,2600,3400,3700,3800,11655,131,360.0,571.2647276931709,10.229989886283875,3758.885469986126,7306.816044616045
1788072966,50,,Aggregated,12.200000,0.100000,360,600,800,960,1400,1800,2300,2600,3400,3700,3800,11668,131,360.0,571.0488512985077,10.229989886283875,3758.885469986126,7308.498028796709
1788072967,50,,Aggregated,12.400000,0.100000,360,600,800,960,1400,1800,2300,2600,3400,3700,3800,11685,131,360.0,570.4497173300813,10.229989886283875,3758.885469986126,7307.702182284981
1788072968,50,,Aggregated,12.900000,0.100000,360,600,800,960,1400,1800,2300,2600,3400,3700,3800,11694,131,360.0,570.1405915805553,10.229989886283875,3758.885469986126,7308.067898067385
1788072969,50,,Aggregated,13.800000,0.100000,360,600,800,950,1400,1800,2300,2600,3400,3700,3800,11707,132,360.0,569.6471259054598,10.229989886283875,3758.885469986126,7305.368326642179
1788072970,50,,Aggregated,13.700000,0.100000,360,600,800,950,1400,1800,2300,2600,3400,3700,3800,11722,132,360.0,569.3499855733702,10.229989886283875,3758.885469986126,7303.879201501451
1788072971,50,,Aggregated,14.000000,0.100000,360,590,790,950,1400,1800,2300,2600,3400,3700,3800,11733,132,360.0,569.1249271914529,10.229989886283875,3758.885469986126,7302.287820676724
1788072972,50,,Aggregated,13.100000,0.100000,360,590,790,950,1400,1800,2300,2600,3400,3700,3800,11737,132,360.0,569.1732025254852,10.229989886283875,3758.885469986126,7302.4347789043195
1788072973,50,,Aggregated,13.500000,0.100000,360,600,800,950,1400,1800,2300,2600,3400,3700,3800,11748,132,360.0,569.810734155275,10.229989886283875,3758.885469986126,7302.814862104188
1788072974,50,,Aggregated,12.800000,0.100000,360,600,800,960,1400,1800,2300,2600,3400,3700,3800,11767,132,360.0,571.0375701710695,10.229989886283875,3758.885469986126,7304.322682076995
1788072975,50,,Aggregated,11.600000,0.100000,360,600,800,960,1400,1800,2300,2600,3400,3700,3800,11780,132,360.0,571.0747350739783,10.229989886283875,3758.885469986126,7304.869524617997
1788072976,50,,Aggregated,12.000000,0.100000,360,600,800,960,1400,1800,2300,2600,3400,3700,3800,11794,132,360.0,570.996915272174,10.229989886283875,3758.885469986126,7306.430897066305
1788072977,50,,Aggregated,12.300000,0.100000,360,600,800,960,1400,1800,2300,2600,3400,3700,3800,11801,133,360.0,570.8337989572827,10.229989886283875,3758.885469986126,7307.953563257351
1788072978,50,,Aggregated,12.100000,0.100000,360,600,800,960,1400,1800,2300,2600,3400,3700,3800,11817,133,360.0,571.0468019774232,10.229989886283875,3758.885469986126,7308.157484979267
1788072979,50,,Aggregated,11.700000,0.200000,360,600,800,960,1400,1800,2300,2600,3400,3700,3800,11834,135,360.0,571.1327632109048,10.229989886283875,3758.885469986126,7307.595994591854
1788072980,50,,Aggregated,11.700000,0.200000,360,600,800,960,1400,1800,2300,2600,3400,3700,3800,11850,135,360.0,570.7024518190589,10.229989886283875,3758.885469986126,7307.354092827004
1788072981,50,,Aggregated,12.400000,0.400000,360,600,800,960,1400,1800,2300,2600,3400,3700,3800,11857,135,360.0,570.5861400943761,10.229989886283875,3758.885469986126,7306.4647887323945
1788072982,50,,Aggregated,13.100000,0.300000,360,600,800,960,1400,1800,2300,2600,3400,3700,3800,11875,135,360.0,570.5070296109311,10.229989886283875,3758.885469986126,7309.605052631579
1788072983,50,,Aggregated,12.300000,0.300000,360,600,800,950,1400,1800,2300,2600,3400,3700,3800,11892,135,360.0,570.1329944289137,10.229989886283875,3758.885469986126,7308.072485704675
1788072984,50,,Aggregated,12.900000,0.300000,360,590,800,950,1400,1800,2300,2600,3400,3700,3800,11908,135,360.0,569.5364713038217,10.229989886283875,3758.885469986126,7305.431642593215
1788072985,50,,Aggregated,13.900000,0.300000,360,590,790,950,1400,1800,2300,2600,3400,3700,3800,11919,135,360.0,569.1075871215043,10.229989886283875,3758.885469986126,7305.474536454401
1788072986,50,,Aggregated,14.200000,0.300000,360,590,790,950,1400,1800,2300,2600,3400,3700,3800,11926,135,360.0,568.9234965950274,10.229989886283875,3758.885469986126,7305.758930068758
1788072987,50,,Aggregated,13.700000,0.300000,360,590,800,950,1400,1800,2300,2600,3400,3700,3800,11934,135,360.0,569.2896842796562,10.229989886283875,3758.885469986126,7305.762694821518
1788072988,50,,Aggregated,13.400000,0.300000,360,600,800,960,1400,1800,2300,2600,3400,3700,3800,11948,135,360.0,570.0643738163657,10.229989886283875,3758.885469986126,7303.285905590894
1788072989,50,,Aggregated,13.000000,0.200000,360,600,800,960,1400,1800,2300,2600,3400,3700,3800,11973,136,360.0,570.7372581436077,10.229989886283875,3758.885469986126,7304.112503132047
1788072990,50,,Aggregated,12.900000,0.200000,360,600,800,960,1400,1800,2300,2600,3400,3700,3800,11984,136,360.0,570.6506580847323,10.229989886283875,3758.885469986126,7304.995076769025
1788072991,50,,Aggregated,13.200000,0.000000,360,600,800,960,1400,1800,2300,2600,3400,3700,3800,11992,136,360.0,570.4337999282832,10.229989886283875,3758.885469986126,7306.791527685124
1788072992,50,,Aggregated,13.200000,0.100000,360,600,800,960,1400,1800,2300,2600,3400,3700,3800,11999,136,360.0,570.1686740202542,10.229989886283875,3758.885469986126,7306.642886907242
1788072993,50,,Aggregated,13.500000,0.100000,360,600,800,960,1400,1800,2300,2600,3400,3700,3800,12010,137,360.0,570.2309456839421,10.229989886283875,3758.885469986126,7305.835137385512
1788072994,50,,Aggregated,12.800000,0.100000,360,600,800,960,1400,1800,2300,2600,3400,3700,3800,12019,137,360.0,570.4436453264232,10.229989886283875,3758.885469986126,7305.290623179965
1788072995,50,,Aggregated,11.900000,0.100000,360,600,800,960,1400,1800,2300,2600,3400,3700,3800,12031,137,360.0,570.997630469854,10.229989886283875,3758.885469986126,7306.616906325326
1788072996,50,,Aggregated,11.600000,0.200000,360,600,800,960,1400,1800,2300,2600,3400,3700,3800,12046,137,360.0,571.2939844480933,10.229989886283875,3758.885469986126,7306.836045160219
1788072997,50,,Aggregated,11.000000,0.200000,360,600,800,960,1400,1800,2300,2600,3400,3700,3800,12060,137,360.0,571.3697075936866,10.229989886283875,3758.885469986126,7309.262686567165
1788072998,50,,Aggregated,11.300000,0.200000,360,600,800,960,1400,1800,2300,2600,3400,3700,3800,12067,137,360.0,571.4497466796143,10.229989886283875,3758.885469986126,7310.35634374741
1788072999,50,,Aggregated,12.100000,0.200000,360,600,800,960,1400,1800,2300,2600,3400,3700,3800,12086,137,360.0,571.3887607877041,10.229989886283875,3758.885469986126,7310.242842958795
1788073000,50,,Aggregated,12.400000,0.200000,360,600,800,960,1400,1800,2300,2600,3400,3700,3800,12094,137,360.0,571.1789930880826,10.229989886283875,3758.885469986126,7310.037621961304
1788073002,50,,Aggregated,11.000000,0.200000,360,600,800,960,1400,1800,2300,2600,3400,3700,3800,12103,137,360.0,571.6086401863668,10.229989886283875,3758.885469986126,7311.034867388251
1788073003,50,,Aggregated,11.300000,0.100000,360,600,800,960,1400,1800,2300,2600,3400,3700,3800,12125,138,360.0,572.2303841083512,10.229989886283875,3758.885469986126,7309.318680412372
1788073004,50,,Aggregated,10.800000,0.100000,360,600,800,960,1400,1800,2300,2600,3400,3700,3800,12136,138,360.0,572.1662352236474,10.229989886283875,3758.885469986126,7310.483108108108
1788073005,50,,Aggregated,11.000000,0.100000,360,600,800,960,1400,1800,2300,2600,3400,3700,3800,12147,138,360.0,571.9740359009536,10.229989886283875,3758.885469986126,7310.98979171812
1788073006,50,,Aggregated,12.400000,0.100000,360,600,800,960,1400,1800,2300,2600,3400,3700,3800,12162,138,360.0,571.8796870163052,10.229989886283875,3758.885469986126,7311.010031244861
1788073007,50,,Aggregated,12.400000,0.100000,360,600,800,960,1400,1800,2300,2600,3400,3700,3800,12178,138,360.0,571.4811697407603,10.229989886283875,3758.885469986126,7311.612333716538
1788073008,50,,Aggregated,12.600000,0.100000,360,600,800,960,1400,1800,2300,2600,3400,3700,3800,12191,138,360.0,571.1463633240994,10.229989886283875,3758.885469986126,7312.77458781068
1788073009,50,,Aggregated,13.000000,0.100000,360,600,800,960,1400,1800,2300,2600,3400,3700,3800,12202,138,360.0,570.9045992508661,10.229989886283875,3758.885469986126,7312.603917390592
1788073010,50,,Aggregated,12.700000,0.100000,360,600,800,960,1400,1800,2300,2600,3400,3700,3800,12213,138,360.0,570.8940427472661,10.229989886283875,3758.885469986126,7313.140260378285
1788073011,50,,Aggregated,13.300000,0.100000,360,600,800,960,1400,1800,2300,2600,3400,3700,3800,12228,138,360.0,570.7354361233587,10.229989886283875,3758.885469986126,7314.887798495257
1788073012,50,,Aggregated,12.200000,0.100000,360,600,800,960,1400,1800,2300,2600,3400,3700,3800,12247,138,360.0,570.180541754072,10.229989886283875,3758.885469986126,7312.679350044909
1788073013,50,,Aggregated,13.100000,0.100000,360,600,800,960,1400,1800,2300,2600,3400,3700,3800,12260,138,360.0,569.8326694167396,10.229989886283875,3758.885469986126,7312.500407830343
1788073014,50,,Aggregated,14.200000,0.100000,360,590,800,960,1400,1800,2300,2600,3400,3700,3800,12268,138,360.0,569.6148357282478,10.229989886283875,3758.885469986126,7313.585588522987
1788073015,50,,Aggregated,14.200000,0.100000,360,590,800,950,1400,1800,2300,2600,3400,3700,3800,12282,138,360.0,569.0856425309175,10.229989886283875,3758.885469986126,7313.6895456766
1788073016,50,,Aggregated,12.900000,0.000000,360,590,800,960,1400,1800,2300,2600,3400,3700,3800,12287,138,360.0,569.1437523813496,10.229989886283875,3758.885469986126,7316.167331325792
1788073017,50,,Aggregated,12.900000,0.000000,360,600,800,960,1400,1800,2300,2600,3400,3700,3800,12300,138,360.0,569.4578281931042,10.229989886283875,3758.885469986126,7316.689430894309
1788073018,50,,Aggregated,12.600000,0.000000,360,600,800,960,1400,1800,2300,2600,3400,3700,3800,12310,138,360.0,569.9720622411612,10.229989886283875,3758.885469986126,7317.764094232331
1788073019,50,,Aggregated,12.200000,0.000000,360,600,800,960,1400,1800,2300,2600,3400,3700,3800,12338,139,360.0,570.2356844565835,10.229989886283875,3758.885469986126,7316.214459393743
1788073020,50,,Aggregated,12.000000,0.000000,360,600,800,960,1400,1800,2300,2600,3400,3700,3800,12349,140,360.0,569.8949816396048,10.229989886283875,3758.885469986126,7315.831808243583
1788073021,50,,Aggregated,13.500000,0.100000,360,600,800,960,1400,1800,2300,2600,3400,3700,3800,12355,140,360.0,569.6769730165527,10.229989886283875,3758.885469986126,7315.063537029543
1788073022,50,,Aggregated,13.600000,0.200000,360,600,800,950,1400,1800,2300,2600,3400,3700,3800,12376,140,360.0,569.1658918607427,10.229989886283875,3758.885469986126,7315.332498383969
1788073023,50,,Aggregated,12.900000,0.200000,360,590,790,950,1400,1800,2300,2600,3400,3700,3800,12385,140,360.0,568.8202781643347,10.229989886283875,3758.885469986126,7314.331287848204
1788073024,50,,Aggregated,12.900000,0.200000,360,590,790,950,1400,1800,2300,2600,3400,3700,3800,12396,140,360.0,568.7158506041657,10.229989886283875,3758.885469986126,7314.1341561794125
1788073025,50,,Aggregated,12.500000,0.200000,360,590,790,950,1400,1800,2300,2600,3400,3700,3800,12402,140,360.0,568.7626992849658,10.229989886283875,3758.885469986126,7313.327769714562
1788073026,50,,Aggregated,13.000000,0.200000,360,600,800,950,1400,1800,2300,2600,3400,3700,3800,12411,140,360.0,569.2696459795685,10.229989886283875,3758.885469986126,7313.230440738055
1788073027,50,,Aggregated,11.900000,0.200000,360,600,800,960,1400,1800,2300,2600,3400,3700,3800,12432,141,360.0,570.8937368464241,10.229989886283875,3758.885469986126,7314.189832689833
1788073028,50,,Aggregated,12.400000,0.200000,360,600,800,960,1400,1800,2300,2600,3400,3700,3800,12444,141,360.0,571.3426799411466,10.229989886283875,3758.885469986126,7315.49943747991
1788073029,50,,Aggregated,12.000000,0.200000,360,600,800,960,1400,1800,2300,2600,3400,3700,3800,12465,142,360.0,571.0788853919471,10.229989886283875,3758.885469986126,7313.406257521059
1788073030,50,,Aggregated,13.400000,0.300000,360,600,800,960,1400,1800,2300,2600,3400,3700,3800,12479,143,360.0,570.5833924935089,10.229989886283875,3758.885469986126,7311.238480647487
1788073031,50,,Aggregated,12.100000,0.300000,360,600,800,960,1400,1800,2300,2600,3400,3700,3800,12488,143,360.0,570.2378776568495,10.229989886283875,3758.885469986126,7312.084481101858
1788073032,50,,Aggregated,12.400000,0.200000,360,600,800,960,1400,1800,2300,2600,3400,3700,3800,12491,143,360.0,570.1992386390162,10.229989886283875,3758.885469986126,7312.500120086463
1788073033,50,,Aggregated,13.000000,0.300000,360,600,800,960,1400,1800,2300,2600,3400,3700,3800,12499,143,360.0,570.3733759644679,10.229989886283875,3758.885469986126,7312.007200576046
1788073034,50,,Aggregated,11.600000,0.300000,360,600,800,960,1400,1800,2300,2600,3400,3700,3800,12521,143,360.0,571.7379794505603,10.229989886283875,3758.885469986126,7315.540611772222
1788073035,50,,Aggregated,11.200000,0.300000,360,600,800,960,1400,1800,2300,2600,3400,3700,3800,12536,144,360.0,571.6239427585656,10.229989886283875,3758.885469986126,7316.103222718571
1788073036,50,,Aggregated,11.300000,0.300000,360,600,800,960,1400,1800,2300,2600,3400,3700,3800,12550,145,360.0,571.0915517714432,10.229989886283875,3758.885469986126,7313.408605577689
1788073037,50,,Aggregated,12.800000,0.300000,360,600,800,960,1400,1800,2300,2600,3400,3700,3800,12561,145,360.0,570.6701765078468,10.229989886283875,3758.885469986126,7312.15707348141
1788073038,50,,Aggregated,13.400000,0.500000,360,600,800,960,1400,1800,2300,2600,3400,3700,3800,12568,145,360.0,570.6609058785609,10.229989886283875,3758.885469986126,7311.002784850414
1788073039,50,,Aggregated,13.400000,0.500000,360,600,800,960,1400,1800,2300,2600,3400,3700,3800,12579,146,360.0,571.4582010387832,10.229989886283875,3758.885469986126,7311.600604181573
1788073040,50,,Aggregated,12.400000,0.400000,360,600,800,960,1400,1800,2300,2600,3400,3700,3800,12605,146,360.0,572.548133067588,10.229989886283875,3758.885469986126,7311.546767155891
1788073041,50,,Aggregated,11.400000,0.300000,360,600,800,960,1400,1800,2300,2600,3400,3700,3800,12613,146,360.0,572.351623290027,10.229989886283875,3758.885469986126,7312.970030920479
1788073042,50,,Aggregated,12.000000,0.400000,360,600,800,960,1400,1800,2300,2600,3400,3700,3800,12618,146,360.0,572.2826444257335,10.229989886283875,3758.885469986126,7312.780630844825
1788073043,50,,Aggregated,12.400000,0.300000,360,600,800,960,1400,1800,2300,2600,3400,3700,3800,12632,146,360.0,572.3229148503681,10.229989886283875,3758.885469986126,7313.605050664978
1788073044,50,,Aggregated,12.400000,0.300000,360,600,800,960,1400,1800,2300,2600,3400,3700,3800,12648,147,360.0,572.4041113487418,10.229989886283875,3758.885469986126,7313.626739405439
1788073045,50,,Aggregated,12.500000,0.300000,360,600,800,960,1400,1800,2300,2600,3400,3700,3800,12659,147,360.0,572.1856141564816,10.229989886283875,3758.885469986126,7316.881270242515
1788073046,50,,Aggregated,12.900000,0.300000,360,600,800,960,1400,1800,2300,2600,3400,3700,3800,12674,147,360.0,571.6168483064974,10.229989886283875,3758.885469986126,7314.812608489821
1788073047,50,,Aggregated,12.200000,0.400000,360,600,800,960,1400,1800,2300,2600,3400,3700,3800,12684,147,360.0,571.5685714427325,10.229989886283875,3758.885469986126,7317.078287606433
1788073048,50,,Aggregated,12.100000,0.200000,360,600,800,960,1400,1800,2300,2600,3400,3700,3800,12691,147,360.0,571.78344651827,10.229989886283875,3758.885469986126,7318.860609881018
1788073049,50,,Aggregated,12.100000,0.200000,360,600,800,960,1400,1800,2300,2600,3400,3700,3800,12705,147,360.0,571.8895126089992,10.229989886283875,3758.885469986126,7319.025737898465
1788073050,50,,Aggregated,11.900000,0.200000,360,600,800,960,1400,1800,2300,2600,3400,3700,3800,12721,147,360.0,572.0468783578461,10.229989886283875,3758.885469986126,7320.626365851741
1788073051,50,,Aggregated,12.500000,0.200000,360,600,800,960,1400,1800,2300,2600,3400,3700,3800,12727,147,360.0,572.0252043267865,10.229989886283875,3758.885469986126,7320.504360807731
1788073052,50,,Aggregated,11.800000,0.100000,360,600,800,960,1400,1800,2300,2600,3400,3700,3800,12751,148,360.0,571.7639909438107,10.229989886283875,3758.885469986126,7319.729668261313
1788073053,50,,Aggregated,11.300000,0.100000,360,600,800,960,1400,1800,2300,2600,3400,3700,3800,12762,148,360.0,571.4329040960024,10.229989886283875,3758.885469986126,7319.136734054224
1788073054,50,,Aggregated,11.600000,0.100000,360,600,800,960,1400,1800,2300,2600,3400,3700,3800,12774,148,360.0,571.0832402623188,10.229989886283875,3758.885469986126,7320.384844214811
1788073056,50,,Aggregated,13.200000,0.200000,360,600,800,960,1400,1800,2300,2600,3400,3700,3800,12783,148,360.0,570.854342463995,10.229989886283875,3758.885469986126,7319.891809434405
1788073057,50,,Aggregated,12.600000,0.200000,360,600,800,960,1400,1800,2300,2600,3400,3700,3800,12792,150,360.0,570.8676296496474,10.229989886283875,3758.885469986126,7319.115462789243
1788073058,50,,Aggregated,12.300000,0.100000,360,600,800,960,1400,1800,2300,2600,3400,3700,3800,12802,150,360.0,571.154126687703,10.229989886283875,3758.885469986126,7318.9689111076395
1788073059,50,,Aggregated,11.700000,0.300000,360,600,800,960,1400,1800,2300,2600,3400,3700,3800,12810,150,360.0,571.8646766709682,10.229989886283875,3758.885469986126,7319.716627634661
1788073060,50,,Aggregated,11.800000,0.300000,360,600,800,960,1400,1800,2300,2600,3400,3700,3800,12834,151,360.0,572.9570094753733,10.229989886283875,3758.885469986126,7318.270920991117
1788073061,50,,Aggregated,11.400000,0.300000,360,600,800,960,1400,1800,2300,2600,3400,3700,3800,12841,151,360.0,573.0716415203208,10.229989886283875,3758.885469986126,7318.17085896737
1788073062,50,,Aggregated,12.500000,0.400000,360,600,810,960,1400,1800,2300,2600,3400,3700,3800,12860,153,360.0,573.5296476041409,10.229989886283875,3758.885469986126,7319.845023328149
1788073063,50,,Aggregated,11.900000,0.400000,360,600,810,960,1400,1800,2300,2600,3400,3700,3800,12873,153,360.0,573.4655019334649,10.229989886283875,3758.885469986126,7320.386933892643
1788073064,50,,Aggregated,12.700000,0.600000,360,600,810,960,1400,1800,2300,2600,3400,3700,3800,12884,153,360.0,573.0766857222393,10.229989886283875,3758.885469986126,7319.190003104626
1788073065,50,,Aggregated,11.700000,0.500000,360,600,800,960,1400,1800,2300,2600,3400,3700,3800,12895,153,360.0,572.8642031393682,10.229989886283875,3758.885469986126,7319.448235750291
1788073066,50,,Aggregated,11.900000,0.500000,360,600,800,960,1400,1800,2300,2600,3400,3700,3800,12909,154,360.0,572.8067668854536,10.229989886283875,3758.885469986126,7318.802773258966
1788073067,50,,Aggregated,11.900000,0.500000,360,600,800,960,1400,1800,2300,2600,3400,3700,3800,12915,154,360.0,573.062656244982,10.229989886283875,3758.885469986126,7320.175609756097
1788073068,50,,Aggregated,12.000000,0.600000,360,600,810,960,1400,1800,2300,2600,3400,3700,3800,12926,154,360.0,573.3943641072714,10.229989886283875,3758.885469986126,7317.991103202847
1788073069,50,,Aggregated,11.900000,0.400000,360,610,810,960,1400,1800,2300,2600,3400,3700,3800,12937,154,360.0,574.1944906961288,10.229989886283875,3758.885469986126,7319.051944036484
1788073070,50,,Aggregated,12.300000,0.400000,360,610,810,970,1400,1800,2300,2600,3400,3700,3800,12946,154,360.0,574.8072750038755,10.229989886283875,3758.885469986126,7319.097868067357
1788073071,50,,Aggregated,12.300000,0.400000,370,610,810,970,1400,1800,2300,2600,3400,3700,3800,12967,156,370.0,575.7111419995318,10.229989886283875,3758.885469986126,7320.345800879155
1788073072,50,,Aggregated,10.900000,0.300000,370,610,810,970,1400,1800,2300,2600,3400,3700,3800,12979,156,370.0,575.6555326979443,10.229989886283875,3758.885469986126,7321.179828954465
1788073073,50,,Aggregated,12.400000,0.500000,360,610,810,970,1400,1800,2300,2600,3400,3700,3800,12992,157,360.0,575.301961257685,10.229989886283875,3758.885469986126,7323.165717364532
1788073074,50,,Aggregated,11.600000,0.300000,360,610,810,970,1400,1800,2300,2600,3400,3700,3800,12999,157,360.0,575.127329881462,10.229989886283875,3758.885469986126,7322.156319716902
1788073075,50,,Aggregated,11.700000,0.300000,370,610,810,970,1400,1800,2300,2600,3400,3700,3800,13008,157,360.0,575.392272821876,10.229989886283875,3758.885469986126,7324.138145756458
1788073076,50,,Aggregated,11.500000,0.400000,370,610,810,970,1400,1800,2300,2600,3400,3700,3800,13021,157,370.0,576.4350504313652,10.229989886283875,3758.885469986126,7323.678596113969
1788073077,50,,Aggregated,11.000000,0.400000,370,610,810,970,1400,1800,2300,2600,3400,3700,3800,13042,157,370.0,577.2414290778376,10.229989886283875,3758.885469986126,7322.014338291673
1788073078,50,,Aggregated,10.700000,0.300000,370,610,810,970,1400,1800,2300,2600,3400,3700,3800,13050,157,370.0,577.1134635861214,10.229989886283875,3758.885469986126,7320.117318007663
1788073079,50,,Aggregated,12.000000,0.300000,370,610,810,970,1400,1800,2300,2600,3400,3700,3800,13067,157,370.0,577.1723792644221,10.229989886283875,3758.885469986126,7320.083569296701
1788073080,50,,Aggregated,12.300000,0.300000,370,610,810,970,1400,1800,2300,2600,3400,3700,3800,13080,157,370.0,576.826622685352,10.229989886283875,3758.885469986126,7320.827293577981
1788073081,50,,Aggregated,12.600000,0.300000,370,610,810,970,1400,1800,2300,2600,3400,3700,3800,13094,157,370.0,576.6709818971266,10.229989886283875,3758.885469986126,7319.238124331755
1788073082,50,,Aggregated,13.200000,0.300000,370,610,810,970,1400,1800,2300,2600,3400,3700,3800,13114,157,370.0,576.8557555685696,10.229989886283875,3758.885469986126,7320.396141528138
1788073083,50,,Aggregated,12.700000,0.100000,370,610,810,970,1400,1800,2300,2600,3400,3700,3800,13123,157,370.0,576.5175468701116,10.229989886283875,3758.885469986126,7318.299931418121
1788073084,50,,Aggregated,12.600000,0.100000,370,610,810,970,1400,1800,2300,2600,3400,3700,3800,13137,157,370.0,576.1953037389508,10.229989886283875,3758.885469986126,7318.048260637893
1788073085,50,,Aggregated,13.300000,0.100000,370,610,810,970,1400,1800,2300,2600,3400,3700,3800,13149,157,370.0,575.7362323623179,10.229989886283875,3758.885469986126,7315.882196364742
1788073086,50,,Aggregated,13.300000,0.000000,370,610,810,970,1400,1800,2300,2600,3400,3700,3800,13155,158,370.0,575.7207621496733,10.229989886283875,3758.885469986126,7316.782896237172
1788073087,50,,Aggregated,14.100000,0.000000,370,610,810,970,1400,1800,2300,2600,3400,3700,3800,13168,158,370.0,576.4022010920938,10.229989886283875,3758.885469986126,7316.012226609963
1788073088,50,,Aggregated,14.100000,0.100000,370,610,810,970,1400,1800,2300,2600,3400,3700,3800,13188,158,370.0,577.256123118648,10.229989886283875,3758.885469986126,7315.300803760995
1788073089,50,,Aggregated,12.700000,0.100000,370,610,810,970,1400,1800,2300,2600,3400,3700,3800,13197,159,370.0,577.2974553962664,10.229989886283875,3758.885469986126,7314.9058877017505
1788073090,50,,Aggregated,12.900000,0.100000,370,610,810,970,1400,1800,2300,2600,3400,3700,3800,13207,159,370.0,577.5954549426594,10.229989886283875,3758.885469986126,7317.342242750056
1788073091,50,,Aggregated,13.700000,0.200000,370,610,810,970,1400,1800,2300,2600,3400,3700,3800,13223,159,370.0,578.0675746624804,10.229989886283875,3758.885469986126,7317.65900325191
1788073092,50,,Aggregated,12.600000,0.200000,370,610,810,970,1400,1800,2300,2600,3400,3700,3800,13235,159,370.0,578.191240771484,10.229989886283875,3758.885469986126,7319.1279939554215
1788073093,50,,Aggregated,12.400000,0.200000,370,610,810,970,1400,1800,2300,2600,3400,3700,3800,13247,159,370.0,578.1331385050714,10.229989886283875,3758.885469986126,7320.364157922549
1788073094,50,,Aggregated,12.900000,0.200000,370,610,810,970,1400,1800,2300,2600,3400,3700,3800,13260,159,370.0,578.0792479968889,10.229989886283875,3758.885469986126,7320.762443438914
1788073095,50,,Aggregated,11.800000,0.200000,370,610,810,970,1400,1800,2300,2600,3400,3700,3800,13270,159,370.0,577.8776991157389,10.229989886283875,3758.885469986126,7321.635493594575
1788073096,50,,Aggregated,11.900000,0.200000,370,610,810,970,1400,1800,2300,2600,3400,3700,3800,13289,159,370.0,577.8420154570572,10.229989886283875,3758.885469986126,7318.7145007148765
1788073097,50,,Aggregated,12.100000,0.200000,370,610,810,970,1400,1800,2300,2600,3400,3700,3800,13301,159,370.0,577.5138902962522,10.229989886283875,3758.885469986126,7317.990677392677
1788073098,50,,Aggregated,12.400000,0.100000,370,610,810,970,1400,1800,2300,2600,3400,3700,3800,13308,159,370.0,577.583018789005,10.229989886283875,3758.885469986126,7319.365945296063
1788073099,50,,Aggregated,13.800000,0.100000,370,610,810,970,1400,1800,2300,2600,3400,3700,3800,13324,159,370.0,577.9326896287026,10.229989886283875,3758.885469986126,7318.9404082858
1788073100,50,,Aggregated,12.400000,0.100000,370,610,810,970,1400,1800,2300,2600,3400,3700,3800,13345,159,370.0,577.676143049468,10.229989886283875,3758.885469986126,7319.399625327838
1788073101,50,,Aggregated,11.500000,0.000000,370,610,810,970,1400,1800,2300,2600,3400,3700,3800,13353,159,370.0,577.3690601470869,10.229989886283875,3758.885469986126,7318.734291919419
1788073102,50,,Aggregated,12.900000,0.000000,370,610,810,970,1400,1800,2300,2600,3400,3700,3800,13366,159,370.0,576.9429443051923,10.229989886283875,3758.885469986126,7321.171928774503
1788073103,50,,Aggregated,13.000000,0.000000,370,610,810,970,1400,1800,2300,2600,3400,3700,3800,13372,159,370.0,576.7495345656042,10.229989886283875,3758.885469986126,7320.405623691296
1788073104,50,,Aggregated,12.800000,0.000000,370,610,810,970,1400,1800,2300,2600,3400,3700,3800,13381,159,370.0,576.9430221196133,10.229989886283875,3758.885469986126,7321.143636499514
1788073105,50,,Aggregated,12.900000,0.000000,370,610,810,970,1400,1800,2300,2600,3400,3700,3800,13390,159,370.0,577.5861761024461,10.229989886283875,3758.885469986126,7320.181179985064
1788073106,50,,Aggregated,12.500000,0.000000,370,610,810,970,1400,1800,2300,2600,3400,3700,3800,13416,159,370.0,578.8180788362287,10.229989886283875,3758.885469986126,7321.228011329756
1788073107,50,,Aggregated,11.700000,0.000000,370,610,810,970,1400,1800,2300,2600,3400,3700,3800,13432,159,370.0,578.2494427133024,10.229989886283875,3758.885469986126,7318.793254913639
1788073108,50,,Aggregated,11.800000,0.000000,370,610,810,970,1400,1800,2300,2600,3400,3700,3800,13438,159,370.0,578.0249808589814,10.229989886283875,3758.885469986126,7317.777124572109
1788073109,50,,Aggregated,12.200000,0.000000,370,610,810,970,1400,1800,2300,2600,3400,3700,3800,13453,159,370.0,577.4949909475183,10.229989886283875,3758.885469986126,7314.037389429867
1788073110,50,,Aggregated,13.100000,0.000000,370,610,810,970,1400,1800,2300,2600,3400,3700,3800,13459,159,370.0,577.4513855596236,10.229989886283875,3758.885469986126,7313.849320157516
1788073111,50,,Aggregated,12.800000,0.000000,370,610,810,970,1400,1800,2300,2600,3400,3700,3800,13467,159,370.0,577.7498251329265,10.229989886283875,3758.885469986126,7314.2604143461795
1788073113,50,,Aggregated,12.400000,0.000000,370,610,810,970,1400,1800,2300,2600,3400,3700,3800,13477,159,370.0,578.0057543457821,10.229989886283875,3758.885469986126,7313.778659939156
1788073114,50,,Aggregated,11.400000,0.000000,370,610,810,970,1400,1800,2300,2600,3400,3700,3800,13485,159,370.0,578.8636349721041,10.229989886283875,3758.885469986126,7317.743196143863
1788073115,50,,Aggregated,11.100000,0.000000,370,620,820,980,1400,1800,2300,2600,3400,3700,3800,13502,159,370.0,580.5260605828913,10.229989886283875,3758.885469986126,7320.414457117464
1788073116,50,,Aggregated,11.000000,0.000000,370,620,820,980,1400,1800,2300,2600,3400,3700,3800,13518,159,370.0,581.232160196903,10.229989886283875,3758.885469986126,7319.814025743453
1788073117,50,,Aggregated,12.000000,0.000000,370,620,820,980,1400,1800,2300,2600,3400,3700,3800,13529,159,370.0,581.0949634552896,10.229989886283875,3758.885469986126,7318.031192253678
1788073118,50,,Aggregated,12.500000,0.000000,370,620,820,980,1400,1800,2300,2600,3400,3700,3800,13546,159,370.0,581.3075500981242,10.229989886283875,3758.885469986126,7316.878340469511
1788073119,50,,Aggregated,10.900000,0.000000,370,620,820,980,1400,1800,2300,2600,3400,3700,3800,13559,160,370.0,581.0152002159098,10.229989886283875,3758.885469986126,7317.0118002802565
1788073120,50,,Aggregated,11.200000,0.000000,370,620,820,980,1400,1800,2300,2600,3400,3700,3800,13569,160,370.0,580.8542570831513,10.229989886283875,3758.885469986126,7318.322278723561
1788073121,50,,Aggregated,11.800000,0.100000,370,620,820,980,1400,1800,2300,2600,3400,3700,3800,13583,160,370.0,580.8018669106708,10.229989886283875,3758.885469986126,7316.062430979901
1788073122,50,,Aggregated,11.200000,0.100000,370,620,820,980,1400,1800,2300,2600,3400,3700,3800,13597,160,370.0,580.7396051630906,10.229989886283875,3758.885469986126,7316.810399352798
1788073123,50,,Aggregated,12.300000,0.100000,370,620,820,980,1400,1800,2300,2600,3400,3700,3800,13607,160,370.0,580.8196877060213,10.229989886283875,3758.885469986126,7317.485558903506
1788073124,50,,Aggregated,12.900000,0.100000,370,620,820,980,1400,1800,2300,2600,3400,3700,3800,13625,160,370.0,581.1320289905192,10.229989886283875,3758.885469986126,7318.788550458716
1788073125,50,,Aggregated,12.900000,0.100000,370,620,820,980,1400,1800,2300,2600,3400,3700,3800,13643,160,370.0,580.8094582123608,10.229989886283875,3758.885469986126,7316.272227515942
1788073126,50,,Aggregated,13.400000,0.100000,370,620,820,980,1400,1800,2300,2600,3400,3700,3800,13652,160,370.0,580.4981955206108,10.229989886283875,3758.885469986126,7314.891810723703
1788073127,50,,Aggregated,13.600000,0.100000,370,620,820,980,1400,1800,2300,2600,3400,3700,3800,13656,160,370.0,580.5551168505009,10.229989886283875,3758.885469986126,7315.041593438781
1788073128,50,,Aggregated,13.200000,0.100000,370,620,820,980,1400,1800,2300,2600,3400,3700,3800,13668,160,370.0,581.0944292521461,10.229989886283875,3758.885469986126,7314.983538191396
1788073129,50,,Aggregated,12.800000,0.100000,370,620,820,980,1400,1800,2300,2600,3400,3700,3800,13684,160,370.0,582.0356363500754,10.229989886283875,3758.885469986126,7313.895790704472
1788073130,50,,Aggregated,11.900000,0.100000,370,620,820,980,1400,1800,2300,2600,3400,3700,3800,13706,160,370.0,582.7472893067012,10.229989886283875,3758.885469986126,7314.882752079381
1788073131,50,,Aggregated,12.300000,0.000000,370,620,820,980,1400,1800,2300,2600,3400,3700,3800,13718,160,370.0,582.3795864614526,10.229989886283875,3758.885469986126,7315.092651990086
1788073132,50,,Aggregated,13.500000,0.000000,370,620,820,980,1400,1800,2300,2600,3400,3700,3800,13728,160,370.0,582.3112919003734,10.229989886283875,3758.885469986126,7317.196605477856
1788073133,50,,Aggregated,13.200000,0.000000,370,620,820,980,1400,1800,2300,2600,3400,3700,3800,13744,161,370.0,581.9308276715316,10.229989886283875,3758.885469986126,7317.551222351572
1788073134,50,,Aggregated,12.500000,0.000000,370,620,820,980,1400,1800,2300,2600,3400,3700,3800,13755,161,370.0,581.5329961085665,10.229989886283875,3758.885469986126,7318.785023627772
1788073135,50,,Aggregated,13.000000,0.100000,370,620,820,980,1400,1800,2300,2600,3400,3700,3800,13763,161,370.0,581.4193288103164,10.229989886283875,3758.885469986126,7318.422291651529
1788073136,50,,Aggregated,13.400000,0.100000,370,620,820,980,1400,1800,2300,2600,3400,3700,3800,13777,161,370.0,581.57855981312,10.229989886283875,3758.885469986126,7318.311098207157
1788073137,50,,Aggregated,12.300000,0.100000,370,620,820,980,1400,1800,2300,2600,3400,3700,3800,13780,161,370.0,581.6960000109802,10.229989886283875,3758.885469986126,7318.190566037736
1788073138,50,,Aggregated,12.200000,0.100000,370,620,820,980,1400,1800,2300,2600,3400,3700,3800,13809,163,370.0,583.0626710261478,10.229989886283875,3758.885469986126,7315.838366282859
1788073139,50,,Aggregated,12.300000,0.100000,370,620,820,980,1400,1800,2300,2600,3400,3700,3800,13820,164,370.0,582.7354199941575,10.229989886283875,3758.885469986126,7314.173154848047
1788073140,50,,Aggregated,12.700000,0.200000,370,620,820,980,1400,1800,2300,2600,3400,3700,3800,13836,164,370.0,582.3874424087525,10.229989886283875,3758.885469986126,7314.336152067071
1788073141,50,,Aggregated,13.900000,0.300000,370,620,820,980,1400,1800,2300,2600,3400,3700,3800,13847,164,370.0,581.9977876647401,10.229989886283875,3758.885469986126,7313.4075250956885
1788073142,50,,Aggregated,13.000000,0.400000,370,620,820,980,1400,1800,2300,2600,3400,3700,3800,13865,165,370.0,581.4244554478513,10.229989886283875,3758.885469986126,7313.690082942661
1788073143,50,,Aggregated,12.500000,0.400000,370,620,820,980,1400,1800,2300,2600,3400,3700,3800,13876,165,370.0,581.0526977889197,10.229989886283875,3758.885469986126,7312.540213317959
1788073144,50,,Aggregated,13.400000,0.400000,370,620,820,980,1400,1800,2300,2600,3400,3700,3800,13885,166,370.0,581.0140156860037,10.229989886283875,3758.885469986126,7310.0253510983075
1788073145,50,,Aggregated,13.400000,0.400000,370,620,820,980,1400,1800,2300,2600,3400,3700,3800,13896,166,370.0,581.5157493463712,10.229989886283875,3758.885469986126,7309.940990213011
1788073146,50,,Aggregated,12.700000,0.500000,370,620,820,980,1400,1800,2300,2600,3400,3700,3800,13912,166,370.0,581.8876961086539,10.229989886283875,3758.885469986126,7310.704427832087
1788073147,50,,Aggregated,12.400000,0.500000,370,620,820,980,1400,1800,2300,2600,3400,3700,3800,13932,167,370.0,581.8914475806909,10.229989886283875,3758.885469986126,7310.027777777777
1788073148,50,,Aggregated,13.600000,0.500000,370,620,820,980,1400,1800,2300,2600,3400,3700,3800,13941,167,370.0,581.5751377622944,10.229989886283875,3758.885469986126,7310.516031848504
1788073149,50,,Aggregated,14.100000,0.500000,370,620,820,980,1400,1800,2300,2600,3400,3700,3800,13955,167,370.0,581.1598449977985,10.229989886283875,3758.885469986126,7312.220279469724
1788073150,50,,Aggregated,14.600000,0.500000,370,620,820,980,1400,1800,2300,2600,3400,3700,3800,13960,167,370.0,581.1873195269098,10.229989886283875,3758.885469986126,7313.025
1788073151,50,,Aggregated,12.700000,0.400000,370,620,820,980,1400,1800,2300,2600,3400,3700,3800,13970,167,370.0,581.6420943601925,10.229989886283875,3758.885469986126,7313.4595561918395
1788073152,50,,Aggregated,12.600000,0.300000,370,620,820,980,1400,1800,2300,2600,3400,3700,3800,13977,168,370.0,582.0638994356341,10.229989886283875,3758.885469986126,7312.693997281248
1788073153,50,,Aggregated,12.400000,0.300000,370,620,820,980,1400,1800,2300,2600,3400,3700,3800,13998,168,370.0,583.6885191106913,10.229989886283875,3758.885469986126,7311.976353764823
1788073154,50,,Aggregated,11.500000,0.300000,370,620,820,980,1400,1800,2300,2600,3400,3700,3800,14011,169,370.0,583.5715250837014,10.229989886283875,3758.885469986126,7312.001927057312
1788073155,50,,Aggregated,11.100000,0.300000,370,620,820,980,1400,1800,2300,2600,3400,3700,3800,14020,170,370.0,583.4263515900641,10.229989886283875,3758.885469986126,7312.598288159772
1788073156,50,,Aggregated,12.400000,0.200000,370,620,820,980,1400,1800,2300,2600,3400,3700,3800,14037,170,370.0,583.0889659933215,10.229989886283875,3758.885469986126,7313.034765263233
1788073157,50,,Aggregated,12.800000,0.300000,370,620,820,980,1400,1800,2300,2600,3400,3700,3800,14045,170,370.0,582.902386804861,10.229989886283875,3758.885469986126,7311.910501957992
1788073158,50,,Aggregated,11.800000,0.400000,370,620,820,980,1400,1800,2300,2600,3400,3700,3800,14050,170,370.0,582.9046566361973,10.229989886283875,3758.885469986126,7311.509537366548
1788073159,50,,Aggregated,11.800000,0.400000,370,620,820,980,1400,1800,2300,2600,3400,3700,3800,14055,170,370.0,583.1699464596876,10.229989886283875,3758.885469986126,7311.752970473141
1788073160,50,,Aggregated,11.100000,0.300000,370,620,830,980,1400,1800,2300,2600,3400,3700,3800,14068,170,370.0,584.4881077809796,10.229989886283875,3758.885469986126,7312.442209269264
1788073161,50,,Aggregated,10.600000,0.300000,370,620,830,990,1400,1800,2300,2600,3400,3700,3800,14084,170,370.0,586.2550456690182,10.229989886283875,3758.885469986126,7314.10827889804
1788073162,50,,Aggregated,10.200000,0.300000,370,620,830,990,1400,1800,2300,2600,3400,3700,3800,14093,170,370.0,586.6411428612165,10.229989886283875,3758.885469986126,7315.026112254311
1788073163,50,,Aggregated,10.500000,0.300000,370,620,830,990,1400,1800,2300,2600,3400,3700,3800,14111,170,370.0,586.7717396080506,10.229989886283875,3758.885469986126,7315.218198568493
1788073164,50,,Aggregated,11.600000,0.300000,370,620,830,990,1400,1800,2300,2600,3400,3700,3800,14125,170,370.0,586.2716825984221,10.229989886283875,3758.885469986126,7314.264283185841
1788073165,50,,Aggregated,11.500000,0.200000,370,620,830,990,1400,1800,2300,2600,3400,3700,3800,14139,170,370.0,585.8986457148217,10.229989886283875,3758.885469986126,7312.813636042153
1788073166,50,,Aggregated,11.000000,0.200000,370,620,830,990,1400,1800,2300,2600,3400,3700,3800,14148,170,370.0,585.6495475594028,10.229989886283875,3758.885469986126,7313.434619734238
1788073167,50,,Aggregated,11.400000,0.100000,370,620,830,990,1400,1800,2300,2600,3400,3700,3800,14160,170,370.0,585.599224709006,10.229989886283875,3758.885469986126,7312.484180790961
1788073168,50,,Aggregated,11.300000,0.000000,370,620,830,990,1400,1800,2300,2600,3400,3700,3800,14175,170,370.0,585.6654312367825,10.229989886283875,3758.885469986126,7312.437178130512
1788073169,50,,Aggregated,11.100000,0.000000,370,620,830,990,1400,1800,2300,2600,3400,3700,3800,14193,170,370.0,585.2109514770725,10.229989886283875,3758.885469986126,7316.710843373494
1788073170,50,,Aggregated,11.300000,0.000000,370,620,820,990,1400,1800,2300,2600,3400,3700,3800,14204,170,370.0,584.9452615558431,10.229989886283875,3758.885469986126,7316.1885384398765
1788073172,50,,Aggregated,12.400000,0.000000,370,620,820,990,1400,1800,2300,2600,3400,3700,3800,14217,170,370.0,584.9225781465085,10.229989886283875,3758.885469986126,7315.718857705564
1788073173,50,,Aggregated,13.500000,0.000000,370,620,830,990,1400,1800,2300,2600,3400,3700,3800,14229,170,370.0,585.0090539150202,10.229989886283875,3758.885469986126,7317.246679316888
1788073174,50,,Aggregated,13.600000,0.000000,370,620,820,980,1400,1800,2300,2600,3400,3700,3800,14243,170,370.0,584.6551987084254,10.229989886283875,3758.885469986126,7316.3115916590605
1788073175,50,,Aggregated,13.300000,0.000000,370,620,820,980,1400,1800,2300,2600,3400,3700,3800,14258,170,370.0,584.3282287519008,10.229989886283875,3758.885469986126,7314.749263571329
1788073176,50,,Aggregated,13.300000,0.000000,370,620,820,980,1400,1800,2300,2600,3400,3700,3800,14267,170,370.0,584.1051960122325,10.229989886283875,3758.885469986126,7313.407583934954
1788073177,50,,Aggregated,13.000000,0.000000,370,620,820,980,1400,1800,2300,2600,3400,3700,3800,14285,170,370.0,583.6924960447875,10.229989886283875,3758.885469986126,7314.346517325866
1788073178,50,,Aggregated,12.800000,0.000000,370,620,820,980,1400,1800,2300,2600,3400,3700,3800,14302,170,370.0,583.0856503702508,10.229989886283875,3758.885469986126,7312.344846874563
1788073179,50,,Aggregated,13.400000,0.000000,370,620,820,980,1400,1800,2300,2600,3400,3700,3800,14312,170,370.0,582.7206765570146,10.229989886283875,3758.885469986126,7311.742034656232
1788073180,50,,Aggregated,13.900000,0.000000,370,620,820,980,1400,1800,2300,2600,3400,3700,3800,14325,170,370.0,582.3315245803465,10.229989886283875,3758.885469986126,7311.97577661431
1788073181,50,,Aggregated,13.600000,0.000000,370,620,820,980,1400,1800,2300,2600,3400,3700,3800,14337,170,370.0,581.96197652412,10.229989886283875,3758.885469986126,7310.434051754202
1788073182,50,,Aggregated,12.900000,0.000000,370,620,820,980,1400,1800,2300,2600,3400,3700,3800,14347,170,370.0,581.8577728932155,10.229989886283875,3758.885469986126,7313.316790966753
1788073183,50,,Aggregated,13.100000,0.000000,370,620,820,980,1400,1800,2300,2600,3400,3700,3800,14361,170,370.0,582.0152138639319,10.229989886283875,3758.885469986126,7315.257572592438
1788073184,50,,Aggregated,12.900000,0.000000,370,620,820,980,1400,1800,2300,2600,3400,3700,3800,14375,170,370.0,582.0202894404855,10.229989886283875,3758.885469986126,7314.97467826087
1788073185,50,,Aggregated,12.800000,0.000000,370,620,820,980,1400,1800,2300,2600,3400,3700,3800,14386,170,370.0,581.9953834460067,10.229989886283875,3758.885469986126,7319.839705269012
1788073186,50,,Aggregated,13.100000,0.000000,370,620,820,980,1400,1800,2300,2600,3400,3700,3800,14396,171,370.0,582.3551463924402,10.229989886283875,3758.885469986126,7320.256460127814
1788073187,50,,Aggregated,12.500000,0.000000,370,620,820,980,1400,1800,2300,2600,3400,3700,3800,14406,171,370.0,582.6411925613725,10.229989886283875,3758.885469986126,7319.460641399417
1788073188,50,,Aggregated,12.600000,0.100000,370,620,820,980,1400,1800,2300,2600,3400,3700,3800,14423,171,370.0,583.24000188977,10.229989886283875,3758.885469986126,7321.491575955071
1788073189,50,,Aggregated,12.200000,0.100000,370,620,820,980,1400,1800,2300,2600,3400,3700,3800,14441,171,370.0,583.05238272608,10.229989886283875,3758.885469986126,7322.479745170002
1788073190,50,,Aggregated,11.900000,0.100000,370,620,820,980,1400,1800,2300,2600,3400,3700,3800,14450,171,370.0,582.7903183566561,10.229989886283875,3758.885469986126,7323.833771626298
1788073191,50,,Aggregated,12.600000,0.100000,370,620,820,980,1400,1800,2300,2600,3400,3700,3800,14461,171,370.0,582.8647657867223,10.229989886283875,3758.885469986126,7321.850632736326
1788073192,50,,Aggregated,12.500000,0.100000,370,620,820,980,1400,1800,2300,2600,3400,3700,3800,14480,173,370.0,582.8531464511009,10.229989886283875,3758.885469986126,7320.695856353591
1788073193,50,,Aggregated,11.900000,0.100000,370,620,820,980,1400,1800,2300,2600,3400,3700,3800,14492,173,370.0,582.6292625117059,10.229989886283875,3758.885469986126,7321.935274634281
1788073194,50,,Aggregated,12.800000,0.300000,370,620,820,980,1400,1800,2300,2600,3400,3700,3800,14507,173,370.0,582.1953605934749,10.229989886283875,3758.885469986126,7320.527745226443
1788073195,50,,Aggregated,13.000000,0.300000,370,620,820,980,1400,1800,2300,2600,3400,3700,3800,14516,173,370.0,581.9170664459449,10.229989886283875,3758.885469986126,7322.478024249104
1788073196,50,,Aggregated,12.800000,0.300000,370,620,820,980,1400,1800,2300,2600,3400,3700,3800,14520,173,370.0,581.9370904261825,10.229989886283875,3758.885469986126,7323.484641873279
1788073197,50,,Aggregated,13.000000,0.300000,370,620,820,980,1400,1800,2300,2600,3400,3700,3800,14533,173,370.0,582.7717323894561,10.229989886283875,3758.885469986126,7324.334067295122
1788073198,50,,Aggregated,12.500000,0.200000,370,620,820,980,1400,1800,2300,2600,3400,3700,3800,14551,175,370.0,584.1334246203289,10.229989886283875,3758.885469986126,7323.901175176964
1788073199,50,,Aggregated,12.200000,0.200000,370,620,820,990,1400,1800,2300,2600,3400,3700,3800,14567,175,370.0,584.7027662033773,10.229989886283875,3758.885469986126,7326.626965058008
1788073200,50,,Aggregated,12.500000,0.200000,370,620,820,990,1400,1800,2300,2600,3400,3700,3800,14578,175,370.0,584.5655628766799,10.229989886283875,3758.885469986126,7328.169227603238
1788073201,50,,Aggregated,12.400000,0.400000,370,620,820,980,1400,1800,2300,2600,3400,3700,3800,14588,176,370.0,584.2722908422683,10.229989886283875,3758.885469986126,7328.3056621881
1788073202,50,,Aggregated,12.500000,0.400000,370,620,820,980,1400,1800,2300,2600,3400,3700,3800,14601,176,370.0,583.9130177088151,10.229989886283875,3758.885469986126,7327.61221834121
1788073203,50,,Aggregated,12.600000,0.400000,370,620,820,980,1400,1800,2300,2600,3400,3700,3800,14618,176,370.0,583.6667185308582,10.229989886283875,3758.885469986126,7324.4747571487205
1788073204,50,,Aggregated,12.100000,0.300000,370,620,820,980,1400,1800,2300,2600,3400,3700,3800,14631,176,370.0,583.4718512516919,10.229989886283875,3758.885469986126,7323.993165197184
1788073205,50,,Aggregated,11.900000,0.300000,370,620,820,980,1400,1800,2300,2600,3400,3700,3800,14651,176,370.0,583.2517670426845,10.229989886283875,3758.885469986126,7323.157054125998
1788073206,50,,Aggregated,12.300000,0.300000,370,620,820,980,1400,1800,2300,2600,3400,3700,3800,14659,176,370.0,583.0502005021601,10.229989886283875,3758.885469986126,7322.116924756123
1788073207,50,,Aggregated,12.600000,0.300000,370,620,820,980,1400,1800,2300,2600,3400,3700,3800,14673,176,370.0,583.0423062562395,10.229989886283875,3758.885469986126,7323.114359708307
1788073208,50,,Aggregated,13.700000,0.300000,370,620,820,980,1400,1800,2300,2600,3400,3700,3800,14687,176,370.0,582.5604336726742,10.229989886283875,3758.885469986126,7321.651800912371
1788073209,50,,Aggregated,13.500000,0.300000,370,620,820,980,1400,1800,2300,2600,3400,3700,3800,14698,176,370.0,582.1752010048702,10.229989886283875,3758.885469986126,7321.519526466186
1788073210,50,,Aggregated,13.500000,0.300000,370,620,820,980,1400,1800,2300,2600,3400,3700,3800,14710,176,370.0,582.0629834390564,10.229989886283875,3758.885469986126,7323.1513256288235
1788073211,50,,Aggregated,13.000000,0.100000,370,620,820,980,1400,1800,2300,2600,3400,3700,3800,14714,176,370.0,582.1425204920041,10.229989886283875,3758.885469986126,7322.518213945902
1788073212,50,,Aggregated,12.900000,0.100000,370,620,820,980,1400,1800,2300,2600,3400,3700,3800,14721,176,370.0,582.4431541896676,10.229989886283875,3758.885469986126,7324.203314992188
1788073213,50,,Aggregated,13.000000,0.100000,370,620,820,980,1400,1800,2300,2600,3400,3700,3800,14747,176,370.0,584.0114663825892,10.229989886283875,3758.885469986126,7327.252797179087
1788073214,50,,Aggregated,12.200000,0.000000,370,620,820,980,1400,1800,2300,2600,3400,3700,3800,14758,176,370.0,584.1278031399511,10.229989886283875,3758.885469986126,7327.061119392872
1788073215,50,,Aggregated,11.900000,0.000000,370,620,820,990,1400,1800,2300,2600,3400,3700,3800,14764,176,370.0,584.208954995099,10.229989886283875,3758.885469986126,7327.13045245191
1788073216,50,,Aggregated,12.400000,0.000000,370,620,820,990,1400,1800,2300,2600,3400,3700,3800,14775,176,370.0,584.545257833728,10.229989886283875,3758.885469986126,7327.379627749577
1788073217,50,,Aggregated,12.000000,0.000000,370,620,820,990,1400,1800,2300,2600,3400,3700,3800,14790,176,370.0,584.8119996357275,10.229989886283875,3758.885469986126,7329.217917511833
1788073218,50,,Aggregated,11.100000,0.000000,370,620,820,990,1400,1800,2300,2600,3400,3700,3800,14795,176,370.0,584.9089111571759,10.229989886283875,3758.885469986126,7329.176748901656
1788073219,50,,Aggregated,11.700000,0.000000,370,620,830,990,1400,1800,2300,2600,3400,3700,3800,14818,176,370.0,585.8290924552612,10.229989886283875,3758.885469986126,7327.888783911459
1788073220,50,,Aggregated,11.300000,0.000000,370,620,830,990,1400,1800,2300,2600,3400,3700,3800,14834,177,370.0,585.5016516569854,10.229989886283875,3758.885469986126,7327.308952406634
1788073221,50,,Aggregated,10.600000,0.000000,370,620,830,990,1400,1800,2300,2600,3400,3700,3800,14841,177,370.0,585.4889802537856,10.229989886283875,3758.885469986126,7326.799002762617
1788073222,50,,Aggregated,12.200000,0.100000,370,620,830,990,1400,1800,2300,2600,3400,3700,3800,14853,177,370.0,585.6917522304052,10.229989886283875,3758.885469986126,7327.269305864135
1788073223,50,,Aggregated,12.400000,0.100000,370,620,830,990,1400,1800,2300,2600,3400,3700,3800,14868,177,370.0,585.6579544325479,10.229989886283875,3758.885469986126,7329.565644336831
1788073224,50,,Aggregated,12.500000,0.100000,370,620,830,990,1400,1800,2300,2600,3400,3700,3800,14878,177,370.0,585.686797760924,10.229989886283875,3758.885469986126,7329.896491463906
1788073225,50,,Aggregated,13.000000,0.100000,370,620,830,990,1400,1800,2300,2600,3400,3700,3800,14890,177,370.0,585.8748041022828,10.229989886283875,3758.885469986126,7329.529952988583
1788073226,50,,Aggregated,12.000000,0.100000,370,620,830,990,1400,1800,2300,2600,3400,3700,3800,14914,177,370.0,586.3879055812296,10.229989886283875,3758.885469986126,7327.6879442134905
1788073228,50,,Aggregated,12.300000,0.100000,370,620,830,990,1400,1800,2300,2600,3400,3700,3800,14929,178,370.0,586.2713038229648,10.229989886283875,3758.885469986126,7327.225400227745
1788073229,50,,Aggregated,13.600000,0.100000,370,620,830,990,1400,1800,2300,2600,3400,3700,3800,14935,178,370.0,586.3251566552973,10.229989886283875,3758.885469986126,7326.108603950452
1788073230,50,,Aggregated,13.600000,0.100000,370,620,830,990,1400,1800,2300,2600,3400,3700,3800,14951,179,370.0,586.4942525106082,10.229989886283875,3758.885469986126,7326.4447194167615
1788073231,50,,Aggregated,13.700000,0.200000,370,620,830,990,1400,1800,2300,2600,3400,3700,3800,14964,179,370.0,586.3490907287364,10.229989886283875,3758.885469986126,7328.755412991179
1788073232,50,,Aggregated,13.700000,0.200000,370,620,830,990,1400,1800,2300,2600,3400,3700,3800,14979,180,370.0,585.9592524342218,10.229989886283875,3758.885469986126,7328.2773215835505
1788073233,50,,Aggregated,12.900000,0.200000,370,620,830,990,1400,1800,2300,2600,3400,3700,3800,14993,180,370.0,585.6208916419837,10.229989886283875,3758.885469986126,7330.325618622023
1788073234,50,,Aggregated,13.700000,0.300000,370,620,830,990,1400,1800,2300,2600,3300,3700,3800,15007,180,370.0,585.1902157476943,10.229989886283875,3758.885469986126,7329.7100686346375
1788073235,50,,Aggregated,13.700000,0.300000,370,620,820,990,1400,1800,2300,2600,3300,3700,3800,15022,181,370.0,584.7177246769527,10.229989886283875,3758.885469986126,7328.599720410065
1788073236,50,,Aggregated,13.600000,0.300000,370,620,820,980,1400,1800,2300,2600,3300,3700,3800,15026,182,370.0,584.7557955855992,10.229989886283875,3758.885469986126,7327.306468787435
1788073237,50,,Aggregated,13.900000,0.400000,370,620,830,990,1400,1800,2300,2600,3300,3700,3800,15037,182,370.0,585.1864813544831,10.229989886283875,3758.885469986126,7327.941943206757
1788073238,50,,Aggregated,13.300000,0.400000,370,620,830,990,1400,1800,2300,2600,3300,3700,3800,15054,182,370.0,585.6807238461743,10.229989886283875,3758.885469986126,7327.977082502989
1788073239,50,,Aggregated,12.200000,0.500000,370,620,830,990,1400,1800,2300,2600,3300,3700,3800,15073,182,370.0,585.5880851840619,10.229989886283875,3758.885469986126,7326.112452730047
1788073240,50,,Aggregated,12.200000,0.400000,370,620,830,990,1400,1800,2300,2600,3300,3700,3800,15081,182,370.0,585.3848671787327,10.229989886283875,3758.885469986126,7326.574033552151
1788073241,50,,Aggregated,13.500000,0.400000,370,620,830,980,1400,1800,2300,2600,3300,3700,3800,15091,182,370.0,585.0816346213348,10.229989886283875,3758.885469986126,7327.237028692598
1788073242,50,,Aggregated,12.800000,0.300000,370,620,830,980,1400,1800,2300,2600,3300,3700,3800,15107,182,370.0,585.0127120528185,10.229989886283875,3758.885469986126,7330.400939961607
1788073243,50,,Aggregated,12.800000,0.300000,370,620,830,980,1400,1800,2300,2600,3300,3700,3800,15116,182,370.0,584.886636606515,10.229989886283875,3758.885469986126,7332.7286319132045
1788073244,50,,Aggregated,12.500000,0.200000,370,620,830,980,1400,1800,2300,2600,3300,3700,3800,15124,182,370.0,584.9770344805651,10.229989886283875,3758.885469986126,7333.365577889447
1788073245,50,,Aggregated,12.400000,0.200000,370,620,830,990,1400,1800,2300,2600,3300,3700,3800,15138,182,370.0,585.5072097147813,10.229989886283875,3758.885469986126,7335.815167129079
1788073246,50,,Aggregated,11.700000,0.200000,370,620,830,990,1400,1800,2300,2600,3300,3700,3800,15152,182,370.0,585.66368706056,10.229989886283875,3758.885469986126,7335.459147307286
1788073247,50,,Aggregated,11.700000,0.100000,370,620,830,990,1400,1800,2300,2600,3300,3700,3800,15161,182,370.0,585.7671305247464,10.229989886283875,3758.885469986126,7335.252753776136
1788073248,50,,Aggregated,12.500000,0.100000,370,620,830,990,1400,1800,2300,2600,3300,3700,3800,15174,182,370.0,586.1844921549218,10.229989886283875,3758.885469986126,7336.153815737445
1788073249,50,,Aggregated,12.100000,0.000000,370,620,830,990,1400,1800,2300,2600,3300,3700,3800,15188,182,370.0,586.2596531345001,10.229989886283875,3758.885469986126,7337.988477745588
1788073250,50,,Aggregated,11.800000,0.000000,370,620,830,990,1400,1800,2300,2600,3300,3700,3800,15195,182,370.0,586.2820175477444,10.229989886283875,3758.885469986126,7337.290161237249
1788073251,50,,Aggregated,11.400000,0.000000,380,630,830,990,1400,1800,2300,2600,3300,3700,3800,15210,183,380.0,586.8423559720078,10.229989886283875,3758.885469986126,7336.579881656805
1788073252,50,,Aggregated,11.400000,0.000000,380,630,830,990,1400,1800,2300,2600,3300,3700,3800,15222,183,380.0,587.3610177623256,10.229989886283875,3758.885469986126,7336.208842464854
1788073253,50,,Aggregated,11.400000,0.000000,380,630,830,990,1400,1800,2300,2600,3300,3700,3800,15241,183,380.0,587.8344592360891,10.229989886283875,3758.885469986126,7334.526474640772
1788073254,50,,Aggregated,11.300000,0.100000,380,630,830,990,1400,1800,2300,2600,3300,3700,3800,15254,183,380.0,587.5940532561843,10.229989886283875,3758.885469986126,7334.281368821293
1788073255,50,,Aggregated,12.300000,0.100000,380,630,830,990,1400,1800,2300,2600,3300,3700,3800,15269,183,380.0,587.1592650610216,10.229989886283875,3758.885469986126,7332.798087628528
1788073256,50,,Aggregated,12.800000,0.100000,380,630,830,990,1400,1800,2300,2600,3300,3700,3800,15286,183,380.0,586.9661977275001,10.229989886283875,3758.885469986126,7329.414235247939
1788073257,50,,Aggregated,12.400000,0.100000,380,630,830,990,1400,1800,2300,2600,3300,3700,3800,15298,183,380.0,586.7739580270149,10.229989886283875,3758.885469986126,7328.651196234802
1788073258,50,,Aggregated,12.400000,0.100000,380,630,830,980,1400,1800,2300,2600,3300,3700,3800,15316,183,380.0,586.6082742984522,10.229989886283875,3758.885469986126,7329.462392269522
1788073259,50,,Aggregated,13.700000,0.100000,380,630,830,980,1400,1800,2300,2600,3300,3700,3800,15323,183,380.0,586.6666533037605,10.229989886283875,3758.885469986126,7331.076160020883
1788073260,50,,Aggregated,13.500000,0.100000,380,630,830,980,1400,1800,2300,2600,3300,3700,3800,15334,183,370.0,586.4662478356302,10.229989886283875,3758.885469986126,7330.697208817008
1788073261,50,,Aggregated,13.300000,0.100000,380,630,830,980,1400,1800,2300,2600,3300,3700,3800,15345,183,380.0,586.4770806557021,10.229989886283875,3758.885469986126,7332.242684913653
1788073262,50,,Aggregated,13.600000,0.100000,380,630,830,980,1400,1800,2300,2600,3300,3700,3800,15367,183,380.0,586.5037029659477,10.229989886283875,3758.885469986126,7331.737424350882
1788073263,50,,Aggregated,13.800000,0.100000,380,630,830,980,1400,1800,2300,2600,3300,3700,3800,15378,184,380.0,586.1953420818196,10.229989886283875,3758.885469986126,7332.320197685004
1788073264,50,,Aggregated,14.300000,0.000000,370,620,830,980,1400,1800,2300,2600,3300,3700,3800,15393,185,370.0,585.7365949300291,10.229989886283875,3758.885469986126,7330.970895861756
1788073265,50,,Aggregated,13.200000,0.000000,370,620,830,980,1400,1800,2300,2600,3300,3700,3800,15406,185,370.0,585.4033595887283,10.229989886283875,3758.885469986126,7330.955666623394
1788073266,50,,Aggregated,13.300000,0.100000,370,620,830,980,1400,1800,2300,2600,3300,3700,3800,15415,185,370.0,585.2318070646456,10.229989886283875,3758.885469986126,7331.325851443399
1788073267,50,,Aggregated,13.500000,0.200000,370,620,830,980,1400,1800,2300,2600,3300,3700,3800,15429,185,370.0,585.0315062046287,10.229989886283875,3758.885469986126,7330.731674120163
1788073268,50,,Aggregated,13.800000,0.200000,370,620,830,980,1400,1800,2300,2600,3300,3700,3800,15441,185,370.0,584.9662853945331,10.229989886283875,3758.885469986126,7331.046693866978
1788073269,50,,Aggregated,12.500000,0.200000,370,620,830,980,1400,1800,2300,2600,3300,3700,3800,15447,185,370.0,585.0250441275182,10.229989886283875,3758.885469986126,7331.537580112643
1788073270,50,,Aggregated,12.800000,0.200000,370,620,830,980,1400,1800,2300,2600,3300,3700,3800,15459,185,370.0,585.4739860566281,10.229989886283875,3758.885469986126,7331.1956788925545
1788073271,50,,Aggregated,12.600000,0.200000,380,630,830,980,1400,1800,2300,2600,3300,3700,3800,15476,186,370.0,586.2006037760966,10.229989886283875,3758.885469986126,7333.115598345826
1788073272,50,,Aggregated,12.100000,0.200000,380,630,830,980,1400,1800,2300,2600,3300,3700,3800,15488,187,370.0,586.2415776226209,10.229989886283875,3758.885469986126,7333.3443310950415
1788073273,50,,Aggregated,12.300000,0.300000,370,630,830,980,1400,1800,2300,2600,3300,3700,3800,15499,187,370.0,586.2142214947346,10.229989886283875,3758.885469986126,7334.803793793148
1788073274,50,,Aggregated,12.000000,0.300000,380,630,830,990,1400,1800,2300,2600,3300,3700,3800,15508,187,380.0,586.3778171835944,10.229989886283875,3758.885469986126,7335.066030435904
1788073275,50,,Aggregated,12.200000,0.400000,370,630,830,990,1400,1800,2300,2600,3300,3700,3800,15521,187,370.0,586.2126590678176,10.229989886283875,3758.885469986126,7336.528509760969
1788073276,50,,Aggregated,11.700000,0.300000,380,630,830,990,1400,1800,2300,2600,3300,3700,3800,15529,188,380.0,586.3741229032975,10.229989886283875,3758.885469986126,7337.009144181853
1788073277,50,,Aggregated,11.900000,0.200000,380,630,830,990,1400,1800,2300,2600,3300,3700,3800,15542,188,380.0,587.0122007492841,10.229989886283875,3758.885469986126,7337.781752670184
1788073278,50,,Aggregated,11.100000,0.200000,380,630,830,990,1400,1800,2300,2600,3300,3700,3800,15566,188,380.0,587.6671631943631,10.229989886283875,3758.885469986126,7337.798599511756
1788073279,50,,Aggregated,11.000000,0.300000,380,630,830,990,1400,1800,2300,2600,3300,3700,3800,15576,189,380.0,587.3427024288675,10.229989886283875,3758.885469986126,7337.423086800205
1788073280,50,,Aggregated,11.200000,0.300000,380,630,830,990,1400,1800,2300,2600,3300,3700,3800,15586,190,380.0,587.1267620846874,10.229989886283875,3758.885469986126,7337.67047350186
1788073281,50,,Aggregated,12.400000,0.300000,380,630,830,990,1400,1800,2300,2600,3300,3700,3800,15600,190,380.0,586.8584900871755,10.229989886283875,3758.885469986126,7336.955769230769
1788073282,50,,Aggregated,12.700000,0.400000,380,630,830,990,1400,1800,2300,2600,3300,3700,3800,15613,190,380.0,586.8055679310187,10.229989886283875,3758.885469986126,7336.386857106258
1788073283,50,,Aggregated,12.300000,0.400000,380,630,830,990,1400,1800,2300,2600,3300,3700,3800,15627,190,380.0,586.4970258499764,10.229989886283875,3758.885469986126,7336.148205029756
1788073285,50,,Aggregated,12.000000,0.400000,370,630,830,990,1400,1800,2300,2600,3300,3700,3800,15637,190,370.0,586.3179888461112,10.229989886283875,3758.885469986126,7335.920125343736
1788073286,50,,Aggregated,12.700000,0.300000,380,630,830,990,1400,1800,2300,2600,3300,3700,3800,15650,190,380.0,586.3293393879397,10.229989886283875,3758.885469986126,7336.364089456869
1788073287,50,,Aggregated,12.700000,0.300000,380,630,830,990,1400,1800,2300,2600,3300,3700,3800,15665,191,380.0,586.3269743708311,10.229989886283875,3758.885469986126,7334.116437918928
1788073288,50,,Aggregated,12.600000,0.300000,380,630,830,990,1400,1800,2300,2600,3300,3700,3800,15684,191,380.0,586.1439288953852,10.229989886283875,3758.885469986126,7332.074980872227
1788073289,50,,Aggregated,13.600000,0.300000,380,620,830,990,1400,1800,2300,2600,3300,3700,3800,15696,192,380.0,585.7860956325275,10.229989886283875,3758.885469986126,7332.756371049949
1788073290,50,,Aggregated,13.900000,0.300000,380,620,830,990,1400,1800,2300,2600,3300,3700,3800,15709,192,380.0,585.5182887371744,10.229989886283875,3758.885469986126,7334.072888153288
1788073291,50,,Aggregated,12.800000,0.400000,370,620,830,980,1400,1800,2300,2600,3300,3700,3800,15729,192,370.0,585.0896072397423,10.229989886283875,3758.885469986126,7332.425456163774
1788073292,50,,Aggregated,13.000000,0.300000,370,620,830,980,1400,1800,2300,2600,3300,3700,3800,15740,192,370.0,584.7378513972503,10.229989886283875,3758.885469986126,7331.800635324015
1788073293,50,,Aggregated,13.000000,0.300000,370,620,830,980,1400,1800,2300,2600,3300,3700,3800,15749,192,370.0,584.4389404522159,10.229989886283875,3758.885469986126,7330.5371134675215
1788073294,50,,Aggregated,13.700000,0.200000,370,620,830,980,1400,1800,2300,2600,3300,3700,3800,15758,192,370.0,584.336970856984,10.229989886283875,3758.885469986126,7332.34211194314
1788073295,50,,Aggregated,13.600000,0.200000,370,620,830,980,1400,1800,2300,2600,3300,3700,3800,15772,193,370.0,584.3030825814607,10.229989886283875,3758.885469986126,7332.689703271621
1788073296,50,,Aggregated,13.100000,0.200000,370,620,830,980,1400,1800,2300,2600,3300,3700,3800,15778,194,370.0,584.4345009951661,10.229989886283875,3758.885469986126,7332.390290277602
1788073297,50,,Aggregated,13.300000,0.300000,370,620,830,980,1400,1800,2300,2600,3300,3700,3800,15786,194,370.0,584.9205995320344,10.229989886283875,3758.885469986126,7334.560876726213
1788073298,50,,Aggregated,12.800000,0.400000,380,630,830,990,1400,1800,2300,2600,3300,3700,3800,15810,194,380.0,586.0830852885128,10.229989886283875,3758.885469986126,7337.571600253004
1788073299,50,,Aggregated,11.900000,0.300000,370,620,830,990,1400,1800,2300,2600,3300,3700,3800,15823,195,370.0,585.7489058404858,10.229989886283875,3758.885469986126,7336.0874044113
1788073300,50,,Aggregated,12.100000,0.300000,370,620,830,990,1400,1800,2300,2600,3300,3700,3800,15834,195,370.0,585.6305829817974,10.229989886283875,3758.885469986126,7336.366047745358
1788073301,50,,Aggregated,12.600000,0.300000,370,620,830,990,1400,1800,2300,2600,3300,3700,3800,15847,195,370.0,585.3853251267808,10.229989886283875,3758.885469986126,7337.218590269452
1788073302,50,,Aggregated,12.400000,0.300000,370,620,830,990,1400,1800,2300,2600,3300,3700,3800,15858,195,370.0,585.1643693436988,10.229989886283875,3758.885469986126,7336.417707150965
1788073303,50,,Aggregated,12.000000,0.300000,370,620,830,990,1400,1800,2300,2600,3300,3700,3800,15871,195,370.0,585.2421832348937,10.229989886283875,3758.885469986126,7336.6582445970635
1788073304,50,,Aggregated,11.500000,0.300000,370,620,830,990,1400,1800,2300,2600,3300,3700,3800,15890,195,370.0,584.8196553548445,10.229989886283875,3758.885469986126,7335.7418502202645
1788073305,50,,Aggregated,11.400000,0.300000,370,620,830,980,1400,1800,2300,2600,3300,3700,3800,15904,195,370.0,584.3955864716402,10.229989886283875,3758.885469986126,7336.4680583501
1788073306,50,,Aggregated,12.600000,0.300000,370,620,830,980,1400,1800,2300,2600,3300,3700,3800,15912,195,370.0,584.1521749662252,10.229989886283875,3758.885469986126,7336.465811965812
1788073307,50,,Aggregated,13.000000,0.200000,370,620,830,980,1400,1800,2300,2600,3300,3700,3800,15921,195,370.0,583.9766375638313,10.229989886283875,3758.885469986126,7336.332642421959
1788073308,50,,Aggregated,13.300000,0.100000,370,620,830,980,1400,1800,2300,2600,3300,3700,3800,15934,195,370.0,583.9176249119427,10.229989886283875,3758.885469986126,7336.051838835195
1788073309,50,,Aggregated,13.300000,0.100000,370,620,830,980,1400,1800,2300,2600,3300,3700,3800,15942,195,370.0,584.0415152537203,10.229989886283875,3758.885469986126,7338.2765650483
1788073310,50,,Aggregated,12.500000,0.100000,370,620,830,980,1400,1800,2300,2600,3300,3700,3800,15950,195,370.0,584.1214508716408,10.229989886283875,3758.885469986126,7337.716990595612
1788073311,50,,Aggregated,11.700000,0.000000,370,620,830,980,1400,1800,2300,2600,3300,3700,3800,15956,195,370.0,584.4092635346587,10.229989886283875,3758.885469986126,7337.19697919278
1788073312,50,,Aggregated,11.800000,0.000000,370,620,830,990,1400,1800,2300,2600,3300,3700,3800,15965,195,370.0,585.2082122560483,10.229989886283875,3758.885469986126,7339.170685875352
1788073313,50,,Aggregated,11.000000,0.000000,370,630,830,990,1400,1800,2300,2600,3300,3700,3800,15986,195,370.0,586.9889774950913,10.229989886283875,3758.885469986126,7339.56368072063
1788073314,50,,Aggregated,10.700000,0.000000,380,630,830,990,1400,1800,2300,2600,3300,3700,3800,16006,195,380.0,587.2433550222822,10.229989886283875,3758.885469986126,7337.743846057729
1788073315,50,,Aggregated,10.800000,0.000000,380,630,830,990,1400,1800,2300,2600,3300,3700,3800,16017,195,380.0,587.1367860305653,10.229989886283875,3758.885469986126,7337.807954048823
1788073316,50,,Aggregated,11.900000,0.000000,370,620,830,990,1400,1800,2300,2600,3300,3700,3800,16030,195,370.0,586.8469034274547,10.229989886283875,3758.885469986126,7338.405988771055
1788073317,50,,Aggregated,10.700000,0.000000,370,620,830,990,1400,1800,2300,2600,3300,3700,3800,16039,195,370.0,586.6056691031931,10.229989886283875,3758.885469986126,7337.038780472598
1788073318,50,,Aggregated,11.500000,0.000000,370,620,830,990,1400,1800,2300,2600,3300,3700,3800,16054,195,370.0,586.5240442595202,10.229989886283875,3758.885469986126,7337.453033511897
1788073319,50,,Aggregated,11.800000,0.000000,370,620,830,990,1400,1800,2300,2600,3300,3700,3800,16068,195,370.0,586.2582755912182,10.229989886283875,3758.885469986126,7336.772964899178
1788073320,50,,Aggregated,11.500000,0.000000,370,620,830,990,1400,1800,2300,2600,3300,3700,3800,16083,196,370.0,586.0296293292072,10.229989886283875,3758.885469986126,7335.864826214015
1788073321,50,,Aggregated,12.600000,0.000000,370,620,830,990,1400,1800,2300,2600,3300,3700,3800,16099,197,370.0,585.8990770001872,10.229989886283875,3758.885469986126,7336.699484440027
1788073322,50,,Aggregated,12.600000,0.100000,370,620,830,990,1400,1800,2300,2600,3300,3700,3800,16109,197,370.0,585.6190786608776,10.229989886283875,3758.885469986126,7337.356012167112
1788073323,50,,Aggregated,13.300000,0.100000,370,620,830,990,1400,1800,2300,2600,3300,3700,3800,16118,197,370.0,585.5213693403167,10.229989886283875,3758.885469986126,7338.880692393597
1788073324,50,,Aggregated,14.500000,0.200000,370,620,830,990,1400,1800,2300,2600,3300,3700,3800,16123,197,370.0,585.6697216541113,10.229989886283875,3758.885469986126,7339.242262606214
1788073325,50,,Aggregated,14.000000,0.200000,370,620,830,990,1400,1800,2300,2600,3300,3700,3800,16145,198,370.0,586.2396397143337,10.229989886283875,3758.885469986126,7341.283493341592
1788073326,50,,Aggregated,11.500000,0.200000,380,620,830,990,1400,1800,2300,2600,3300,3700,3800,16154,198,370.0,586.4284862742415,10.229989886283875,3758.885469986126,7342.096446700508
1788073327,50,,Aggregated,12.000000,0.200000,380,620,830,990,1400,1800,2300,2600,3300,3700,3800,16165,198,380.0,586.5721017183771,10.229989886283875,3758.885469986126,7343.09019486545
1788073328,50,,Aggregated,12.400000,0.300000,380,620,830,990,1400,1800,2300,2600,3300,3700,3800,16172,198,380.0,586.6625333250965,10.229989886283875,3758.885469986126,7342.785988127628
1788073329,50,,Aggregated,12.200000,0.300000,380,630,830,990,1400,1800,2300,2600,3300,3700,3800,16182,198,380.0,587.0470931101326,10.229989886283875,3758.885469986126,7345.043257940922
1788073330,50,,Aggregated,12.100000,0.300000,380,630,830,990,1400,1800,2300,2600,3300,3700,3800,16199,198,380.0,587.5163748709441,10.229989886283875,3758.885469986126,7345.088215321934
1788073331,50,,Aggregated,11.100000,0.300000,380,630,830,990,1400,1800,2300,2600,3300,3700,3800,16207,198,380.0,587.7894059021348,10.229989886283875,3758.885469986126,7345.913987783057
1788073332,50,,Aggregated,11.000000,0.200000,380,630,830,990,1400,1800,2300,2600,3300,3700,3800,16225,198,380.0,587.9739208980097,10.229989886283875,3758.885469986126,7347.411217257319
1788073333,50,,Aggregated,11.500000,0.200000,380,630,830,990,1400,1800,2300,2600,3300,3700,3800,16242,198,380.0,587.6837410449757,10.229989886283875,3758.885469986126,7346.9868858514965
1788073334,50,,Aggregated,10.400000,0.100000,380,630,830,990,1400,1800,2300,2600,3300,3700,3800,16249,198,380.0,587.5664175288682,10.229989886283875,3758.885469986126,7347.5506184996
1788073335,50,,Aggregated,11.400000,0.100000,380,630,830,990,1400,1800,2300,2600,3300,3700,3800,16254,198,380.0,587.7226186507754,10.229989886283875,3758.885469986126,7347.992125015381
1788073336,50,,Aggregated,12.600000,0.100000,380,630,830,990,1400,1800,2300,2600,3300,3700,3800,16269,198,380.0,588.1219394161552,10.229989886283875,3758.885469986126,7348.08777429467
1788073337,50,,Aggregated,12.300000,0.100000,380,630,830,990,1400,1800,2300,2600,3300,3700,3800,16291,199,380.0,588.2400345160523,10.229989886283875,3758.885469986126,7349.392363881898
1788073338,50,,Aggregated,10.800000,0.000000,380,630,830,990,1400,1800,2300,2600,3300,3700,3800,16301,199,380.0,587.9134518311266,10.229989886283875,3758.885469986126,7347.952947671922
1788073339,50,,Aggregated,11.300000,0.000000,380,630,830,990,1400,1800,2300,2600,3300,3700,3800,16314,199,380.0,587.5899446320391,10.229989886283875,3758.885469986126,7346.701851170774
1788073341,50,,Aggregated,12.800000,0.100000,380,630,830,990,1400,1800,2300,2600,3300,3700,3800,16327,199,380.0,587.2116033308123,10.229989886283875,3758.885469986126,7345.081215165064
1788073342,50,,Aggregated,12.900000,0.100000,380,630,830,990,1400,1800,2300,2600,3300,3700,3800,16343,199,380.0,586.9200965417106,10.229989886283875,3758.885469986126,7345.323747170042
1788073343,50,,Aggregated,12.900000,0.100000,380,630,830,990,1400,1800,2300,2600,3300,3700,3800,16359,199,380.0,586.5824933495185,10.229989886283875,3758.885469986126,7346.708906412372
1788073344,50,,Aggregated,12.500000,0.100000,380,620,830,990,1400,1800,2300,2600,3300,3700,3800,16375,199,380.0,586.1869868042786,10.229989886283875,3758.885469986126,7344.298381679389
1788073345,50,,Aggregated,13.300000,0.100000,380,620,830,990,1400,1800,2300,2600,3300,3700,3800,16385,199,380.0,585.9366615727597,10.229989886283875,3758.885469986126,7343.623680195301
1788073346,50,,Aggregated,13.400000,0.100000,370,620,830,980,1400,1800,2300,2600,3300,3700,3800,16398,201,370.0,585.5531131319706,10.229989886283875,3758.885469986126,7342.413404073667
1788073347,50,,Aggregated,13.100000,0.100000,370,620,830,980,1400,1800,2300,2600,3300,3700,3800,16411,201,370.0,585.1636458453232,10.229989886283875,3758.885469986126,7339.939979282189
1788073348,50,,Aggregated,14.200000,0.300000,370,620,830,980,1400,1800,2300,2600,3300,3700,3800,16423,201,370.0,585.1195314368438,10.229989886283875,3758.885469986126,7339.229556110333
1788073349,50,,Aggregated,14.100000,0.300000,370,620,830,980,1400,1800,2300,2600,3300,3700,3800,16439,201,370.0,585.2826524979702,10.229989886283875,3758.885469986126,7341.031997080115
1788073350,50,,Aggregated,12.900000,0.200000,370,620,830,980,1400,1800,2300,2600,3300,3700,3800,16459,201,370.0,585.1164030853461,10.229989886283875,3758.885469986126,7339.69026064767
1788073351,50,,Aggregated,12.900000,0.200000,370,620,830,980,1400,1800,2300,2600,3300,3700,3800,16468,201,370.0,584.8580313528242,10.229989886283875,3758.885469986126,7340.70652173913
1788073352,50,,Aggregated,13.600000,0.200000,370,620,830,980,1400,1800,2300,2600,3300,3700,3800,16474,201,370.0,584.882171735507,10.229989886283875,3758.885469986126,7339.842539759621
1788073353,50,,Aggregated,14.100000,0.200000,380,620,830,980,1400,1800,2300,2600,3300,3700,3800,16491,201,380.0,585.5326227765601,10.229989886283875,3758.885469986126,7341.035291977442
1788073354,50,,Aggregated,13.200000,0.200000,370,620,830,980,1400,1800,2300,2600,3300,3700,3800,16507,202,370.0,585.3980040742917,10.229989886283875,3758.885469986126,7340.160053310717
1788073355,50,,Aggregated,12.500000,0.200000,370,620,830,980,1400,1800,2300,2600,3300,3700,3800,16522,202,370.0,584.9475783521319,10.229989886283875,3758.885469986126,7339.1787313884515
1788073356,50,,Aggregated,13.100000,0.300000,370,620,830,980,1400,1800,2300,2600,3300,3700,3800,16534,202,370.0,584.623232038903,10.229989886283875,3758.885469986126,7338.446232006774
1788073357,50,,Aggregated,13.200000,0.300000,370,620,830,980,1400,1800,2300,2600,3300,3700,3800,16557,202,370.0,584.1087334113611,10.229989886283875,3758.885469986126,7338.978317328018
1788073358,50,,Aggregated,13.300000,0.100000,370,620,830,980,1400,1800,2300,2600,3300,3700,3800,16567,202,370.0,583.8133002208598,10.229989886283875,3758.885469986126,7339.69366813545
1788073359,50,,Aggregated,13.900000,0.100000,370,620,830,980,1400,1800,2300,2600,3300,3700,3800,16578,202,370.0,583.520308577925,10.229989886283875,3758.885469986126,7340.672216190132
1788073360,50,,Aggregated,14.300000,0.100000,370,620,820,980,1400,1800,2300,2600,3300,3700,3800,16595,202,370.0,583.0109793465117,10.229989886283875,3758.885469986126,7339.195058752636
1788073361,50,,Aggregated,13.600000,0.100000,370,620,820,980,1400,1800,2300,2600,3300,3700,3800,16607,202,370.0,582.6332654080474,10.229989886283875,3758.885469986126,7338.525260432348
1788073362,50,,Aggregated,13.400000,0.100000,370,620,820,980,1400,1800,2300,2600,3300,3700,3800,16614,202,370.0,582.5159353639434,10.229989886283875,3758.885469986126,7338.923377874082
1788073363,50,,Aggregated,13.600000,0.100000,370,620,820,980,1400,1800,2300,2600,3300,3700,3800,16636,202,370.0,582.3068093061407,10.229989886283875,3758.885469986126,7340.56558066843
1788073364,50,,Aggregated,13.700000,0.100000,370,620,820,980,1400,1800,2300,2600,3300,3700,3800,16644,202,370.0,582.129312453727,10.229989886283875,3758.885469986126,7340.305395337659
1788073365,50,,Aggregated,14.600000,0.100000,370,620,820,980,1400,1800,2300,2600,3300,3700,3800,16657,202,370.0,582.1088695824261,10.229989886283875,3758.885469986126,7339.415200816474
1788073366,50,,Aggregated,13.300000,0.000000,370,620,820,980,1400,1800,2300,2600,3300,3700,3800,16670,202,370.0,582.314181520146,10.229989886283875,3758.885469986126,7340.952069586083
1788073367,50,,Aggregated,13.500000,0.000000,370,620,820,980,1400,1800,2300,2600,3300,3700,3800,16679,202,370.0,582.4081149554376,10.229989886283875,3758.885469986126,7340.45734156724
1788073368,50,,Aggregated,13.000000,0.000000,370,620,820,980,1400,1800,2300,2600,3300,3700,3800,16694,202,370.0,582.5985466424972,10.229989886283875,3758.885469986126,7340.50161734755
1788073369,50,,Aggregated,12.400000,0.000000,370,620,820,980,1400,1800,2300,2600,3300,3700,3800,16708,202,370.0,582.635392162321,10.229989886283875,3758.885469986126,7343.7822599952115
1788073370,50,,Aggregated,12.600000,0.000000,370,620,820,980,1400,1800,2300,2600,3300,3700,3800,16724,202,370.0,582.335510075884,10.229989886283875,3758.885469986126,7343.2111337000715
1788073371,50,,Aggregated,13.100000,0.000000,370,620,820,980,1400,1800,2300,2600,3300,3700,3800,16735,202,370.0,582.0350594561484,10.229989886283875,3758.885469986126,7342.789542874216
1788073372,50,,Aggregated,12.400000,0.000000,370,620,820,980,1400,1800,2300,2600,3300,3700,3800,16743,202,370.0,581.8054774768981,10.229989886283875,3758.885469986126,7342.7501642477455
1788073373,50,,Aggregated,12.800000,0.000000,370,620,820,980,1400,1800,2300,2600,3300,3700,3800,16749,202,370.0,581.955407558804,10.229989886283875,3758.885469986126,7343.031106334706
1788073374,50,,Aggregated,12.900000,0.000000,370,620,820,980,1400,1800,2300,2600,3300,3700,3800,16764,202,370.0,582.5548478565056,10.229989886283875,3758.885469986126,7342.847351467431
1788073375,50,,Aggregated,11.400000,0.000000,370,620,830,980,1400,1800,2300,2600,3300,3700,3800,16779,202,370.0,583.0600130717075,10.229989886283875,3758.885469986126,7344.259014243996
1788073376,50,,Aggregated,11.400000,0.000000,370,620,830,980,1400,1800,2300,2600,3300,3700,3800,16788,202,370.0,582.916452256848,10.229989886283875,3758.885469986126,7344.184536573744
1788073377,50,,Aggregated,11.900000,0.000000,370,620,830,980,1400,1800,2300,2600,3300,3700,3800,16797,202,370.0,583.0103994554162,10.229989886283875,3758.885469986126,7343.366374947907
1788073378,50,,Aggregated,12.100000,0.000000,370,620,830,980,1400,1800,2300,2600,3300,3700,3800,16806,202,370.0,583.3585986217489,10.229989886283875,3758.885469986126,7344.022551469713
1788073379,50,,Aggregated,11.600000,0.000000,370,620,830,980,1400,1800,2300,2600,3300,3700,3800,16818,203,370.0,584.0494616838819,10.229989886283875,3758.885469986126,7343.7428350576765
1788073380,50,,Aggregated,10.900000,0.000000,370,620,830,980,1400,1800,2300,2600,3300,3700,3800,16837,203,370.0,584.5456310243136,10.229989886283875,3758.885469986126,7344.937102809289
1788073381,50,,Aggregated,10.800000,0.000000,370,620,830,980,1400,1800,2300,2600,3300,3700,3800,16846,203,370.0,584.2660421190283,10.229989886283875,3758.885469986126,7344.22005223792
1788073382,50,,Aggregated,11.200000,0.100000,370,620,830,980,1400,1800,2300,2600,3300,3700,3800,16861,203,370.0,583.8052968215491,10.229989886283875,3758.885469986126,7345.522744795682
1788073383,50,,Aggregated,10.800000,0.100000,370,620,830,980,1400,1800,2300,2600,3300,3700,3800,16876,203,370.0,583.7273802594317,10.229989886283875,3758.885469986126,7345.860867504148
1788073384,50,,Aggregated,11.300000,0.100000,370,620,830,980,1400,1800,2300,2600,3300,3700,3800,16886,203,370.0,583.5456922769469,10.229989886283875,3758.885469986126,7346.896778396304
1788073385,50,,Aggregated,11.700000,0.100000,370,620,830,980,1400,1800,2300,2600,3300,3700,3800,16902,203,370.0,583.7057122687302,10.229989886283875,3758.885469986126,7346.004437344693
1788073386,50,,Aggregated,12.500000,0.100000,370,620,830,980,1400,1800,2300,2600,3300,3700,3800,16906,203,370.0,583.8082500923463,10.229989886283875,3758.885469986126,7346.729208565007
1788073387,50,,Aggregated,11.700000,0.100000,370,620,830,980,1400,1800,2300,2600,3300,3700,3800,16916,203,370.0,584.2772786905005,10.229989886283875,3758.885469986126,7347.616812485221
1788073388,50,,Aggregated,12.100000,0.100000,370,620,830,980,1400,1800,2300,2600,3300,3700,3800,16927,204,370.0,584.5127312705481,10.229989886283875,3758.885469986126,7348.21167365747
1788073389,50,,Aggregated,11.700000,0.100000,370,620,830,980,1400,1800,2300,2600,3300,3700,3800,16946,205,370.0,584.5745373321761,10.229989886283875,3758.885469986126,7347.439454738581
1788073390,50,,Aggregated,11.900000,0.100000,370,620,830,980,1400,1800,2300,2600,3300,3700,3800,16962,205,370.0,584.4635795978539,10.229989886283875,3758.885469986126,7346.206933144676
1788073391,50,,Aggregated,11.600000,0.200000,370,620,830,980,1400,1800,2300,2600,3300,3700,3800,16973,205,370.0,584.2024958031298,10.229989886283875,3758.885469986126,7345.776763094326
1788073392,50,,Aggregated,12.400000,0.200000,370,620,830,980,1400,1800,2300,2600,3300,3700,3800,16976,205,370.0,584.1072860287197,10.229989886283875,3758.885469986126,7345.555372290292
1788073393,50,,Aggregated,12.500000,0.200000,370,620,830,980,1400,1800,2300,2600,3300,3700,3800,16983,205,370.0,584.2570781368917,10.229989886283875,3758.885469986126,7345.412824589295
1788073394,50,,Aggregated,12.200000,0.200000,370,620,830,990,1400,1800,2300,2600,3300,3700,3800,17001,205,370.0,585.2460558499239,10.229989886283875,3758.885469986126,7344.545967884242
1788073395,50,,Aggregated,11.600000,0.200000,380,630,830,990,1400,1800,2300,2600,3300,3700,3800,17014,206,370.0,586.0794557666043,10.229989886283875,3758.885469986126,7343.828141530505
1788073396,50,,Aggregated,10.700000,0.200000,380,630,830,990,1400,1800,2300,2600,3300,3700,3800,17032,207,380.0,586.3854588736289,10.229989886283875,3758.885469986126,7345.423438233913
1788073397,50,,Aggregated,11.500000,0.200000,380,620,830,990,1400,1800,2300,2600,3300,3700,3800,17047,207,380.0,586.1031068814975,10.229989886283875,3758.885469986126,7344.857804892356
1788073399,50,,Aggregated,11.200000,0.300000,370,620,830,990,1400,1800,2300,2600,3300,3700,3800,17057,207,370.0,585.8915780235828,10.229989886283875,3758.885469986126,7345.147622676906
1788073400,50,,Aggregated,12.500000,0.400000,380,620,830,990,1400,1800,2300,2600,3300,3700,3800,17070,207,370.0,585.8932283866412,10.229989886283875,3758.885469986126,7344.707029876977
1788073401,50,,Aggregated,12.800000,0.400000,380,620,830,990,1400,1800,2300,2600,3300,3700,3800,17076,207,370.0,585.8224516636282,10.229989886283875,3758.885469986126,7344.692199578356
1788073402,50,,Aggregated,12.900000,0.300000,380,620,830,990,1400,1800,2300,2600,3300,3700,3800,17082,207,380.0,585.9938050374125,10.229989886283875,3758.885469986126,7344.549994145885
1788073403,50,,Aggregated,11.100000,0.200000,380,630,830,990,1400,1800,2300,2600,3300,3700,3800,17094,207,380.0,586.5926606128493,10.229989886283875,3758.885469986126,7344.1787176787175
1788073404,50,,Aggregated,10.700000,0.200000,380,630,840,990,1400,1800,2300,2600,3300,3700,3800,17100,207,380.0,587.030561717257,10.229989886283875,3758.885469986126,7344.093157894737
1788073405,50,,Aggregated,11.500000,0.200000,380,630,840,990,1400,1800,2300,2600,3300,3700,3800,17115,207,380.0,588.7115667800205,10.229989886283875,3758.885469986126,7346.271165644172
1788073406,50,,Aggregated,11.300000,0.200000,380,630,840,990,1400,1800,2300,2600,3300,3700,3800,17135,210,380.0,589.6197868033462,10.229989886283875,3758.885469986126,7346.197315436241
1788073407,50,,Aggregated,10.900000,0.200000,380,630,840,990,1400,1800,2300,2600,3300,3700,3800,17148,210,380.0,589.9035911694806,10.229989886283875,3758.885469986126,7346.290004665267
1788073408,50,,Aggregated,11.700000,0.300000,380,630,840,990,1400,1800,2300,2600,3300,3700,3800,17160,210,380.0,589.8952646304458,10.229989886283875,3758.885469986126,7346.508508158508
1788073409,50,,Aggregated,11.300000,0.300000,380,630,840,990,1400,1800,2300,2600,3300,3700,3800,17169,210,380.0,589.6323428800794,10.229989886283875,3758.885469986126,7346.605975886772
1788073410,50,,Aggregated,11.200000,0.300000,380,630,840,990,1400,1800,2300,2600,3300,3700,3800,17180,211,380.0,589.3703874166159,10.229989886283875,3758.885469986126,7345.568626309662
1788073411,50,,Aggregated,10.900000,0.300000,380,630,840,990,1400,1800,2300,2600,3300,3700,3800,17200,211,380.0,589.0940148261278,10.229989886283875,3758.885469986126,7344.848197674419
1788073412,50,,Aggregated,10.800000,0.300000,380,630,840,990,1400,1800,2300,2600,3300,3700,3800,17209,211,380.0,588.8516891809164,10.229989886283875,3758.885469986126,7344.493055959091
1788073413,50,,Aggregated,12.200000,0.400000,380,630,840,990,1400,1800,2300,2600,3300,3700,3800,17224,211,380.0,588.6843391010992,10.229989886283875,3758.885469986126,7343.76474686484
1788073414,50,,Aggregated,12.600000,0.400000,380,630,840,990,1400,1800,2300,2600,3300,3700,3800,17236,211,380.0,588.682476440317,10.229989886283875,3758.885469986126,7343.484567184962
1788073415,50,,Aggregated,12.800000,0.400000,380,630,840,990,1400,1800,2300,2600,3300,3700,3800,17257,211,380.0,588.516874032044,10.229989886283875,3758.885469986126,7343.866373066002
1788073416,50,,Aggregated,13.500000,0.400000,380,630,840,990,1400,1800,2300,2600,3300,3700,3800,17268,211,380.0,588.2306068846232,10.229989886283875,3758.885469986126,7343.946316886727
1788073417,50,,Aggregated,14.000000,0.400000,380,630,840,990,1400,1800,2300,2600,3300,3700,3800,17274,211,380.0,588.1437359478319,10.229989886283875,3758.885469986126,7343.691617459766
1788073418,50,,Aggregated,13.200000,0.200000,380,630,840,990,1400,1800,2300,2600,3300,3700,3800,17286,211,380.0,588.3589626028627,10.229989886283875,3758.885469986126,7344.313259284971
1788073419,50,,Aggregated,12.600000,0.100000,380,630,840,990,1400,1800,2300,2600,3300,3700,3800,17295,211,380.0,588.5937481324061,10.229989886283875,3758.885469986126,7344.867476149176
1788073420,50,,Aggregated,12.100000,0.100000,380,630,840,990,1400,1800,2300,2600,3300,3700,3800,17305,211,380.0,588.8722083431622,10.229989886283875,3758.885469986126,7344.3882692863335
1788073421,50,,Aggregated,12.600000,0.100000,380,630,840,990,1400,1800,2300,2600,3300,3700,3800,17320,211,380.0,589.6894932311436,10.229989886283875,3758.885469986126,7345.658891454966
1788073422,50,,Aggregated,12.500000,0.100000,380,630,840,990,1400,1800,2300,2600,3300,3700,3800,17331,211,380.0,589.9347404177403,10.229989886283875,3758.885469986126,7345.789106225838
1788073423,50,,Aggregated,11.800000,0.000000,380,630,840,990,1400,1800,2300,2600,3300,3700,3800,17352,211,380.0,590.1312145286627,10.229989886283875,3758.885469986126,7344.3138543107425
1788073424,50,,Aggregated,11.800000,0.000000,380,630,840,990,1400,1800,2300,2600,3300,3700,3800,17364,211,380.0,589.9143786590304,10.229989886283875,3758.885469986126,7344.147431467404
1788073425,50,,Aggregated,11.800000,0.000000,380,630,840,990,1400,1800,2300,2600,3300,3700,3800,17375,211,380.0,589.608808100974,10.229989886283875,3758.885469986126,7342.89928057554
1788073426,50,,Aggregated,12.800000,0.000000,380,630,840,990,1400,1800,2300,2600,3300,3700,3800,17388,211,380.0,589.449693944698,10.229989886283875,3758.885469986126,7342.754888428802
1788073427,50,,Aggregated,11.800000,0.000000,380,630,840,990,1400,1800,2300,2600,3300,3700,3800,17403,211,380.0,589.1747207146356,10.229989886283875,3758.885469986126,7341.39205884043
1788073428,50,,Aggregated,11.400000,0.000000,380,630,840,990,1400,1800,2300,2600,3300,3700,3800,17420,211,380.0,588.7419184213012,10.229989886283875,3758.885469986126,7341.0705510907
1788073429,50,,Aggregated,12.600000,0.000000,380,630,840,990,1400,1800,2300,2600,3300,3700,3800,17431,211,380.0,588.4430533634239,10.229989886283875,3758.885469986126,7340.958694280305
1788073430,50,,Aggregated,13.000000,0.000000,380,630,840,990,1400,1800,2300,2600,3300,3700,3800,17443,211,380.0,588.1963099142997,10.229989886283875,3758.885469986126,7343.197500429972
1788073431,50,,Aggregated,13.600000,0.000000,380,630,840,990,1400,1800,2300,2600,3300,3700,3800,17453,211,380.0,588.2182861125475,10.229989886283875,3758.885469986126,7343.66464218186
1788073432,50,,Aggregated,13.300000,0.000000,380,630,840,990,1400,1800,2300,2600,3300,3700,3800,17459,211,380.0,588.292785722152,10.229989886283875,3758.885469986126,7343.059339022853
1788073433,50,,Aggregated,13.100000,0.000000,380,630,840,990,1400,1800,2300,2600,3300,3700,3800,17472,211,380.0,589.0757463623478,10.229989886283875,3758.885469986126,7344.207245879121
1788073434,50,,Aggregated,12.900000,0.000000,380,630,840,990,1400,1800,2300,2600,3300,3700,3800,17488,211,380.0,589.9455170044073,10.229989886283875,3758.885469986126,7346.0074908508695
1788073435,50,,Aggregated,12.600000,0.000000,380,630,840,990,1400,1800,2300,2600,3300,3700,3800,17505,211,380.0,589.7061000011491,10.229989886283875,3758.885469986126,7345.387203656098
1788073436,50,,Aggregated,11.400000,0.000000,380,630,840,990,1400,1800,2300,2600,3300,3700,3800,17518,211,380.0,589.3125399165234,10.229989886283875,3758.885469986126,7345.813106519009
1788073437,50,,Aggregated,12.700000,0.000000,380,630,840,990,1400,1800,2300,2600,3300,3700,3800,17527,211,380.0,589.1228044285385,10.229989886283875,3758.885469986126,7346.438580475838
1788073438,50,,Aggregated,13.000000,0.000000,380,630,840,990,1400,1800,2300,2600,3300,3700,3800,17538,211,380.0,589.1545611196287,10.229989886283875,3758.885469986126,7346.586840004562
1788073439,50,,Aggregated,12.200000,0.000000,380,630,840,990,1400,1800,2300,2600,3300,3700,3800,17546,211,380.0,589.1537561083633,10.229989886283875,3758.885469986126,7346.268779208936
1788073440,50,,Aggregated,11.800000,0.000000,380,630,840,990,1400,1800,2300,2600,3300,3700,3800,17564,211,380.0,589.1392315275848,10.229989886283875,3758.885469986126,7346.538089273514
1788073441,50,,Aggregated,11.200000,0.000000,380,630,840,990,1400,1800,2300,2600,3300,3700,3800,17572,211,380.0,588.9282681516917,10.229989886283875,3758.885469986126,7345.336956521739
1788073442,50,,Aggregated,11.900000,0.000000,380,630,840,990,1400,1800,2300,2600,3300,3700,3800,17589,211,380.0,588.8573462450778,10.229989886283875,3758.885469986126,7345.536301097277
1788073443,50,,Aggregated,12.000000,0.000000,380,630,840,990,1400,1800,2300,2600,3300,3700,3800,17600,211,380.0,588.8048149589105,10.229989886283875,3758.885469986126,7344.167556818182
1788073444,50,,Aggregated,12.300000,0.000000,380,630,840,990,1400,1800,2300,2600,3300,3700,3800,17615,212,380.0,589.0149992528093,10.229989886283875,3758.885469986126,7344.348339483395
1788073445,50,,Aggregated,12.600000,0.000000,380,630,840,990,1400,1800,2300,2600,3300,3700,3800,17625,212,380.0,588.8558892879291,10.229989886283875,3758.885469986126,7345.50780141844
1788073446,50,,Aggregated,12.700000,0.100000,380,630,840,990,1400,1800,2300,2600,3300,3700,3800,17638,212,380.0,588.5454591287422,10.229989886283875,3758.885469986126,7345.133745322599
1788073447,50,,Aggregated,12.200000,0.100000,380,630,840,990,1400,1800,2300,2600,3300,3700,3800,17653,212,380.0,588.2951107031979,10.229989886283875,3758.885469986126,7345.922676032403
1788073448,50,,Aggregated,11.800000,0.100000,380,630,840,990,1400,1800,2300,2600,3300,3700,3800,17670,212,380.0,587.9940830720441,10.229989886283875,3758.885469986126,7346.375382003395
1788073449,50,,Aggregated,12.100000,0.100000,380,630,840,990,1400,1800,2300,2600,3300,3700,3800,17681,212,380.0,587.7248667953181,10.229989886283875,3758.885469986126,7347.816299983033
1788073450,50,,Aggregated,12.500000,0.100000,380,630,830,990,1400,1800,2300,2600,3300,3700,3800,17700,212,380.0,587.3522713650833,10.229989886283875,3758.885469986126,7349.365593220339
1788073451,50,,Aggregated,13.100000,0.100000,380,630,830,990,1400,1800,2300,2600,3300,3700,3800,17707,212,380.0,587.1494997526627,10.229989886283875,3758.885469986126,7348.803862879087
1788073452,50,,Aggregated,12.600000,0.100000,380,620,830,990,1400,1800,2300,2600,3300,3700,3800,17717,212,380.0,586.9574470214694,10.229989886283875,3758.885469986126,7348.041146921037
1788073453,50,,Aggregated,13.300000,0.100000,380,620,830,990,1400,1800,2300,2600,3300,3700,3800,17735,213,380.0,586.9640436754984,10.229989886283875,3758.885469986126,7347.5591767691
1788073455,50,,Aggregated,13.000000,0.100000,380,620,830,990,1400,1800,2300,2600,3300,3700,3800,17739,214,380.0,586.8410284085622,10.229989886283875,3758.885469986126,7346.605952984948
1788073456,50,,Aggregated,12.700000,0.100000,380,620,830,990,1400,1800,2300,2600,3300,3700,3800,17749,214,380.0,586.7194306118546,10.229989886283875,3758.885469986126,7346.945968786974
1788073457,50,,Aggregated,13.300000,0.100000,380,620,830,990,1400,1800,2300,2600,3300,3700,3800,17768,215,380.0,586.791610444808,10.229989886283875,3758.885469986126,7346.137494371905
1788073458,50,,Aggregated,12.000000,0.200000,380,620,830,990,1400,1800,2300,2600,3300,3700,3800,17783,215,380.0,586.5087574298756,10.229989886283875,3758.885469986126,7346.945678456953
1788073459,50,,Aggregated,12.800000,0.300000,380,620,830,990,1400,1800,2300,2600,3300,3700,3800,17794,215,380.0,586.246826254285,10.229989886283875,3758.885469986126,7346.552264808362
1788073460,50,,Aggregated,13.000000,0.300000,370,620,830,990,1400,1800,2300,2600,3300,3700,3800,17812,216,370.0,585.8527313434201,10.229989886283875,3758.885469986126,7346.031327195149
1788073461,50,,Aggregated,12.200000,0.300000,370,620,830,990,1400,1800,2300,2600,3300,3700,3800,17828,218,370.0,585.4859445078737,10.229989886283875,3758.885469986126,7344.832061925062
1788073462,50,,Aggregated,12.900000,0.400000,370,620,830,990,1400,1800,2300,2600,3300,3700,3800,17837,218,370.0,585.2486393782278,10.229989886283875,3758.885469986126,7344.3608790715925
1788073463,50,,Aggregated,12.700000,0.600000,370,620,830,990,1400,1800,2300,2600,3300,3700,3800,17850,219,370.0,584.9665566233145,10.229989886283875,3758.885469986126,7345.546554621848
1788073464,50,,Aggregated,12.700000,0.600000,370,620,830,990,1400,1800,2300,2600,3300,3700,3800,17857,219,370.0,584.951206130719,10.229989886283875,3758.885469986126,7344.579156633253
1788073465,50,,Aggregated,13.200000,0.700000,370,620,830,990,1400,1800,2300,2600,3300,3700,3800,17870,220,370.0,585.3632894279091,10.229989886283875,3758.885469986126,7344.136821488528
1788073466,50,,Aggregated,12.200000,0.600000,370,620,830,990,1400,1800,2300,2600,3300,3700,3800,17889,220,370.0,585.580944591566,10.229989886283875,3758.885469986126,7345.6971882162225
1788073467,50,,Aggregated,12.900000,0.600000,370,620,830,990,1400,1800,2300,2600,3300,3700,3800,17898,220,370.0,585.5254141011224,10.229989886283875,3758.885469986126,7345.616269974299
1788073468,50,,Aggregated,13.800000,0.600000,370,620,830,990,1400,1800,2300,2600,3300,3700,3800,17919,220,370.0,585.1334458269727,10.229989886283875,3758.885469986126,7343.62386293878
1788073469,50,,Aggregated,12.600000,0.500000,370,620,830,990,1400,1800,2300,2600,3300,3700,3800,17929,220,370.0,584.8583562959415,10.229989886283875,3758.885469986126,7342.615371744102
1788073470,50,,Aggregated,13.100000,0.500000,370,620,830,980,1400,1800,2300,2600,3300,3700,3800,17937,220,370.0,584.6930515225424,10.229989886283875,3758.885469986126,7342.270223560238
1788073471,50,,Aggregated,13.300000,0.500000,370,620,830,990,1400,1800,2300,2600,3300,3700,3800,17948,220,370.0,584.9256305566564,10.229989886283875,3758.885469986126,7342.242589703588
1788073472,50,,Aggregated,12.600000,0.400000,370,620,830,990,1400,1800,2300,2600,3300,3700,3800,17973,220,370.0,585.339790315914,10.229989886283875,3758.885469986126,7343.562287876259
1788073473,50,,Aggregated,11.700000,0.200000,370,620,830,990,1400,1800,2300,2600,3300,3700,3800,17982,220,370.0,585.1220600591455,10.229989886283875,3758.885469986126,7342.488988988989
1788073474,50,,Aggregated,12.500000,0.200000,370,620,830,990,1400,1800,2300,2600,3300,3700,3800,17989,220,370.0,585.0603684523062,10.229989886283875,3758.885469986126,7343.032519873256
1788073475,50,,Aggregated,12.900000,0.100000,370,620,830,990,1400,1800,2300,2600,3300,3700,3800,17999,220,370.0,584.921160384658,10.229989886283875,3758.885469986126,7342.161453414079
1788073476,50,,Aggregated,12.900000,0.100000,370,620,830,980,1400,1800,2300,2600,3300,3700,3800,18010,221,370.0,584.7512061087009,10.229989886283875,3758.885469986126,7341.352470849528
1788073477,50,,Aggregated,13.000000,0.000000,370,620,830,980,1400,1800,2300,2600,3300,3700,3800,18021,221,370.0,584.7771248476339,10.229989886283875,3758.885469986126,7343.10964985295
1788073478,50,,Aggregated,12.100000,0.000000,370,620,830,980,1400,1800,2300,2600,3300,3700,3800,18031,221,370.0,585.0322994022588,10.229989886283875,3758.885469986126,7344.2151849592365
1788073479,50,,Aggregated,12.000000,0.100000,370,620,830,990,1400,1800,2300,2600,3300,3700,3800,18047,222,370.0,585.216206817817,10.229989886283875,3758.885469986126,7345.325982157699
1788073480,50,,Aggregated,11.300000,0.100000,370,620,830,990,1400,1800,2300,2600,3300,3700,3800,18060,222,370.0,585.0347503307837,10.229989886283875,3758.885469986126,7345.639534883721
1788073481,50,,Aggregated,11.300000,0.100000,370,620,830,980,1400,1800,2300,2600,3300,3700,3800,18069,222,370.0,585.0068322486004,10.229989886283875,3758.885469986126,7344.801981293929
1788073482,50,,Aggregated,12.000000,0.200000,370,620,830,980,1400,1800,2300,2600,3300,3700,3800,18091,222,370.0,584.9026891863361,10.229989886283875,3758.885469986126,7343.504560278591
1788073483,50,,Aggregated,12.000000,0.200000,370,620,830,980,1400,1800,2300,2600,3300,3700,3800,18102,222,370.0,584.5992002104241,10.229989886283875,3758.885469986126,7342.750469561374
1788073484,50,,Aggregated,11.800000,0.200000,370,620,830,980,1400,1800,2300,2600,3300,3700,3800,18116,222,370.0,584.5734618465276,10.229989886283875,3758.885469986126,7343.580646941929
1788073485,50,,Aggregated,11.700000,0.200000,370,620,830,980,1400,1800,2300,2600,3300,3700,3800,18130,222,370.0,584.4132716242369,10.229989886283875,3758.885469986126,7344.077937120795
1788073486,50,,Aggregated,12.100000,0.200000,370,620,830,980,1400,1800,2300,2600,3300,3700,3800,18142,222,370.0,584.5756984063809,10.229989886283875,3758.885469986126,7345.924374379892
1788073487,50,,Aggregated,12.600000,0.200000,370,620,830,980,1400,1800,2300,2600,3300,3700,3800,18164,224,370.0,584.555401325658,10.229989886283875,3758.885469986126,7343.874972473023
1788073488,50,,Aggregated,12.600000,0.200000,370,620,830,980,1400,1800,2300,2600,3300,3700,3800,18170,224,370.0,584.5041115936887,10.229989886283875,3758.885469986126,7343.957127132636
1788073489,50,,Aggregated,13.500000,0.300000,370,620,830,980,1400,1800,2300,2600,3300,3700,3800,18182,224,370.0,584.4147699745771,10.229989886283875,3758.885469986126,7344.383346166538
1788073490,50,,Aggregated,13.900000,0.300000,370,620,830,980,1400,1800,2300,2600,3300,3700,3800,18195,224,370.0,584.3629851933966,10.229989886283875,3758.885469986126,7343.594339104149
1788073491,50,,Aggregated,13.400000,0.300000,370,620,830,980,1400,1800,2300,2600,3300,3700,3800,18206,224,370.0,584.3624704248145,10.229989886283875,3758.885469986126,7344.47116335274
1788073492,50,,Aggregated,13.000000,0.200000,370,620,830,980,1400,1800,2300,2600,3300,3700,3800,18227,224,370.0,583.9225536657701,10.229989886283875,3758.885469986126,7345.461238821528
1788073493,50,,Aggregated,13.200000,0.200000,370,620,830,980,1400,1800,2300,2600,3300,3700,3800,18237,224,370.0,583.6788384558321,10.229989886283875,3758.885469986126,7344.708888523332
1788073494,50,,Aggregated,13.500000,0.200000,370,620,830,980,1400,1800,2300,2600,3300,3700,3800,18251,224,370.0,583.5784916068249,10.229989886283875,3758.885469986126,7343.154950413676
1788073495,50,,Aggregated,13.500000,0.200000,370,620,830,980,1400,1800,2300,2600,3300,3700,3800,18264,224,370.0,583.5352877019536,10.229989886283875,3758.885469986126,7343.881679807271
1788073496,50,,Aggregated,13.500000,0.200000,370,620,830,980,1400,1800,2300,2600,3300,3700,3800,18278,224,370.0,583.3957213090507,10.229989886283875,3758.885469986126,7344.967994310099
1788073497,50,,Aggregated,12.800000,0.200000,370,620,830,980,1400,1800,2300,2600,3300,3700,3800,18290,224,370.0,583.1276724499586,10.229989886283875,3758.885469986126,7344.334882449426
1788073498,50,,Aggregated,13.200000,0.200000,370,620,830,980,1400,1800,2300,2600,3300,3700,3800,18298,224,370.0,583.0101860067562,10.229989886283875,3758.885469986126,7344.933817903596
1788073499,50,,Aggregated,12.900000,0.000000,370,620,830,980,1400,1800,2300,2600,3300,3700,3800,18310,224,370.0,582.898272672599,10.229989886283875,3758.885469986126,7344.848771163299
1788073500,50,,Aggregated,12.600000,0.000000,370,620,830,980,1400,1800,2300,2600,3300,3700,3800,18326,224,370.0,582.8629099167255,10.229989886283875,3758.885469986126,7342.824784459238
1788073501,50,,Aggregated,12.700000,0.000000,370,620,830,980,1400,1800,2300,2600,3300,3700,3800,18346,224,370.0,583.0688267024566,10.229989886283875,3758.885469986126,7343.01913223591
1788073502,50,,Aggregated,12.700000,0.000000,370,620,830,980,1400,1800,2300,2600,3300,3700,3800,18352,224,370.0,583.0318565101478,10.229989886283875,3758.885469986126,7341.930961203138
1788073503,50,,Aggregated,13.000000,0.000000,370,620,830,980,1400,1800,2300,2600,3300,3700,3800,18369,225,370.0,583.3081410732551,10.229989886283875,3758.885469986126,7341.701399096303
1788073504,50,,Aggregated,13.300000,0.000000,370,620,830,980,1400,1800,2300,2600,3300,3700,3800,18386,225,370.0,583.0498706456278,10.229989886283875,3758.885469986126,7342.080006526705
1788073505,50,,Aggregated,12.300000,0.000000,370,620,820,980,1400,1800,2300,2600,3300,3700,3800,18397,225,370.0,582.7474952558462,10.229989886283875,3758.885469986126,7342.466869598304
1788073506,50,,Aggregated,13.000000,0.100000,370,620,820,980,1400,1800,2300,2600,3300,3700,3800,18405,225,370.0,582.5843214281424,10.229989886283875,3758.885469986126,7343.174300461831
1788073507,50,,Aggregated,13.400000,0.100000,370,620,820,980,1400,1800,2300,2600,3300,3700,3800,18422,225,370.0,582.5917050891044,10.229989886283875,3758.885469986126,7345.381663228748
1788073508,50,,Aggregated,13.100000,0.100000,370,620,820,980,1400,1800,2300,2600,3300,3700,3800,18431,225,370.0,582.5842185273049,10.229989886283875,3758.885469986126,7345.6208561662415
1788073510,50,,Aggregated,12.700000,0.100000,380,620,820,980,1400,1800,2300,2600,3300,3700,3800,18446,225,370.0,582.984352893522,10.229989886283875,3758.885469986126,7345.920091076656
1788073511,50,,Aggregated,13.000000,0.100000,380,620,830,980,1400,1800,2300,2600,3300,3700,3800,18459,225,380.0,583.1549279741787,10.229989886283875,3758.885469986126,7345.757137439731
1788073512,50,,Aggregated,13.300000,0.100000,380,620,830,980,1400,1800,2300,2600,3300,3700,3800,18472,225,380.0,583.3858369859126,10.229989886283875,3758.885469986126,7347.346578605457
1788073513,50,,Aggregated,13.300000,0.100000,380,620,820,980,1400,1800,2300,2600,3300,3700,3800,18490,226,380.0,583.3020617474695,10.229989886283875,3758.885469986126,7345.783234180638
1788073514,50,,Aggregated,13.300000,0.100000,380,620,820,980,1400,1800,2300,2600,3300,3700,3800,18502,226,380.0,583.1519110662377,10.229989886283875,3758.885469986126,7346.775213490433
1788073515,50,,Aggregated,13.700000,0.200000,380,620,820,980,1400,1800,2300,2600,3300,3700,3800,18514,226,380.0,582.8518988108859,10.229989886283875,3758.885469986126,7347.322242627201
1788073516,50,,Aggregated,13.000000,0.100000,380,620,820,980,1400,1800,2300,2600,3300,3700,3800,18525,226,380.0,582.6977877152327,10.229989886283875,3758.885469986126,7348.962213225371
1788073517,50,,Aggregated,12.700000,0.100000,370,620,820,980,1400,1800,2300,2600,3300,3700,3800,18543,226,370.0,582.3936150870472,10.229989886283875,3758.885469986126,7350.467076524834
1788073518,50,,Aggregated,12.700000,0.100000,370,620,820,980,1400,1800,2300,2600,3300,3700,3800,18554,226,370.0,582.2054497324445,10.229989886283875,3758.885469986126,7349.1415328231105
1788073519,50,,Aggregated,13.600000,0.100000,370,620,820,980,1400,1800,2300,2600,3300,3700,3800,18565,226,370.0,582.1954363637242,10.229989886283875,3758.885469986126,7349.268300565581
1788073520,50,,Aggregated,12.800000,0.100000,380,620,820,980,1400,1800,2300,2600,3300,3700,3800,18579,226,380.0,582.2641574613118,10.229989886283875,3758.885469986126,7349.0773453899565
1788073521,50,,Aggregated,13.300000,0.100000,380,620,820,980,1400,1800,2300,2600,3300,3700,3800,18596,226,380.0,582.3615900370601,10.229989886283875,3758.885469986126,7348.903043665305
1788073522,50,,Aggregated,13.100000,0.100000,380,620,820,980,1400,1800,2300,2600,3300,3700,3800,18607,226,380.0,582.2492916787385,10.229989886283875,3758.885469986126,7349.525769871554
1788073523,50,,Aggregated,13.500000,0.100000,380,620,820,980,1400,1800,2300,2600,3300,3700,3800,18614,226,380.0,582.1594193683362,10.229989886283875,3758.885469986126,7348.202804340819
1788073524,50,,Aggregated,13.500000,0.100000,380,620,820,980,1400,1800,2300,2600,3300,3700,3800,18623,226,380.0,582.4268745058389,10.229989886283875,3758.885469986126,7348.56478548032
1788073525,50,,Aggregated,12.300000,0.000000,380,620,820,980,1400,1800,2300,2600,3300,3700,3800,18635,226,380.0,583.0201519156928,10.229989886283875,3758.885469986126,7351.061443520258
1788073526,50,,Aggregated,12.100000,0.000000,380,620,830,980,1400,1800,2300,2600,3300,3700,3800,18646,226,380.0,583.7720040098134,10.229989886283875,3758.885469986126,7352.422825270835
1788073527,50,,Aggregated,11.700000,0.000000,380,620,830,980,1400,1800,2300,2600,3300,3700,3800,18659,226,380.0,584.3830539897738,10.229989886283875,3758.885469986126,7354.432981403076
1788073528,50,,Aggregated,11.700000,0.000000,380,620,830,980,1400,1800,2300,2600,3300,3700,3800,18667,226,380.0,584.5239830842513,10.229989886283875,3758.885469986126,7354.909840895698
1788073529,50,,Aggregated,11.200000,0.000000,380,620,830,980,1400,1800,2300,2600,3300,3700,3800,18676,226,380.0,584.8331096361003,10.229989886283875,3758.885469986126,7355.766277575498
1788073530,50,,Aggregated,11.400000,0.000000,380,620,830,980,1400,1800,2300,2600,3300,3700,3800,18684,226,380.0,585.0517291871656,10.229989886283875,3758.885469986126,7355.295868122458
1788073531,50,,Aggregated,10.800000,0.000000,380,620,830,980,1400,1800,2300,2600,3300,3700,3800,18690,226,380.0,585.4218670458658,10.229989886283875,3758.885469986126,7355.698394863563
1788073532,50,,Aggregated,10.500000,0.000000,380,620,830,990,1400,1800,2300,2600,3300,3700,3800,18699,227,380.0,586.2626591799437,10.229989886283875,3758.885469986126,7356.123054708808
1788073533,50,,Aggregated,9.400000,0.000000,380,620,830,990,1400,1800,2300,2600,3300,3700,3800,18725,228,380.0,588.0801789459333,10.229989886283875,3758.885469986126,7355.305901201602
1788073534,50,,Aggregated,9.000000,0.000000,380,620,830,990,1400,1800,2300,2600,3300,3700,3800,18740,228,380.0,588.1253374932933,10.229989886283875,3758.885469986126,7356.5220917822835
1788073535,50,,Aggregated,9.900000,0.100000,380,620,830,990,1400,1800,2300,2600,3300,3700,3800,18751,228,380.0,587.8957503539792,10.229989886283875,3758.885469986126,7356.9738680603705
1788073536,50,,Aggregated,10.800000,0.200000,380,620,830,990,1400,1800,2300,2600,3300,3700,3800,18760,228,380.0,587.8280669058448,10.229989886283875,3758.885469986126,7356.211140724947
1788073537,50,,Aggregated,11.400000,0.200000,380,620,830,990,1400,1800,2300,2600,3300,3700,3800,18768,228,380.0,587.9802323602603,10.229989886283875,3758.885469986126,7355.99802855925
1788073538,50,,Aggregated,11.500000,0.200000,380,630,830,990,1400,1800,2300,2600,3300,3700,3800,18777,228,380.0,588.3436006230967,10.229989886283875,3758.885469986126,7356.131171113597
1788073539,50,,Aggregated,11.200000,0.200000,380,630,830,990,1400,1800,2300,2600,3300,3700,3800,18784,229,380.0,588.6746335688167,10.229989886283875,3758.885469986126,7355.996326660988
1788073540,50,,Aggregated,10.900000,0.200000,380,630,840,990,1400,1800,2300,2600,3300,3700,3800,18813,230,380.0,589.8745722145287,10.229989886283875,3758.885469986126,7354.906766597565
1788073541,50,,Aggregated,10.600000,0.200000,380,630,840,990,1400,1800,2300,2600,3300,3700,3800,18825,230,380.0,589.5458751739526,10.229989886283875,3758.885469986126,7353.5828950863215
1788073542,50,,Aggregated,11.100000,0.300000,380,630,840,990,1400,1800,2300,2600,3300,3700,3800,18832,230,380.0,589.3588800552556,10.229989886283875,3758.885469986126,7353.2338041631265
1788073543,50,,Aggregated,13.100000,0.400000,380,630,830,990,1400,1800,2300,2600,3300,3700,3800,18841,231,380.0,589.2425663117132,10.229989886283875,3758.885469986126,7353.1749907117455
1788073544,50,,Aggregated,13.500000,0.400000,380,630,840,990,1400,1800,2300,2600,3300,3700,3800,18848,231,380.0,589.3333545382568,10.229989886283875,3758.885469986126,7352.669779286927
1788073545,50,,Aggregated,12.200000,0.300000,380,630,840,990,1400,1800,2300,2600,3300,3700,3800,18859,231,380.0,589.8126449799016,10.229989886283875,3758.885469986126,7353.910016437775
1788073546,50,,Aggregated,11.200000,0.300000,380,630,840,990,1400,1800,2300,2600,3300,3700,3800,18867,231,380.0,590.3548223728205,10.229989886283875,3758.885469986126,7353.920443101712
1788073547,50,,Aggregated,10.700000,0.300000,380,630,840,990,1400,1800,2300,2600,3300,3700,3800,18886,231,380.0,591.6268185675511,10.229989886283875,3758.885469986126,7355.255321402096
1788073548,50,,Aggregated,10.500000,0.300000,380,630,840,990,1400,1800,2300,2600,3300,3700,3800,18905,231,380.0,591.5739701134299,10.229989886283875,3758.885469986126,7356.423591642422
1788073549,50,,Aggregated,10.800000,0.300000,380,630,840,990,1400,1800,2300,2600,3300,3700,3800,18912,231,380.0,591.5069306881921,10.229989886283875,3758.885469986126,7356.21282783418
1788073550,50,,Aggregated,11.900000,0.300000,380,630,840,990,1400,1800,2300,2600,3300,3700,3800,18922,231,380.0,591.5504058012795,10.229989886283875,3758.885469986126,7357.843409787549
1788073551,50,,Aggregated,12.900000,0.300000,380,630,840,990,1400,1800,2300,2600,3300,3700,3800,18928,231,380.0,591.5985739824985,10.229989886283875,3758.885469986126,7357.085006339814
1788073552,50,,Aggregated,11.900000,0.200000,380,630,840,990,1400,1800,2300,2600,3300,3700,3800,18933,231,380.0,591.843358195459,10.229989886283875,3758.885469986126,7358.005598690118
1788073553,50,,Aggregated,10.600000,0.100000,380,630,840,1000,1400,1800,2300,2600,3300,3700,3800,18944,231,380.0,592.5181693763792,10.229989886283875,3758.885469986126,7357.901235219595
1788073554,50,,Aggregated,10.100000,0.100000,380,630,840,1000,1400,1800,2300,2600,3300,3700,3800,18966,232,380.0,593.9507030806295,10.229989886283875,3758.885469986126,7360.03701360329
1788073555,50,,Aggregated,10.100000,0.100000,380,630,840,1000,1400,1800,2300,2600,3300,3700,3800,18978,232,380.0,594.1108630886621,10.229989886283875,3758.885469986126,7360.912688376015
1788073556,50,,Aggregated,10.600000,0.000000,380,630,840,1000,1400,1800,2300,2600,3300,3700,3800,18989,232,380.0,593.8908480692969,10.229989886283875,3758.885469986126,7361.064037074096
1788073557,50,,Aggregated,11.800000,0.100000,380,630,840,1000,1400,1800,2300,2600,3300,3700,3800,19000,233,380.0,593.6198390748744,10.229989886283875,3758.885469986126,7361.191315789473
1788073558,50,,Aggregated,11.800000,0.100000,380,630,840,1000,1400,1800,2300,2600,3300,3700,3800,19007,233,380.0,593.5452794810014,10.229989886283875,3758.885469986126,7361.019413900142
1788073559,50,,Aggregated,11.800000,0.100000,380,630,840,1000,1400,1800,2300,2600,3300,3700,3800,19016,233,380.0,593.8023307074225,10.229989886283875,3758.885469986126,7361.96818468658
1788073560,50,,Aggregated,11.000000,0.200000,380,630,840,1000,1400,1800,2300,2600,3300,3700,3800,19030,233,380.0,594.3236305618916,10.229989886283875,3758.885469986126,7362.076142932212
1788073561,50,,Aggregated,10.200000,0.200000,380,630,840,1000,1400,1800,2300,2600,3300,3700,3800,19053,233,380.0,594.7735701836451,10.229989886283875,3758.885469986126,7364.263160657114
1788073562,50,,Aggregated,10.600000,0.200000,380,630,840,1000,1400,1800,2300,2600,3300,3700,3800,19068,233,380.0,594.5045351121639,10.229989886283875,3758.885469986126,7364.595500314664
1788073564,50,,Aggregated,10.500000,0.200000,380,630,840,1000,1400,1800,2300,2600,3300,3700,3800,19081,233,380.0,594.1785578471367,10.229989886283875,3758.885469986126,7364.575703579477
1788073565,50,,Aggregated,13.300000,0.200000,380,630,840,1000,1400,1800,2300,2600,3300,3700,3800,19094,233,380.0,593.9817079918332,10.229989886283875,3758.885469986126,7364.562009008066
1788073566,50,,Aggregated,13.300000,0.200000,380,630,840,1000,1400,1800,2300,2600,3300,3700,3800,19101,233,380.0,594.0291597437927,10.229989886283875,3758.885469986126,7365.783100361237
1788073567,50,,Aggregated,13.200000,0.200000,380,630,840,1000,1400,1800,2300,2600,3300,3700,3800,19112,233,380.0,593.8970353890847,10.229989886283875,3758.885469986126,7364.6972059439095
1788073568,50,,Aggregated,12.200000,0.100000,380,630,840,1000,1400,1800,2300,2600,3300,3700,3800,19124,233,380.0,594.132027953517,10.229989886283875,3758.885469986126,7365.042512026773
1788073569,50,,Aggregated,12.100000,0.100000,380,630,840,1000,1400,1800,2300,2600,3300,3700,3800,19145,234,380.0,594.3460838216996,10.229989886283875,3758.885469986126,7366.1151214416295
1788073570,50,,Aggregated,12.000000,0.000000,380,630,840,1000,1400,1800,2300,2600,3300,3700,3800,19156,234,380.0,594.0972164320275,10.229989886283875,3758.885469986126,7366.3185946961785
1788073571,50,,Aggregated,13.300000,0.000000,380,630,840,1000,1400,1800,2300,2600,3300,3700,3800,19168,234,380.0,593.7897172675206,10.229989886283875,3758.885469986126,7366.006156093489
1788073572,50,,Aggregated,13.700000,0.100000,380,630,840,1000,1400,1800,2300,2600,3300,3700,3800,19178,234,380.0,593.5218924030085,10.229989886283875,3758.885469986126,7366.091250391073
1788073573,50,,Aggregated,13.700000,0.100000,380,630,840,1000,1400,1800,2300,2600,3300,3700,3800,19191,234,380.0,593.4112486629089,10.229989886283875,3758.885469986126,7365.041894638111
1788073574,50,,Aggregated,12.200000,0.100000,380,630,840,1000,1400,1800,2300,2600,3300,3700,3800,19201,234,380.0,593.4334174149608,10.229989886283875,3758.885469986126,7363.763241497839
1788073575,50,,Aggregated,11.800000,0.100000,380,630,840,1000,1400,1800,2300,2600,3300,3700,3800,19217,234,380.0,593.6725087941197,10.229989886283875,3758.885469986126,7363.938804183796
1788073576,50,,Aggregated,11.800000,0.100000,380,630,840,1000,1400,1800,2300,2600,3300,3700,3800,19230,234,380.0,593.5105262963741,10.229989886283875,3758.885469986126,7364.31268850754
1788073577,50,,Aggregated,12.300000,0.100000,380,630,840,1000,1400,1800,2300,2600,3300,3700,3800,19240,234,380.0,593.4006938865101,10.229989886283875,3758.885469986126,7364.150935550935
1788073578,50,,Aggregated,12.700000,0.100000,380,630,840,1000,1400,1800,2300,2600,3300,3700,3800,19250,234,380.0,593.4709957313856,10.229989886283875,3758.885469986126,7365.808831168832
1788073579,50,,Aggregated,12.600000,0.100000,380,630,840,1000,1400,1800,2300,2600,3300,3700,3800,19262,234,380.0,593.6329948954401,10.229989886283875,3758.885469986126,7365.364811546049
1788073580,50,,Aggregated,12.500000,0.100000,380,630,840,1000,1400,1800,2300,2600,3300,3700,3800,19275,234,380.0,593.901745926857,10.229989886283875,3758.885469986126,7366.376705577172
1788073581,50,,Aggregated,11.400000,0.100000,380,630,840,1000,1400,1800,2300,2600,3300,3700,3800,19283,234,380.0,593.9049789534023,10.229989886283875,3758.885469986126,7366.453508271535
1788073582,50,,Aggregated,11.900000,0.000000,380,630,840,1000,1400,1800,2300,2600,3300,3700,3800,19292,234,380.0,594.0626470130392,10.229989886283875,3758.885469986126,7367.858801575782
1788073583,50,,Aggregated,11.500000,0.000000,380,630,840,1000,1400,1800,2300,2600,3300,3700,3800,19307,234,380.0,594.4689466387932,10.229989886283875,3758.885469986126,7369.4400994457965
1788073584,50,,Aggregated,11.300000,0.000000,380,630,840,1000,1400,1800,2300,2600,3300,3700,3800,19319,234,380.0,594.7323874175006,10.229989886283875,3758.885469986126,7369.392359852995
1788073585,50,,Aggregated,11.400000,0.000000,380,630,840,1000,1400,1800,2300,2600,3300,3700,3800,19329,234,380.0,594.9590273576785,10.229989886283875,3758.885469986126,7368.444358218221
1788073586,50,,Aggregated,11.400000,0.000000,380,630,840,1000,1400,1800,2300,2600,3300,3700,3800,19334,235,380.0,595.2015870773023,10.229989886283875,3758.885469986126,7368.349332781629
1788073587,50,,Aggregated,11.700000,0.000000,380,630,840,1000,1400,1800,2300,2600,3300,3700,3800,19336,235,380.0,595.3997557897405,10.229989886283875,3758.885469986126,7368.594952420356
1788073588,50,,Aggregated,10.600000,0.100000,380,640,840,1000,1500,1800,2400,2600,3400,3700,3800,19345,235,380.0,596.4405268856533,10.229989886283875,3758.885469986126,7369.779322822435
1788073589,50,,Aggregated,9.800000,0.100000,390,640,850,1000,1500,1900,2400,2700,3400,3800,3800,19374,236,390.0,599.1220907418724,10.229989886283875,3833.993454929441,7369.17957055848
1788073590,50,,Aggregated,9.500000,0.100000,390,640,850,1000,1500,1900,2400,2700,3400,3800,3800,19390,236,390.0,599.151321592171,10.229989886283875,3833.993454929441,7368.423568849923
1788073591,50,,Aggregated,10.100000,0.100000,390,640,850,1000,1500,1900,2400,2700,3400,3800,3800,19400,236,390.0,598.9564989351297,10.229989886283875,3833.993454929441,7367.898402061855
1788073592,50,,Aggregated,11.100000,0.200000,390,640,850,1000,1500,1900,2400,2700,3400,3800,3800,19419,236,390.0,598.6310228728258,10.229989886283875,3833.993454929441,7367.11874967815
1788073593,50,,Aggregated,11.300000,0.200000,380,640,840,1000,1500,1900,2400,2700,3400,3800,3800,19435,237,380.0,598.2775683781448,10.229989886283875,3833.993454929441,7368.04234628248
1788073594,50,,Aggregated,11.900000,0.200000,380,640,840,1000,1500,1900,2400,2700,3400,3800,3800,19446,237,380.0,598.0331742810425,10.229989886283875,3833.993454929441,7367.005656690322
1788073595,50,,Aggregated,12.600000,0.200000,380,640,840,1000,1500,1900,2400,2700,3400,3800,3800,19452,237,380.0,597.9973439859692,10.229989886283875,3833.993454929441,7366.835955171705
1788073596,50,,Aggregated,12.200000,0.300000,380,640,840,1000,1500,1900,2400,2700,3400,3800,3800,19460,237,380.0,598.1780179936218,10.229989886283875,3833.993454929441,7367.294809866393
1788073597,50,,Aggregated,12.200000,0.300000,390,640,850,1000,1500,1900,2400,2700,3400,3800,3800,19479,237,390.0,598.7836926294306,10.229989886283875,3833.993454929441,7368.196570665846
1788073598,50,,Aggregated,12.000000,0.200000,390,640,850,1000,1500,1900,2400,2700,3400,3800,3800,19492,237,390.0,598.7619576385289,10.229989886283875,3833.993454929441,7368.989175046173
1788073599,50,,Aggregated,12.800000,0.200000,380,640,850,1000,1500,1900,2400,2700,3400,3800,3800,19504,237,380.0,598.4600022009804,10.229989886283875,3833.993454929441,7369.284557013946
1788073600,50,,Aggregated,14.300000,0.200000,380,640,850,1000,1500,1900,2400,2700,3400,3800,3800,19512,237,380.0,598.3192427859833,10.229989886283875,3833.993454929441,7367.543101681017
1788073601,50,,Aggregated,13.600000,0.200000,380,640,850,1000,1500,1900,2400,2700,3400,3800,3800,19530,237,380.0,598.2424491545886,10.229989886283875,3833.993454929441,7366.679979518689
1788073602,50,,Aggregated,11.900000,0.100000,380,640,850,1000,1500,1900,2400,2700,3400,3800,3800,19539,237,380.0,598.1193302912715,10.229989886283875,3833.993454929441,7367.018680587543
1788073603,50,,Aggregated,11.800000,0.100000,380,640,850,1000,1500,1900,2400,2700,3400,3800,3800,19548,237,380.0,598.0644921232818,10.229989886283875,3833.993454929441,7366.0462962962965
1788073604,50,,Aggregated,12.400000,0.100000,380,640,850,1000,1500,1900,2400,2700,3400,3800,3800,19565,237,380.0,598.0518885487473,10.229989886283875,3833.993454929441,7365.977357526194
1788073605,50,,Aggregated,11.700000,0.100000,380,640,850,1000,1500,1900,2400,2700,3400,3800,3800,19582,237,380.0,597.7763115405345,10.229989886283875,3833.993454929441,7365.769839648657
1788073606,50,,Aggregated,11.300000,0.000000,380,640,840,1000,1500,1900,2400,2700,3400,3800,3800,19594,237,380.0,597.5523579278234,10.229989886283875,3833.993454929441,7365.277891191181
1788073607,50,,Aggregated,12.400000,0.000000,380,640,840,1000,1500,1900,2400,2700,3400,3800,3800,19602,237,380.0,597.4842098789877,10.229989886283875,3833.993454929441,7365.929599020508
1788073608,50,,Aggregated,12.900000,0.000000,380,640,840,1000,1500,1900,2400,2700,3400,3800,3800,19619,237,380.0,597.696342177565,10.229989886283875,3833.993454929441,7365.618991793669
1788073609,50,,Aggregated,13.300000,0.000000,380,640,840,1000,1500,1900,2400,2700,3400,3800,3800,19634,237,380.0,597.6790153532505,10.229989886283875,3833.993454929441,7365.539625140063
1788073610,50,,Aggregated,11.800000,0.000000,380,630,840,1000,1500,1900,2400,2700,3400,3800,3800,19651,237,380.0,597.22073759139,10.229989886283875,3833.993454929441,7363.257645921327
1788073611,50,,Aggregated,13.000000,0.000000,380,630,840,1000,1500,1900,2400,2700,3400,3800,3800,19658,237,380.0,597.1489132572831,10.229989886283875,3833.993454929441,7363.732068369111
1788073612,50,,Aggregated,13.200000,0.000000,380,630,840,1000,1500,1900,2400,2700,3400,3800,3800,19667,237,380.0,597.1693569529964,10.229989886283875,3833.993454929441,7363.728631718106
1788073613,50,,Aggregated,13.900000,0.000000,380,630,840,1000,1500,1900,2400,2700,3400,3800,3800,19678,237,380.0,597.2729074204666,10.229989886283875,3833.993454929441,7364.281329403395
1788073614,50,,Aggregated,12.500000,0.000000,380,630,840,1000,1500,1900,2400,2700,3400,3800,3800,19699,237,380.0,597.1849423649423,10.229989886283875,3833.993454929441,7364.299964465201
1788073615,50,,Aggregated,12.400000,0.000000,380,630,840,1000,1500,1900,2400,2700,3400,3800,3800,19713,237,380.0,596.8721693450809,10.229989886283875,3833.993454929441,7364.784254045554
1788073617,50,,Aggregated,12.800000,0.000000,380,630,840,1000,1500,1900,2400,2700,3400,3800,3800,19728,237,380.0,596.6037845740913,10.229989886283875,3833.993454929441,7364.863899026764
1788073618,50,,Aggregated,12.900000,0.000000,380,630,840,1000,1500,1900,2400,2700,3400,3800,3800,19744,237,380.0,596.4158661712589,10.229989886283875,3833.993454929441,7365.689272690438
1788073619,50,,Aggregated,13.000000,0.000000,380,630,840,1000,1500,1900,2400,2700,3400,3800,3800,19758,237,380.0,596.2166648115189,10.229989886283875,3833.993454929441,7364.956017815568
1788073620,50,,Aggregated,14.100000,0.000000,380,630,840,1000,1500,1900,2400,2700,3400,3800,3800,19771,238,380.0,595.9702567888185,10.229989886283875,3833.993454929441,7363.756309746598
1788073621,50,,Aggregated,14.100000,0.000000,380,630,840,1000,1500,1900,2400,2700,3400,3800,3800,19788,238,380.0,595.6087374287105,10.229989886283875,3833.993454929441,7363.358954922175
1788073622,50,,Aggregated,13.400000,0.100000,380,630,840,1000,1500,1900,2400,2600,3400,3800,3800,19801,238,380.0,595.2589083923771,9.73058701492846,3833.993454929441,7362.525680521186
1788073623,50,,Aggregated,13.600000,0.100000,380,630,840,1000,1500,1900,2400,2600,3400,3800,3800,19818,238,380.0,594.8457145931724,9.73058701492846,3833.993454929441,7362.492178827329
1788073624,50,,Aggregated,14.200000,0.100000,380,630,840,1000,1500,1900,2400,2600,3400,3800,3800,19828,238,380.0,594.6625184793425,9.73058701492846,3833.993454929441,7361.646863021989
1788073625,50,,Aggregated,15.000000,0.100000,380,630,840,1000,1500,1900,2400,2600,3400,3800,3800,19843,238,380.0,594.3497635672256,9.73058701492846,3833.993454929441,7360.709973290329
1788073626,50,,Aggregated,14.600000,0.100000,380,630,840,1000,1500,1900,2400,2600,3400,3800,3800,19857,238,380.0,594.1588432507231,9.73058701492846,3833.993454929441,7361.31485118598
1788073627,50,,Aggregated,14.600000,0.100000,380,630,840,1000,1500,1900,2400,2600,3400,3800,3800,19867,238,380.0,594.1022850400834,9.73058701492846,3833.993454929441,7361.668696833945
1788073628,50,,Aggregated,14.300000,0.100000,380,630,840,1000,1500,1900,2400,2600,3400,3800,3800,19873,239,380.0,594.2695103573888,9.73058701492846,3833.993454929441,7362.093896241131
1788073629,50,,Aggregated,13.900000,0.100000,380,630,840,1000,1500,1900,2400,2600,3400,3800,3800,19880,239,380.0,594.5209205363993,9.73058701492846,3833.993454929441,7361.720171026157
1788073630,50,,Aggregated,12.900000,0.200000,380,630,840,1000,1500,1900,2400,2600,3400,3800,3800,19907,239,380.0,595.1200627517916,9.73058701492846,3833.993454929441,7359.195157482292
1788073631,50,,Aggregated,12.000000,0.200000,380,630,840,1000,1500,1900,2400,2600,3400,3800,3800,19921,239,380.0,594.9332605250805,9.73058701492846,3833.993454929441,7359.952713217208
1788073632,50,,Aggregated,13.400000,0.100000,380,630,840,1000,1500,1900,2400,2600,3400,3800,3800,19933,239,380.0,594.710076633804,9.73058701492846,3833.993454929441,7361.055335373501
1788073633,50,,Aggregated,12.800000,0.100000,380,630,840,1000,1500,1800,2400,2600,3400,3800,3800,19944,239,380.0,594.4958080361477,9.73058701492846,3833.993454929441,7360.285599679101
1788073634,50,,Aggregated,12.800000,0.100000,380,630,840,1000,1500,1800,2400,2600,3400,3800,3800,19947,239,380.0,594.5077295684947,9.73058701492846,3833.993454929441,7359.865343159372
1788073635,50,,Aggregated,12.600000,0.100000,380,630,840,1000,1500,1900,2400,2600,3400,3800,3800,19957,239,380.0,595.0557589212447,9.73058701492846,3833.993454929441,7361.008718745303
1788073636,50,,Aggregated,12.200000,0.100000,380,630,840,1000,1500,1900,2400,2600,3400,3800,3800,19979,239,380.0,596.0929365345934,9.73058701492846,3833.993454929441,7360.718053956654
1788073637,50,,Aggregated,11.100000,0.100000,380,630,840,1000,1500,1900,2400,2600,3400,3800,3800,19993,239,380.0,596.2439257536415,9.73058701492846,3833.993454929441,7360.944180463162
1788073638,50,,Aggregated,11.600000,0.100000,380,630,840,1000,1500,1900,2400,2600,3400,3700,3800,20003,239,380.0,596.3021653485238,9.73058701492846,3833.993454929441,7360.5440183972405
1788073639,50,,Aggregated,12.300000,0.100000,380,630,840,1000,1500,1900,2400,2600,3400,3700,3800,20020,239,380.0,596.168038854957,9.73058701492846,3833.993454929441,7360.866983016983
1788073640,50,,Aggregated,12.500000,0.000000,380,630,840,1000,1500,1900,2400,2600,3400,3700,3800,20025,239,380.0,596.0913357964267,9.73058701492846,3833.993454929441,7360.729288389513
1788073641,50,,Aggregated,13.600000,0.000000,380,630,840,1000,1500,1900,2400,2600,3400,3700,3800,20033,239,380.0,596.2590287225186,9.73058701492846,3833.993454929441,7361.242250287027
1788073642,50,,Aggregated,11.900000,0.000000,380,630,840,1000,1500,1900,2400,2600,3400,3700,3800,20042,239,380.0,596.6446295965701,9.73058701492846,3833.993454929441,7360.885939526994
1788073643,50,,Aggregated,11.400000,0.000000,380,640,850,1000,1500,1900,2400,2700,3400,3700,3800,20057,239,380.0,597.5751352840218,9.73058701492846,3833.993454929441,7363.217131176148
1788073644,50,,Aggregated,11.000000,0.000000,380,640,850,1000,1500,1900,2400,2700,3400,3700,3800,20078,239,380.0,598.1840887964618,9.73058701492846,3833.993454929441,7361.857256698874
1788073645,50,,Aggregated,10.400000,0.000000,380,640,850,1000,1500,1900,2400,2700,3400,3700,3800,20090,240,380.0,598.3525353035462,9.73058701492846,3833.993454929441,7363.303733200597
1788073646,50,,Aggregated,12.000000,0.000000,380,640,850,1000,1500,1900,2400,2700,3400,3700,3800,20103,240,380.0,598.10674165304,9.73058701492846,3833.993454929441,7362.855991643039
1788073647,50,,Aggregated,13.100000,0.100000,380,640,850,1000,1500,1900,2400,2700,3400,3700,3800,20116,240,380.0,597.7971754391136,9.73058701492846,3833.993454929441,7361.964853847683
1788073648,50,,Aggregated,12.400000,0.100000,380,640,850,1000,1500,1900,2400,2700,3400,3700,3800,20127,240,380.0,597.5379214881599,9.73058701492846,3833.993454929441,7362.365677945049
1788073649,50,,Aggregated,11.800000,0.100000,380,640,850,1000,1500,1900,2400,2700,3400,3700,3800,20139,240,380.0,597.3138929151943,9.73058701492846,3833.993454929441,7360.7559958289885
1788073650,50,,Aggregated,12.200000,0.100000,380,640,850,1000,1500,1900,2400,2700,3400,3700,3800,20153,240,380.0,597.5337177888774,9.73058701492846,3833.993454929441,7361.101870689227
1788073651,50,,Aggregated,12.000000,0.100000,380,640,850,1000,1500,1900,2400,2700,3400,3700,3800,20170,240,380.0,597.9975448867762,9.73058701492846,3833.993454929441,7361.021417947447
1788073652,50,,Aggregated,11.700000,0.100000,380,640,850,1000,1500,1900,2400,2700,3400,3700,3800,20180,240,380.0,598.1320991380439,9.73058701492846,3833.993454929441,7361.023488602576
1788073653,50,,Aggregated,12.600000,0.100000,380,640,850,1000,1500,1900,2400,2700,3400,3700,3800,20192,240,380.0,598.375115855317,9.73058701492846,3833.993454929441,7362.503961965134
1788073654,50,,Aggregated,13.500000,0.100000,380,640,850,1000,1500,1900,2400,2700,3400,3700,3800,20195,240,380.0,598.3608713414816,9.73058701492846,3833.993454929441,7362.804208962614
1788073655,50,,Aggregated,13.400000,0.100000,380,640,850,1000,1500,1900,2400,2700,3400,3700,3800,20201,240,380.0,598.5105352139204,9.73058701492846,3833.993454929441,7363.192267709519
1788073656,50,,Aggregated,12.500000,0.100000,380,640,850,1000,1500,1900,2400,2700,3400,3700,3800,20213,241,380.0,599.0979701089104,9.73058701492846,3833.993454929441,7362.108395586998
1788073657,50,,Aggregated,11.300000,0.000000,380,640,850,1000,1500,1900,2400,2700,3400,3700,3800,20225,241,380.0,599.9780356033955,9.73058701492846,3833.993454929441,7364.7536711990115
1788073658,50,,Aggregated,10.800000,0.100000,380,640,850,1000,1500,1900,2400,2700,3400,3700,3800,20235,241,380.0,600.5639863418415,9.73058701492846,3833.993454929441,7364.293748455646
1788073659,50,,Aggregated,10.700000,0.100000,390,640,850,1000,1500,1900,2400,2700,3400,3700,3800,20248,241,390.0,601.0959717923639,9.73058701492846,3833.993454929441,7366.275039510075
1788073660,50,,Aggregated,10.500000,0.100000,390,640,850,1000,1500,1900,2400,2700,3400,3700,3800,20269,241,390.0,601.3321000157034,9.73058701492846,3833.993454929441,7365.847550446495
1788073661,50,,Aggregated,10.400000,0.100000,390,640,850,1000,1500,1900,2400,2700,3400,3700,3800,20280,241,390.0,601.205834643091,9.73058701492846,3833.993454929441,7366.333284023669
1788073662,50,,Aggregated,10.800000,0.100000,390,640,850,1000,1500,1900,2400,2700,3400,3700,3800,20291,241,390.0,601.2632431297563,9.73058701492846,3833.993454929441,7366.622295599034
1788073663,50,,Aggregated,11.400000,0.100000,390,640,850,1000,1500,1900,2400,2700,3400,3700,3800,20310,241,390.0,601.1209850116064,9.73058701492846,3833.993454929441,7366.52082717873
1788073664,50,,Aggregated,10.600000,0.100000,390,640,850,1000,1500,1900,2400,2700,3400,3700,3800,20320,241,390.0,600.8633251902927,9.73058701492846,3833.993454929441,7365.347982283464
1788073665,50,,Aggregated,11.300000,0.100000,380,640,850,1000,1500,1900,2400,2700,3400,3700,3800,20334,241,380.0,600.5230934621208,9.73058701492846,3833.993454929441,7364.438280712107
1788073666,50,,Aggregated,11.800000,0.100000,380,640,850,1000,1500,1900,2400,2700,3400,3700,3800,20343,241,380.0,600.3913296599275,9.73058701492846,3833.993454929441,7364.19151550902
1788073667,50,,Aggregated,12.400000,0.100000,380,640,850,1000,1500,1900,2400,2700,3400,3700,3800,20358,242,380.0,600.3337005247515,9.73058701492846,3833.993454929441,7363.758178603006
1788073668,50,,Aggregated,13.300000,0.000000,380,640,850,1000,1500,1900,2400,2700,3400,3700,3800,20371,242,380.0,600.1974757941966,9.73058701492846,3833.993454929441,7364.831377939227
1788073670,50,,Aggregated,12.800000,0.000000,380,640,850,1000,1500,1900,2400,2700,3400,3700,3800,20381,242,380.0,600.2549460929391,9.73058701492846,3833.993454929441,7365.496148373485
1788073671,50,,Aggregated,13.300000,0.100000,380,640,850,1000,1500,1900,2400,2700,3400,3700,3800,20383,242,380.0,600.2965948646059,9.73058701492846,3833.993454929441,7365.737379188539
1788073672,50,,Aggregated,13.300000,0.100000,380,640,850,1000,1500,1900,2400,2700,3400,3700,3800,20394,242,380.0,600.6296866326817,9.73058701492846,3833.993454929441,7366.740462881239
1788073673,50,,Aggregated,11.300000,0.100000,390,640,850,1000,1500,1900,2400,2700,3400,3700,3800,20404,242,390.0,601.4688505733022,9.73058701492846,3833.993454929441,7369.435698882572
1788073674,50,,Aggregated,11.300000,0.100000,390,640,850,1000,1500,1900,2400,2700,3400,3700,3800,20412,242,390.0,601.9058421115523,9.73058701492846,3833.993454929441,7368.506368802665
1788073675,50,,Aggregated,10.900000,0.100000,390,640,850,1000,1500,1900,2400,2700,3400,3700,3800,20426,242,390.0,602.9074693719645,9.73058701492846,3833.993454929441,7368.870263389797
1788073676,50,,Aggregated,10.000000,0.100000,390,640,860,1000,1500,1900,2400,2700,3400,3700,3800,20439,242,390.0,603.5699189622674,9.73058701492846,3833.993454929441,7368.972209990704
1788073677,50,,Aggregated,10.000000,0.100000,390,640,860,1000,1500,1900,2400,2700,3400,3700,3800,20449,242,390.0,603.9799666896045,9.73058701492846,3833.993454929441,7369.206024744486
1788073678,50,,Aggregated,10.200000,0.100000,390,640,860,1000,1500,1900,2400,2700,3400,3700,3800,20468,243,390.0,604.0498703341411,9.73058701492846,3833.993454929441,7369.099912057846
1788073679,50,,Aggregated,10.600000,0.100000,390,640,860,1000,1500,1900,2400,2700,3400,3700,3800,20477,243,390.0,603.8415864722946,9.73058701492846,3833.993454929441,7369.46955120379
1788073680,50,,Aggregated,10.800000,0.100000,390,640,860,1000,1500,1900,2400,2700,3400,3700,3800,20489,243,390.0,603.9121917719871,9.73058701492846,3833.993454929441,7369.089267411782
1788073681,50,,Aggregated,10.500000,0.100000,390,640,860,1000,1500,1900,2400,2700,3400,3700,3800,20507,243,390.0,603.9472589451485,9.73058701492846,3833.993454929441,7371.328375676599
1788073682,50,,Aggregated,10.500000,0.100000,390,640,860,1000,1500,1900,2400,2700,3400,3700,3800,20515,243,390.0,603.8158507124016,9.73058701492846,3833.993454929441,7370.939605166951
1788073683,50,,Aggregated,12.200000,0.100000,390,640,860,1000,1500,1900,2400,2700,3400,3700,3800,20529,243,390.0,603.6699069415049,9.73058701492846,3833.993454929441,7370.339470992255
1788073684,50,,Aggregated,12.100000,0.100000,390,640,860,1000,1500,1900,2400,2700,3400,3700,3800,20541,243,390.0,603.7927397450653,9.73058701492846,3833.993454929441,7371.07667591646
1788073685,50,,Aggregated,12.500000,0.100000,390,640,850,1000,1500,1900,2400,2700,3400,3700,3800,20558,243,390.0,603.5775604724151,9.73058701492846,3833.993454929441,7368.810973830139
1788073686,50,,Aggregated,12.600000,0.100000,390,640,860,1000,1500,1900,2400,2700,3400,3700,3800,20567,243,390.0,603.5650456099393,9.73058701492846,3833.993454929441,7369.163708853989
1788073687,50,,Aggregated,13.100000,0.100000,390,640,860,1000,1500,1900,2400,2700,3400,3700,3800,20582,243,390.0,603.6369058983927,9.73058701492846,3833.993454929441,7368.945292002721
1788073688,50,,Aggregated,12.500000,0.100000,390,640,850,1000,1500,1900,2400,2700,3400,3700,3800,20597,244,390.0,603.4141382218648,9.73058701492846,3833.993454929441,7368.259261057436
1788073689,50,,Aggregated,12.300000,0.100000,390,640,850,1000,1500,1900,2400,2700,3400,3700,3800,20603,245,390.0,603.382146454018,9.73058701492846,3833.993454929441,7367.957967286317
1788073690,50,,Aggregated,12.700000,0.100000,390,640,860,1000,1500,1900,2400,2700,3400,3700,3800,20619,245,390.0,603.7050444386308,9.73058701492846,3833.993454929441,7367.945875163684
1788073691,50,,Aggregated,12.500000,0.200000,390,640,860,1000,1500,1900,2400,2700,3400,3700,3800,20632,245,390.0,603.845842323585,9.73058701492846,3833.993454929441,7368.311845676619
1788073692,50,,Aggregated,12.700000,0.200000,390,640,860,1000,1500,1900,2400,2700,3400,3700,3800,20638,245,390.0,603.8917387111716,9.73058701492846,3833.993454929441,7369.361275317376
1788073693,50,,Aggregated,12.500000,0.200000,390,640,860,1000,1500,1900,2400,2700,3400,3700,3800,20658,246,390.0,604.2251825043187,9.73058701492846,3833.993454929441,7369.1278923419495
1788073694,50,,Aggregated,12.100000,0.200000,390,640,860,1000,1500,1900,2400,2700,3400,3700,3800,20671,247,390.0,603.9891996365097,9.73058701492846,3833.993454929441,7368.864544530986
1788073695,50,,Aggregated,12.100000,0.200000,390,640,850,1000,1500,1900,2400,2700,3400,3700,3800,20678,247,390.0,603.9404578428961,9.73058701492846,3833.993454929441,7369.294564271206
1788073696,50,,Aggregated,12.700000,0.300000,390,640,850,1000,1500,1900,2400,2700,3400,3700,3800,20693,247,390.0,604.055001534846,9.73058701492846,3833.993454929441,7368.750833615232
1788073697,50,,Aggregated,11.900000,0.400000,390,640,860,1000,1500,1900,2400,2700,3400,3700,3800,20708,247,390.0,604.0133016364273,9.73058701492846,3833.993454929441,7368.427902259996
1788073698,50,,Aggregated,12.300000,0.400000,390,640,850,1000,1500,1900,2400,2700,3400,3700,3800,20718,247,390.0,603.9157100574978,9.73058701492846,3833.993454929441,7369.221353412491
1788073699,50,,Aggregated,12.800000,0.400000,390,640,850,1000,1500,1900,2400,2700,3400,3700,3800,20736,248,390.0,603.6166612653059,9.73058701492846,3833.993454929441,7367.847849151234
1788073700,50,,Aggregated,11.800000,0.300000,390,640,850,1000,1500,1900,2400,2700,3400,3700,3800,20749,248,390.0,603.4804407113741,9.73058701492846,3833.993454929441,7367.2966408019665
1788073701,50,,Aggregated,12.700000,0.200000,390,640,850,1000,1500,1900,2400,2700,3400,3700,3800,20766,249,390.0,603.4422773071741,9.73058701492846,3833.993454929441,7366.471540017336
1788073702,50,,Aggregated,13.000000,0.300000,390,640,850,1000,1500,1900,2400,2700,3400,3700,3800,20778,249,390.0,603.1508833949827,9.73058701492846,3833.993454929441,7366.333766483781
1788073703,50,,Aggregated,12.600000,0.400000,390,640,850,1000,1500,1900,2400,2700,3400,3700,3800,20786,249,390.0,603.0402607108401,9.73058701492846,3833.993454929441,7368.039930722602
1788073704,50,,Aggregated,13.500000,0.400000,390,640,850,1000,1500,1900,2400,2700,3400,3700,3800,20792,249,390.0,602.9666401879791,9.73058701492846,3833.993454929441,7368.332339361293
1788073705,50,,Aggregated,13.100000,0.400000,390,640,850,1000,1500,1900,2400,2700,3400,3700,3800,20811,249,390.0,603.2308022675943,9.73058701492846,3833.993454929441,7369.121570323387
1788073706,50,,Aggregated,12.700000,0.300000,390,640,850,1000,1500,1900,2400,2700,3400,3700,3800,20824,249,390.0,603.1654271448725,9.73058701492846,3833.993454929441,7369.571504033807
1788073707,50,,Aggregated,12.100000,0.200000,390,640,850,1000,1500,1900,2400,2700,3400,3700,3800,20838,249,390.0,603.0222524553099,9.73058701492846,3833.993454929441,7370.697571743929
1788073708,50,,Aggregated,13.000000,0.200000,390,640,850,1000,1500,1900,2400,2700,3400,3700,3800,20855,249,390.0,602.6774211581824,9.73058701492846,3833.993454929441,7370.208055622153
1788073709,50,,Aggregated,12.700000,0.200000,390,640,850,1000,1500,1900,2400,2700,3400,3700,3800,20865,249,390.0,602.4634316532585,9.73058701492846,3833.993454929441,7369.550730889048
1788073710,50,,Aggregated,13.300000,0.200000,390,640,850,1000,1500,1900,2400,2700,3400,3700,3800,20875,249,390.0,602.3805271443425,9.73058701492846,3833.993454929441,7370.693365269461
1788073711,50,,Aggregated,12.900000,0.200000,390,640,850,1000,1500,1900,2400,2700,3400,3700,3800,20893,249,390.0,602.5203237040613,9.73058701492846,3833.993454929441,7370.523716077155
1788073712,50,,Aggregated,12.600000,0.100000,390,640,850,1000,1500,1900,2400,2700,3400,3700,3800,20903,249,390.0,602.3644522099214,9.73058701492846,3833.993454929441,7370.1606467971105
1788073713,50,,Aggregated,12.100000,0.000000,390,640,850,1000,1500,1900,2400,2700,3400,3700,3800,20915,249,390.0,602.4186754654875,9.73058701492846,3833.993454929441,7370.73377958403
1788073714,50,,Aggregated,12.200000,0.000000,390,640,850,1000,1500,1900,2400,2700,3400,3700,3800,20936,249,390.0,602.2547174810603,9.73058701492846,3833.993454929441,7371.863440962935
1788073715,50,,Aggregated,12.300000,0.000000,390,640,850,1000,1500,1900,2400,2700,3400,3700,3800,20951,249,390.0,601.9012514975184,9.73058701492846,3833.993454929441,7371.5768698391485
1788073716,50,,Aggregated,13.600000,0.000000,390,640,850,1000,1500,1900,2400,2700,3400,3700,3800,20965,249,390.0,601.5519028107065,9.73058701492846,3833.993454929441,7371.7292153589315
1788073717,50,,Aggregated,14.200000,0.000000,390,640,850,1000,1500,1900,2400,2700,3400,3700,3800,20975,250,390.0,601.3675869138926,9.73058701492846,3833.993454929441,7372.106650774732
1788073718,50,,Aggregated,14.000000,0.000000,390,640,850,1000,1500,1900,2400,2700,3400,3700,3800,20985,250,390.0,601.1995661129795,9.73058701492846,3833.993454929441,7370.778984989278
1788073719,50,,Aggregated,13.800000,0.000000,390,640,850,1000,1500,1900,2400,2700,3400,3700,3800,21006,250,390.0,600.9745359388567,9.73058701492846,3833.993454929441,7369.316481005427
1788073720,50,,Aggregated,13.100000,0.100000,390,640,850,1000,1500,1900,2400,2700,3400,3700,3800,21016,250,390.0,600.7639993151809,9.73058701492846,3833.993454929441,7368.938189950514
1788073722,50,,Aggregated,12.900000,0.100000,390,640,850,1000,1500,1900,2400,2700,3400,3700,3800,21027,250,390.0,600.686716268594,9.73058701492846,3833.993454929441,7368.627003376611
1788073723,50,,Aggregated,13.900000,0.100000,390,640,850,1000,1500,1900,2400,2700,3400,3700,3800,21039,250,390.0,600.5864974936535,9.73058701492846,3833.993454929441,7369.1595132848515
1788073724,50,,Aggregated,13.400000,0.100000,380,640,850,1000,1500,1900,2400,2700,3400,3700,3800,21061,250,380.0,600.201854947866,9.73058701492846,3833.993454929441,7368.247898960163
1788073725,50,,Aggregated,13.500000,0.100000,380,640,850,1000,1500,1900,2400,2700,3400,3700,3800,21077,250,380.0,599.8247512315306,9.73058701492846,3833.993454929441,7368.668975660673
1788073726,50,,Aggregated,13.500000,0.100000,380,640,850,1000,1500,1900,2400,2700,3400,3700,3800,21087,251,380.0,599.5807181050393,9.73058701492846,3833.993454929441,7369.147389386826
1788073727,50,,Aggregated,13.800000,0.100000,380,640,850,1000,1500,1900,2400,2700,3400,3700,3800,21102,253,380.0,599.2038030908418,9.73058701492846,3833.993454929441,7367.9500521277605
1788073728,50,,Aggregated,13.200000,0.200000,380,640,850,1000,1500,1900,2400,2700,3400,3700,3800,21108,253,380.0,599.1776044775479,9.73058701492846,3833.993454929441,7367.545764639
1788073729,50,,Aggregated,13.200000,0.200000,380,640,850,1000,1500,1900,2400,2700,3400,3700,3800,21117,253,380.0,599.3321515204327,9.73058701492846,3833.993454929441,7367.809868826064
1788073730,50,,Aggregated,13.200000,0.300000,380,640,850,1000,1500,1900,2400,2700,3400,3700,3800,21135,253,380.0,599.7147748520765,9.73058701492846,3833.993454929441,7369.1093446889045
1788073731,50,,Aggregated,13.100000,0.300000,380,640,850,1000,1500,1900,2400,2700,3400,3700,3800,21148,253,380.0,599.437398673306,9.73058701492846,3833.993454929441,7369.836296576508
1788073732,50,,Aggregated,12.300000,0.300000,380,640,850,1000,1500,1900,2400,2700,3400,3700,3800,21160,253,380.0,599.3084692007585,9.73058701492846,3833.993454929441,7369.950236294896
1788073733,50,,Aggregated,13.000000,0.300000,380,640,850,1000,1500,1900,2400,2700,3400,3700,3800,21172,253,380.0,599.2377369500797,9.73058701492846,3833.993454929441,7371.772010202154
1788073734,50,,Aggregated,13.200000,0.300000,380,640,850,1000,1500,1900,2400,2700,3400,3700,3800,21187,253,380.0,599.227097977561,9.73058701492846,3833.993454929441,7371.653513947232
1788073735,50,,Aggregated,13.300000,0.300000,380,640,850,1000,1500,1900,2400,2700,3400,3700,3800,21199,253,380.0,599.0450135109061,9.73058701492846,3833.993454929441,7371.486013491202
1788073736,50,,Aggregated,12.700000,0.300000,380,640,850,1000,1500,1900,2400,2700,3400,3700,3800,21216,253,380.0,598.6865903962117,9.73058701492846,3833.993454929441,7370.430147058823
1788073737,50,,Aggregated,12.100000,0.300000,380,640,850,1000,1500,1900,2400,2700,3400,3700,3800,21226,253,380.0,598.5307636065206,9.73058701492846,3833.993454929441,7369.477951568831
1788073738,50,,Aggregated,12.600000,0.200000,380,640,850,1000,1500,1900,2400,2700,3400,3700,3800,21239,253,380.0,598.6626371218936,9.73058701492846,3833.993454929441,7369.072366872263
1788073739,50,,Aggregated,12.300000,0.000000,380,640,850,1000,1500,1900,2400,2700,3400,3700,3800,21254,253,380.0,598.747892934349,9.73058701492846,3833.993454929441,7369.176390326526
1788073740,50,,Aggregated,12.800000,0.000000,380,640,850,1000,1500,1900,2400,2700,3400,3700,3800,21268,253,380.0,598.4454861060141,9.73058701492846,3833.993454929441,7368.492806093662
1788073741,50,,Aggregated,12.900000,0.000000,380,640,850,1000,1500,1900,2400,2700,3400,3700,3800,21275,253,380.0,598.3319453175752,9.73058701492846,3833.993454929441,7368.45499412456
1788073742,50,,Aggregated,13.700000,0.000000,380,630,850,1000,1500,1900,2400,2700,3400,3700,3800,21292,254,380.0,598.0408574805307,9.73058701492846,3833.993454929441,7368.23069697539
1788073743,50,,Aggregated,12.400000,0.000000,380,630,850,1000,1500,1900,2400,2700,3400,3700,3800,21311,255,380.0,597.6605426693189,9.73058701492846,3833.993454929441,7365.7746703580315
1788073744,50,,Aggregated,12.800000,0.000000,380,630,850,1000,1500,1900,2400,2700,3400,3700,3800,21317,255,380.0,597.5340942768163,9.73058701492846,3833.993454929441,7366.091992306609
1788073745,50,,Aggregated,13.400000,0.200000,380,630,850,1000,1500,1900,2400,2700,3400,3700,3800,21325,255,380.0,597.5143589725192,9.73058701492846,3833.993454929441,7365.539788980071
1788073746,50,,Aggregated,13.100000,0.200000,380,630,850,1000,1500,1900,2400,2700,3400,3700,3800,21333,255,380.0,597.4689388465475,9.73058701492846,3833.993454929441,7365.471476116814
1788073747,50,,Aggregated,12.300000,0.200000,380,630,850,1000,1500,1900,2400,2700,3400,3700,3800,21349,255,380.0,597.3707695766528,9.73058701492846,3833.993454929441,7365.579184036723
1788073748,50,,Aggregated,11.700000,0.200000,380,630,850,1000,1500,1900,2400,2700,3400,3700,3800,21355,255,380.0,597.7175861403645,9.73058701492846,3833.993454929441,7366.436619058769
1788073749,50,,Aggregated,11.900000,0.200000,380,630,850,1000,1500,1900,2400,2700,3500,3800,4000,21371,255,380.0,598.4153354940935,9.73058701492846,3951.202740892768,7367.996677740864
1788073750,50,,Aggregated,11.700000,0.200000,380,630,850,1000,1500,1900,2400,2700,3500,3800,4000,21380,255,380.0,599.0390846836821,9.73058701492846,3951.202740892768,7369.534658559402
1788073751,50,,Aggregated,11.800000,0.200000,380,630,850,1000,1500,1900,2400,2700,3500,3800,4000,21404,255,380.0,598.9214229653694,9.73058701492846,3951.202740892768,7369.618622687348
1788073752,50,,Aggregated,11.100000,0.200000,380,630,850,1000,1500,1900,2400,2700,3500,3800,4000,21409,255,380.0,598.8354757677758,9.73058701492846,3951.202740892768,7369.843944135644
1788073753,50,,Aggregated,12.600000,0.200000,380,630,850,1000,1500,1900,2400,2700,3500,3800,4000,21417,255,380.0,598.8726195548011,9.73058701492846,3951.202740892768,7370.211140682635
1788073754,50,,Aggregated,12.100000,0.200000,380,630,850,1000,1500,1900,2400,2700,3500,3800,4000,21434,255,380.0,599.2322321569496,9.73058701492846,3951.202740892768,7370.052020154894
1788073755,50,,Aggregated,11.000000,0.000000,380,630,850,1000,1500,1900,2400,2700,3500,3800,4000,21455,255,380.0,599.150133386536,9.73058701492846,3951.202740892768,7370.829829876486
1788073756,50,,Aggregated,10.800000,0.000000,380,630,850,1000,1500,1900,2400,2700,3500,3800,4000,21465,255,380.0,598.9154722673904,9.73058701492846,3951.202740892768,7371.559934777545
1788073757,50,,Aggregated,12.500000,0.000000,380,630,850,1000,1500,1900,2400,2700,3500,3800,4000,21480,255,380.0,598.565919945193,9.73058701492846,3951.202740892768,7371.235009310987
1788073758,50,,Aggregated,13.000000,0.000000,380,630,840,1000,1500,1900,2400,2700,3500,3800,4000,21491,255,380.0,598.4502560183572,9.73058701492846,3951.202740892768,7370.145456237495
1788073759,50,,Aggregated,12.600000,0.000000,380,630,840,1000,1500,1900,2400,2700,3500,3800,4000,21507,255,380.0,598.2420207323553,9.73058701492846,3951.202740892768,7370.019993490491
1788073760,50,,Aggregated,13.100000,0.000000,380,630,840,1000,1500,1900,2400,2700,3500,3800,4000,21516,255,380.0,598.1978655268352,9.73058701492846,3951.202740892768,7369.4792247629675
1788073761,50,,Aggregated,13.300000,0.000000,380,630,840,1000,1500,1900,2400,2700,3500,3800,4000,21529,255,380.0,598.397316367738,9.73058701492846,3951.202740892768,7370.722885410377
1788073762,50,,Aggregated,13.000000,0.000000,380,630,840,1000,1500,1900,2400,2700,3500,3800,4000,21544,255,380.0,598.2551190311138,9.73058701492846,3951.202740892768,7371.6457482361675
1788073763,50,,Aggregated,12.200000,0.000000,380,630,840,1000,1500,1900,2400,2700,3500,3800,4000,21558,255,380.0,598.0719622184911,9.73058701492846,3951.202740892768,7371.456999721681
1788073764,50,,Aggregated,12.400000,0.000000,380,630,840,1000,1500,1900,2400,2700,3500,3800,4000,21569,255,380.0,597.9736586908213,9.73058701492846,3951.202740892768,7370.938244703046
1788073765,50,,Aggregated,13.200000,0.000000,380,630,840,1000,1500,1900,2400,2700,3500,3800,4000,21577,255,380.0,598.0041069027382,9.73058701492846,3951.202740892768,7370.278120220605
1788073766,50,,Aggregated,13.600000,0.000000,380,630,840,1000,1500,1900,2400,2700,3500,3800,4000,21585,255,380.0,598.2677642386109,9.73058701492846,3951.202740892768,7370.352466990966
1788073767,50,,Aggregated,12.700000,0.000000,380,630,850,1000,1500,1900,2400,2700,3500,3800,4000,21593,255,380.0,598.6907805012036,9.73058701492846,3951.202740892768,7370.584309730005
1788073768,50,,Aggregated,12.000000,0.000000,380,630,850,1000,1500,1900,2400,2700,3500,3800,4000,21608,255,380.0,599.7690786352191,9.73058701492846,3951.202740892768,7371.389392817475
1788073769,50,,Aggregated,11.700000,0.000000,380,640,850,1000,1500,1900,2400,2700,3500,3800,4000,21626,255,380.0,600.5394209177938,9.73058701492846,3951.202740892768,7371.115231665588
1788073770,50,,Aggregated,11.300000,0.000000,380,630,850,1000,1500,1900,2400,2700,3500,3800,4000,21643,255,380.0,600.5187848337285,9.73058701492846,3951.202740892768,7370.7481402763015
1788073771,50,,Aggregated,11.400000,0.000000,380,630,850,1000,1500,1900,2400,2700,3500,3800,4000,21650,255,380.0,600.3882923347372,9.73058701492846,3951.202740892768,7370.894872979215
1788073772,50,,Aggregated,11.900000,0.000000,380,630,850,1000,1500,1900,2400,2700,3500,3800,4000,21663,255,380.0,600.0868325806102,9.73058701492846,3951.202740892768,7370.564741725523
1788073773,50,,Aggregated,12.600000,0.000000,380,630,850,1000,1500,1900,2400,2700,3500,3800,4000,21670,255,380.0,600.0436185449461,9.73058701492846,3951.202740892768,7370.016520535302
1788073774,50,,Aggregated,11.900000,0.000000,380,630,850,1000,1500,1900,2400,2700,3500,3800,4000,21679,255,380.0,600.1997084807255,9.73058701492846,3951.202740892768,7370.143918077402
1788073776,50,,Aggregated,11.600000,0.000000,380,640,850,1000,1500,1900,2400,2700,3500,3800,4000,21692,255,380.0,600.6570833593121,9.73058701492846,3951.202740892768,7370.837635994837
1788073777,50,,Aggregated,10.700000,0.000000,380,640,850,1000,1500,1900,2400,2700,3500,3800,4000,21710,255,380.0,600.9513335967611,9.73058701492846,3951.202740892768,7372.900184246891
1788073778,50,,Aggregated,11.200000,0.000000,380,640,850,1000,1500,1900,2400,2700,3500,3800,4000,21721,255,380.0,601.0518731736281,9.73058701492846,3951.202740892768,7373.506330279453
1788073779,50,,Aggregated,11.200000,0.000000,380,640,850,1000,1500,1900,2400,2700,3500,3800,4000,21738,255,380.0,600.8860303796854,9.73058701492846,3951.202740892768,7374.076593982887
1788073780,50,,Aggregated,12.300000,0.000000,380,640,850,1000,1500,1900,2400,2700,3500,3800,4000,21749,256,380.0,600.6576593368704,9.73058701492846,3951.202740892768,7373.731803761092
1788073781,50,,Aggregated,12.700000,0.000000,380,630,850,1000,1500,1900,2400,2700,3500,3800,4000,21762,256,380.0,600.3854556146591,9.73058701492846,3951.202740892768,7374.223003400422
1788073782,50,,Aggregated,12.700000,0.000000,380,630,850,1000,1500,1900,2400,2700,3500,3800,4000,21764,256,380.0,600.3526641949157,9.73058701492846,3951.202740892768,7374.194495497151
1788073783,50,,Aggregated,12.200000,0.100000,380,640,850,1000,1500,1900,2400,2700,3500,3800,4000,21772,256,380.0,600.4738342874812,9.73058701492846,3951.202740892768,7374.528385081757
1788073784,50,,Aggregated,11.300000,0.100000,380,640,850,1000,1500,1900,2400,2700,3500,3800,4000,21786,256,380.0,601.0191353334693,9.73058701492846,3951.202740892768,7374.865418158451
1788073785,50,,Aggregated,10.900000,0.100000,380,640,850,1000,1500,1900,2400,2700,3500,3800,4000,21800,256,380.0,601.668070558984,9.73058701492846,3951.202740892768,7374.227339449541
1788073786,50,,Aggregated,10.900000,0.100000,380,640,850,1000,1500,1900,2400,2700,3500,3800,4000,21817,256,380.0,602.1906628034951,9.73058701492846,3951.202740892768,7373.277169179997
1788073787,50,,Aggregated,11.700000,0.100000,380,640,850,1000,1500,1900,2400,2700,3500,3800,4000,21826,256,380.0,602.4843542863275,9.73058701492846,3951.202740892768,7373.0482910290475
1788073788,50,,Aggregated,12.500000,0.100000,380,640,850,1000,1500,1900,2400,2700,3500,3800,4000,21844,257,380.0,602.5913345170522,9.73058701492846,3951.202740892768,7372.802462918879
1788073789,50,,Aggregated,11.200000,0.100000,380,640,850,1000,1500,1900,2400,2700,3500,3800,4000,21855,257,380.0,602.5371675451379,9.73058701492846,3951.202740892768,7373.122214596202
1788073790,50,,Aggregated,12.000000,0.200000,380,640,850,1000,1500,1900,2400,2700,3500,3800,4000,21872,257,380.0,602.4514998884429,9.73058701492846,3951.202740892768,7372.54608632041
1788073791,50,,Aggregated,11.400000,0.200000,380,640,850,1000,1500,1900,2400,2700,3500,3800,4000,21879,257,380.0,602.4518007911607,9.73058701492846,3951.202740892768,7374.102289866995
1788073792,50,,Aggregated,12.000000,0.100000,390,640,850,1000,1500,1900,2400,2700,3500,3800,4000,21892,257,390.0,602.6131401987907,9.73058701492846,3951.202740892768,7373.851909373287
1788073793,50,,Aggregated,11.700000,0.100000,390,640,850,1000,1500,1900,2400,2700,3500,3800,4000,21911,257,390.0,602.7453542911913,9.73058701492846,3951.202740892768,7371.733284651545
1788073794,50,,Aggregated,12.400000,0.100000,390,640,850,1000,1500,1900,2400,2700,3500,3800,4000,21925,257,390.0,602.5911950512535,9.73058701492846,3951.202740892768,7372.140250855188
1788073795,50,,Aggregated,13.500000,0.100000,390,640,850,1000,1500,1900,2400,2700,3500,3800,4000,21932,257,390.0,602.4739819552244,9.73058701492846,3951.202740892768,7371.995121283969
1788073796,50,,Aggregated,13.600000,0.100000,380,640,850,1000,1500,1900,2400,2700,3500,3800,4000,21943,257,380.0,602.3162333738277,9.73058701492846,3951.202740892768,7371.543954791961
1788073797,50,,Aggregated,13.300000,0.100000,390,640,850,1000,1500,1900,2400,2700,3500,3800,4000,21959,257,390.0,602.2719566713602,9.73058701492846,3951.202740892768,7372.463409080559
1788073798,50,,Aggregated,12.300000,0.100000,380,640,850,1000,1500,1900,2400,2700,3500,3800,4000,21977,258,380.0,601.9975676032475,9.73058701492846,3951.202740892768,7372.203166947263
1788073799,50,,Aggregated,12.900000,0.100000,380,640,850,1000,1500,1900,2400,2700,3500,3800,4000,21981,258,380.0,601.8950477703174,9.73058701492846,3951.202740892768,7371.640689686547
1788073800,50,,Aggregated,13.300000,0.100000,380,640,850,1000,1500,1900,2400,2700,3500,3800,4000,21994,258,380.0,601.7003857737697,9.73058701492846,3951.202740892768,7372.456306265345
1788073801,50,,Aggregated,12.800000,0.100000,380,640,850,1000,1500,1900,2400,2700,3500,3800,4000,22013,258,380.0,601.4308808544041,9.73058701492846,3951.202740892768,7372.052332712488
1788073802,50,,Aggregated,12.000000,0.100000,380,640,850,1000,1500,1900,2400,2700,3500,3800,4000,22028,259,380.0,601.1681778839936,9.73058701492846,3951.202740892768,7371.6206192119125
1788073803,50,,Aggregated,12.200000,0.100000,380,640,850,1000,1500,1900,2400,2700,3500,3800,4000,22042,259,380.0,600.905922900474,9.73058701492846,3951.202740892768,7372.359314036838
1788073804,50,,Aggregated,13.400000,0.200000,380,640,850,1000,1500,1900,2400,2700,3500,3800,4000,22052,260,380.0,600.7441726623689,9.73058701492846,3951.202740892768,7373.097088699437
1788073805,50,,Aggregated,13.100000,0.200000,380,630,850,1000,1500,1900,2400,2700,3500,3800,4000,22064,261,380.0,600.4899884961287,9.73058701492846,3951.202740892768,7372.901468455402
1788073806,50,,Aggregated,12.900000,0.200000,380,630,850,1000,1500,1900,2400,2700,3500,3800,4000,22083,261,380.0,600.2037469064533,9.73058701492846,3951.202740892768,7373.4431463116425
1788073807,50,,Aggregated,12.900000,0.300000,380,630,850,1000,1500,1900,2400,2700,3500,3800,4000,22090,261,380.0,600.0384204530112,9.73058701492846,3951.202740892768,7374.3861928474425
1788073808,50,,Aggregated,13.300000,0.400000,380,630,850,1000,1500,1900,2400,2700,3500,3800,4000,22102,262,380.0,599.8058790460711,9.73058701492846,3951.202740892768,7373.831417971224
1788073809,50,,Aggregated,13.700000,0.400000,380,630,850,1000,1500,1900,2400,2700,3500,3800,4000,22115,262,380.0,599.9731604232327,9.73058701492846,3951.202740892768,7374.202486999774
1788073810,50,,Aggregated,12.500000,0.400000,380,630,850,1000,1500,1900,2400,2700,3500,3800,4000,22134,262,380.0,599.9158403410565,9.73058701492846,3951.202740892768,7373.912306858228
1788073811,50,,Aggregated,12.300000,0.400000,380,630,850,1000,1500,1900,2400,2700,3500,3800,4000,22144,262,380.0,599.9430703015469,9.73058701492846,3951.202740892768,7373.974259393063
1788073812,50,,Aggregated,13.500000,0.400000,380,630,850,1000,1500,1900,2400,2700,3500,3800,4000,22158,262,380.0,600.0537176636496,9.73058701492846,3951.202740892768,7374.652134669194
1788073813,50,,Aggregated,13.600000,0.400000,380,630,850,1000,1500,1900,2400,2700,3500,3800,4000,22163,262,380.0,599.9603323112624,9.73058701492846,3951.202740892768,7374.71980327573
1788073814,50,,Aggregated,12.500000,0.300000,380,630,850,1000,1500,1900,2400,2700,3500,3800,4000,22172,262,380.0,600.0567208767002,9.73058701492846,3951.202740892768,7374.422559985567
1788073815,50,,Aggregated,12.200000,0.300000,380,630,850,1000,1500,1900,2400,2700,3500,3800,4000,22180,262,380.0,600.3963578334103,9.73058701492846,3951.202740892768,7374.358972046889
1788073816,50,,Aggregated,11.900000,0.300000,380,630,850,1000,1500,1900,2400,2700,3500,3800,4000,22189,262,380.0,600.8792271911736,9.73058701492846,3951.202740892768,7374.864842940196
1788073817,50,,Aggregated,11.500000,0.200000,380,640,850,1000,1500,1900,2400,2700,3500,3800,4000,22213,263,380.0,601.840773797131,9.73058701492846,3951.202740892768,7375.454643677126
1788073818,50,,Aggregated,11.100000,0.100000,380,640,850,1000,1500,1900,2400,2700,3500,3800,4000,22222,263,380.0,601.6277506261536,9.73058701492846,3951.202740892768,7374.514805148052
1788073819,50,,Aggregated,10.500000,0.100000,380,640,850,1000,1500,1900,2400,2700,3500,3800,4000,22233,263,380.0,601.47385613934,9.73058701492846,3951.202740892768,7374.283857329196
1788073820,50,,Aggregated,11.900000,0.100000,380,640,850,1000,1500,1900,2400,2700,3500,3800,4000,22241,263,380.0,601.4341230811026,9.73058701492846,3951.202740892768,7373.707836877838
1788073821,50,,Aggregated,12.100000,0.100000,380,640,850,1000,1500,1900,2400,2700,3500,3800,4000,22262,263,380.0,601.4176707682751,9.73058701492846,3951.202740892768,7374.255322971881
1788073822,50,,Aggregated,11.100000,0.100000,380,630,850,1000,1500,1900,2400,2700,3500,3800,4000,22271,263,380.0,601.2206534356036,9.73058701492846,3951.202740892768,7373.654842620448
1788073823,50,,Aggregated,10.900000,0.100000,380,630,850,1000,1500,1900,2400,2700,3500,3800,4000,22284,263,380.0,601.0987175674161,9.73058701492846,3951.202740892768,7372.447630586968
1788073824,50,,Aggregated,11.700000,0.100000,380,630,850,1000,1500,1900,2400,2700,3500,3800,4000,22301,263,380.0,600.9810022671049,9.73058701492846,3951.202740892768,7372.364467961078
1788073825,50,,Aggregated,11.400000,0.100000,380,630,850,1000,1500,1900,2400,2700,3500,3800,4000,22317,264,380.0,600.7933622788785,9.73058701492846,3951.202740892768,7372.44911950531
1788073826,50,,Aggregated,11.800000,0.100000,380,630,850,1000,1500,1900,2400,2700,3500,3800,4000,22331,264,380.0,600.4657714003062,9.73058701492846,3951.202740892768,7371.687922618781
1788073828,50,,Aggregated,13.300000,0.200000,380,630,850,1000,1500,1900,2400,2700,3500,3800,4000,22336,264,380.0,600.3557463755977,9.73058701492846,3951.202740892768,7372.382566260745
1788073829,50,,Aggregated,13.300000,0.200000,380,630,850,1000,1500,1900,2400,2700,3500,3800,4000,22347,264,380.0,600.3520999446212,9.73058701492846,3951.202740892768,7372.503333780821
