Timestamp,User Count,Type,Name,Requests/s,Failures/s,50%,66%,75%,80%,90%,95%,98%,99%,99.9%,99.99%,100%,Total Request Count,Total Failure Count,Total Median Response Time,Total Average Response Time,Total Min Response Time,Total Max Response Time,Total Average Content Size
1788079709,0,,Aggregated,0.000000,0.000000,N/A,N/A,N/A,N/A,N/A,N/A,N/A,N/A,N/A,N/A,N/A,0,0,0,0.0,0,0,0
1788079710,10,,Aggregated,0.000000,0.000000,860,880,880,880,920,920,920,920,920,920,920,11,0,860.0,801.985506857322,93.40925118885934,923.6727061215788,2153.5454545454545
1788079711,20,,Aggregated,0.000000,0.000000,380,530,840,850,880,920,920,920,920,920,920,38,0,380.0,435.2338221230495,29.77128908969462,923.6727061215788,3270.2105263157896
1788079712,30,,Aggregated,0.000000,0.000000,350,410,510,550,860,880,920,920,920,920,920,59,0,350.0,365.7318495403407,29.77128908969462,923.6727061215788,3698.0677966101694
1788079713,40,,Aggregated,7.500000,0.000000,350,420,510,540,850,880,920,920,920,920,920,77,0,350.0,357.6565779830244,29.77128908969462,923.6727061215788,3557.4935064935066
1788079714,50,,Aggregated,12.666667,0.000000,350,410,500,510,680,860,880,920,920,920,920,108,0,340.0,326.2760807691073,29.77128908969462,923.6727061215788,3663.0
1788079715,60,,Aggregated,14.750000,0.000000,310,390,430,500,620,850,880,920,920,920,920,138,0,300.0,298.5261379643276,29.77128908969462,923.6727061215788,3631.557971014493
1788079716,70,,Aggregated,16.200000,0.000000,230,380,430,490,550,850,880,920,920,920,920,169,0,230.0,286.0230090063528,29.77128908969462,923.6727061215788,3876.1775147928993
1788079717,80,,Aggregated,18.166667,0.000000,180,380,420,470,530,680,860,880,920,920,920,212,0,180.0,265.17987167814147,29.77128908969462,923.6727061215788,4090.5896226415093
1788079718,90,,Aggregated,19.857143,0.000000,160,370,420,450,530,620,860,880,920,920,920,246,0,160.0,256.73189376219653,29.77128908969462,923.6727061215788,4330.276422764227
1788079719,100,,Aggregated,21.375000,0.000000,150,360,400,430,530,610,860,880,920,920,920,286,0,150.0,246.06583130112816,29.77128908969462,923.6727061215788,4354.293706293706
1788079720,110,,Aggregated,23.666667,0.000000,150,350,410,450,530,620,850,880,920,920,920,327,0,150.0,248.9576039120942,29.77128908969462,923.6727061215788,4376.703363914373
1788079721,120,,Aggregated,25.100000,0.000000,160,350,410,450,530,620,850,880,920,920,920,379,0,160.0,248.98871520317914,28.479059925302863,923.6727061215788,4580.451187335092
1788079722,130,,Aggregated,28.600000,0.000000,150,350,400,450,530,620,850,860,920,920,920,423,0,150.0,243.05704748257995,28.479059925302863,923.6727061215788,4772.25768321513
1788079723,140,,Aggregated,31.300000,0.000000,150,330,400,440,530,620,840,860,920,920,920,477,0,150.0,241.17175887965556,28.479059925302863,923.6727061215788,4970.433962264151
1788079724,150,,Aggregated,34.400000,0.000000,150,330,400,450,530,620,750,860,920,920,920,525,0,150.0,241.07181154812375,28.479059925302863,923.6727061215788,4966.544761904762
1788079725,150,,Aggregated,36.600000,0.000000,140,280,380,430,530,620,740,860,920,920,920,570,0,140.0,232.01017023039688,28.479059925302863,923.6727061215788,5134.850877192983
1788079726,150,,Aggregated,40.100000,0.000000,140,240,370,410,530,620,700,850,920,920,920,609,0,140.0,224.10172078267584,28.479059925302863,923.6727061215788,5162.042692939244
1788079727,150,,Aggregated,42.200000,0.000000,120,230,360,400,520,610,700,850,920,920,920,647,0,120.0,216.75423750512797,28.479059925302863,923.6727061215788,5296.1885625966
1788079728,150,,Aggregated,43.800000,0.000000,130,220,350,390,510,600,690,850,920,920,920,690,0,130.0,211.14878167897677,28.479059925302863,923.6727061215788,5433.607246376811
1788079729,150,,Aggregated,44.200000,0.000000,120,200,330,380,500,590,690,850,920,920,920,733,0,120.0,205.18829716886628,26.610265020281076,923.6727061215788,5568.2019099590725
1788079730,150,,Aggregated,43.800000,0.000000,120,190,300,370,500,590,680,850,920,920,920,782,0,120.0,199.19393745505863,22.17487315647304,923.6727061215788,5583.19820971867
1788079731,150,,Aggregated,44.300000,0.000000,110,180,270,360,490,560,680,850,920,920,920,822,0,110.0,194.06906439789057,22.17487315647304,923.6727061215788,5613.9294403892945
1788079732,150,,Aggregated,44.900000,0.000000,110,170,250,350,490,550,670,850,920,920,920,860,0,110.0,189.76502346746668,22.17487315647304,923.6727061215788,5656.8755813953485
1788079733,150,,Aggregated,45.400000,0.000000,110,170,240,340,470,550,670,850,920,920,920,900,0,110.0,185.78604326091914,22.17487315647304,923.6727061215788,5697.605555555556
1788079734,150,,Aggregated,44.100000,0.000000,100,170,230,330,470,540,660,840,920,920,920,945,0,100.0,182.1700618072615,22.17487315647304,923.6727061215788,5712.6698412698415
1788079735,150,,Aggregated,43.700000,0.000000,100,170,230,300,460,540,660,840,920,920,920,980,0,100.0,179.42739415091785,22.17487315647304,923.6727061215788,5731.417346938775
1788079736,150,,Aggregated,42.000000,0.000000,99,160,220,280,450,540,640,750,920,920,920,1022,0,99,176.53052422214378,22.17487315647304,923.6727061215788,5771.782778864971
1788079737,150,,Aggregated,41.600000,0.000000,99,160,220,270,440,530,640,750,920,920,920,1061,0,99,174.48237233748702,22.17487315647304,923.6727061215788,5831.762488218662
1788079738,150,,Aggregated,40.400000,0.000000,100,160,220,270,440,530,640,740,920,920,920,1120,0,99,173.71550300782215,21.021990105509758,923.6727061215788,5931.691071428571
1788079739,150,,Aggregated,41.000000,0.000000,98,160,210,260,430,530,630,740,920,920,920,1167,0,98,171.03733832951102,21.021990105509758,923.6727061215788,5943.461868037703
1788079740,150,,Aggregated,41.000000,0.000000,96,160,200,250,420,530,620,700,920,920,920,1214,0,96,167.97544559405554,21.021990105509758,923.6727061215788,5931.708401976935
1788079741,150,,Aggregated,42.600000,0.000000,94,150,200,240,410,520,620,700,920,920,920,1256,0,94,165.5771227121193,21.021990105509758,923.6727061215788,5959.968949044586
1788079742,150,,Aggregated,43.200000,0.000000,94,150,200,230,410,520,620,700,920,920,920,1297,0,94,164.07012736816864,21.021990105509758,923.6727061215788,5965.683114880493
1788079744,150,,Aggregated,43.400000,0.000000,93,150,190,230,400,520,620,690,920,920,920,1332,0,93,162.3408441647171,21.021990105509758,923.6727061215788,5964.6133633633635
1788079745,150,,Aggregated,43.400000,0.000000,95,150,190,230,400,510,620,690,920,920,920,1385,0,95,162.31626880671223,21.021990105509758,923.6727061215788,6048.085920577617
1788079746,150,,Aggregated,43.000000,0.000000,93,150,190,230,400,510,620,690,920,920,920,1424,0,93,160.3720938210347,21.021990105509758,923.6727061215788,6021.205056179775
1788079747,150,,Aggregated,43.000000,0.000000,93,150,190,220,390,510,620,690,920,920,920,1468,0,92,159.01887197379273,21.021990105509758,923.6727061215788,6068.389645776567
1788079748,150,,Aggregated,44.200000,0.000000,92,150,180,220,380,500,620,680,920,920,920,1506,0,92,157.436994485097,21.021990105509758,923.6727061215788,6099.660026560425
1788079749,150,,Aggregated,44.200000,0.000000,92,150,180,220,380,500,610,680,920,920,920,1552,0,92,156.11444038552588,21.021990105509758,923.6727061215788,6102.291881443299
1788079750,150,,Aggregated,44.300000,0.000000,91,150,180,210,380,500,610,680,920,920,920,1592,0,91,154.39343862993124,21.021990105509758,923.6727061215788,6113.974874371859
1788079751,150,,Aggregated,43.200000,0.000000,91,140,180,210,370,500,610,680,920,920,920,1641,0,91,152.5965350738793,21.021990105509758,923.6727061215788,6108.832419256551
1788079752,150,,Aggregated,43.200000,0.000000,91,140,180,200,370,500,600,680,920,920,920,1672,0,91,151.66457707876157,21.021990105509758,923.6727061215788,6102.3337320574165
1788079753,150,,Aggregated,42.400000,0.000000,91,140,180,200,360,490,600,670,920,920,920,1721,0,91,150.99560944479822,21.021990105509758,923.6727061215788,6136.3137710633355
1788079754,150,,Aggregated,41.500000,0.000000,91,140,180,200,360,490,590,670,920,920,920,1761,0,91,149.86243515226764,21.021990105509758,923.6727061215788,6132.069846678024
1788079755,150,,Aggregated,42.200000,0.000000,91,140,180,200,350,490,590,660,920,920,920,1812,0,91,148.57002662080515,21.021990105509758,923.6727061215788,6106.453642384106
1788079756,150,,Aggregated,42.000000,0.000000,91,140,170,200,350,490,590,660,920,920,920,1855,0,91,148.25370771913336,21.021990105509758,923.6727061215788,6102.726684636119
1788079757,150,,Aggregated,42.500000,0.000000,90,140,170,200,350,480,590,660,920,920,920,1890,0,90,147.41481994894684,21.021990105509758,923.6727061215788,6100.436507936508
1788079758,150,,Aggregated,42.700000,0.000000,91,140,180,200,350,480,590,660,920,920,920,1943,0,91,148.15584418727676,18.179078120738268,923.6727061215788,6147.909418425116
1788079759,150,,Aggregated,42.000000,0.000000,90,140,170,200,350,480,590,660,920,920,920,1984,0,90,147.09464501720504,18.179078120738268,923.6727061215788,6143.183971774193
1788079760,150,,Aggregated,43.700000,0.000000,90,140,170,200,350,470,590,660,880,920,920,2019,0,90,146.209333531112,18.179078120738268,923.6727061215788,6122.315998018821
1788079761,150,,Aggregated,42.600000,0.000000,88,140,170,200,340,470,590,660,880,920,920,2060,0,88,144.73458901375477,18.179078120738268,923.6727061215788,6081.731067961165
1788079762,150,,Aggregated,42.400000,0.000000,88,130,170,200,340,470,580,640,880,920,920,2105,0,88,143.76793054602774,18.179078120738268,923.6727061215788,6063.028028503563
1788079763,150,,Aggregated,41.600000,0.000000,88,130,170,190,340,470,580,640,880,920,920,2139,0,88,143.26744204036135,18.179078120738268,923.6727061215788,6059.9219261337075
1788079764,150,,Aggregated,43.100000,0.000000,87,130,170,190,330,460,580,640,880,920,920,2194,0,87,142.42592028515378,18.179078120738268,923.6727061215788,6083.001823154056
1788079765,150,,Aggregated,41.700000,0.000000,87,130,170,190,330,460,560,640,880,920,920,2232,0,87,141.67856442436198,18.179078120738268,923.6727061215788,6078.2101254480285
1788079766,150,,Aggregated,43.700000,0.000000,87,130,170,190,330,460,550,640,880,920,920,2279,0,87,141.0501133850782,18.179078120738268,923.6727061215788,6097.263273365511
1788079767,150,,Aggregated,41.500000,0.000000,87,130,170,190,330,460,550,640,880,920,920,2318,0,87,141.34059332476284,18.179078120738268,923.6727061215788,6108.681622088007
1788079768,150,,Aggregated,42.600000,0.000000,87,130,170,190,330,460,550,640,880,920,920,2356,0,87,140.72927350922708,18.179078120738268,923.6727061215788,6119.030135823429
1788079769,150,,Aggregated,42.600000,0.000000,87,130,170,190,320,450,550,630,880,920,920,2404,0,87,140.23359969094435,18.179078120738268,923.6727061215788,6124.276622296173
1788079770,150,,Aggregated,40.800000,0.000000,87,130,170,190,310,450,550,630,880,920,920,2445,0,87,139.66062696848698,18.179078120738268,923.6727061215788,6135.969734151329
1788079771,150,,Aggregated,42.100000,0.000000,87,130,170,190,310,450,550,630,880,920,920,2496,0,87,138.9650452201283,18.179078120738268,923.6727061215788,6157.013221153846
1788079772,150,,Aggregated,42.300000,0.000000,87,130,170,190,310,450,540,620,880,920,920,2534,0,87,138.71390338499768,18.179078120738268,923.6727061215788,6164.683504340963
1788079773,150,,Aggregated,42.500000,0.000000,87,130,170,190,310,450,540,620,880,920,920,2567,0,87,138.78427679880141,18.179078120738268,923.6727061215788,6165.74094273471
1788079774,150,,Aggregated,42.100000,0.000000,87,130,170,190,310,440,540,620,880,920,920,2617,0,87,138.50296329885555,18.179078120738268,923.6727061215788,6155.62820022927
1788079775,150,,Aggregated,42.400000,0.000000,87,130,170,190,300,430,540,620,880,920,920,2666,0,87,137.66919818234513,18.179078120738268,923.6727061215788,6163.722055513878
1788079776,150,,Aggregated,41.800000,0.000000,87,130,170,190,300,440,540,630,880,920,920,2708,0,87,138.34756615881545,18.179078120738268,923.6727061215788,6177.021048744461
1788079777,150,,Aggregated,43.100000,0.000000,87,130,170,190,300,440,540,630,880,920,920,2751,0,87,137.97717999711955,18.179078120738268,923.6727061215788,6195.3027989821885
1788079778,150,,Aggregated,41.600000,0.000000,87,130,170,190,300,440,540,630,880,920,920,2793,0,87,138.00629737754937,18.179078120738268,923.6727061215788,6199.290010741139
1788079779,150,,Aggregated,43.000000,0.000000,87,130,170,190,300,440,540,620,880,920,920,2841,0,87,137.87020666602461,18.179078120738268,923.6727061215788,6182.416754663851
1788079780,150,,Aggregated,43.500000,0.000000,87,130,170,190,290,440,540,620,880,920,920,2877,0,87,137.51858962359225,18.179078120738268,923.6727061215788,6182.339937434828
1788079781,150,,Aggregated,43.000000,0.000000,87,130,170,190,290,430,540,620,880,920,920,2916,0,87,137.18940519401357,18.179078120738268,923.6727061215788,6183.012002743484
1788079782,150,,Aggregated,43.300000,0.000000,87,130,170,190,290,430,530,620,880,920,920,2962,0,87,136.7724191649439,18.179078120738268,923.6727061215788,6176.5016880486155
1788079783,150,,Aggregated,42.900000,0.000000,87,130,170,190,280,430,530,620,880,920,920,3008,0,87,136.55799161178368,18.179078120738268,923.6727061215788,6197.765625
1788079784,150,,Aggregated,43.300000,0.000000,87,130,170,190,280,420,530,620,880,920,920,3047,0,87,136.22857126216903,18.179078120738268,923.6727061215788,6194.895963242534
1788079785,150,,Aggregated,43.400000,0.000000,87,130,170,190,280,420,530,620,880,920,920,3084,0,87,135.7303693083214,18.179078120738268,923.6727061215788,6184.60084306096
1788079786,150,,Aggregated,43.100000,0.000000,87,130,170,190,280,420,530,620,880,920,920,3132,0,87,135.33143246554417,18.179078120738268,923.6727061215788,6202.839399744572
1788079787,150,,Aggregated,41.600000,0.000000,87,130,170,190,280,420,530,620,880,920,920,3178,0,87,135.50389124116583,18.179078120738268,923.6727061215788,6206.897105097546
1788079788,150,,Aggregated,42.600000,0.000000,87,130,170,180,280,420,530,620,880,920,920,3217,0,87,134.96412655305642,18.179078120738268,923.6727061215788,6210.571339757538
1788079789,150,,Aggregated,42.200000,0.000000,87,130,170,180,280,420,530,620,880,920,920,3267,0,87,134.6091072677706,18.179078120738268,923.6727061215788,6200.765228037955
1788079790,150,,Aggregated,42.300000,0.000000,87,130,170,180,270,410,530,620,880,920,920,3303,0,87,134.41830690784644,18.179078120738268,923.6727061215788,6217.171056615199
1788079791,150,,Aggregated,41.200000,0.000000,87,130,170,180,280,420,530,620,880,920,920,3357,0,87,134.63011030616815,18.179078120738268,923.6727061215788,6233.936252606494
1788079792,150,,Aggregated,42.500000,0.000000,87,130,160,180,270,410,530,620,880,920,920,3406,0,87,134.2951589943737,18.179078120738268,923.6727061215788,6260.162654139754
1788079793,150,,Aggregated,42.700000,0.000000,87,130,160,180,270,410,530,620,880,920,920,3446,0,86,133.72334374292703,18.179078120738268,923.6727061215788,6255.998258850842
1788079794,150,,Aggregated,44.000000,0.000000,86,130,160,180,270,410,530,620,880,920,920,3489,0,86,133.40156180471797,18.179078120738268,923.6727061215788,6258.418458010891
1788079795,150,,Aggregated,44.300000,0.000000,86,130,160,180,270,410,530,620,880,920,920,3537,0,86,132.97419120489937,18.179078120738268,923.6727061215788,6269.163132598247
1788079796,150,,Aggregated,43.300000,0.000000,86,130,160,180,270,410,530,620,880,920,920,3575,0,86,132.94378378298265,18.179078120738268,923.6727061215788,6271.518601398601
1788079797,150,,Aggregated,45.300000,0.000000,86,130,160,180,270,400,530,610,880,920,920,3624,0,86,133.09974628952938,18.179078120738268,923.6727061215788,6279.530353200883
1788079798,150,,Aggregated,44.600000,0.000000,86,130,160,180,270,400,530,610,880,920,920,3657,0,86,132.6902767098724,18.179078120738268,923.6727061215788,6264.525020508614
1788079799,150,,Aggregated,43.400000,0.000000,86,130,160,180,260,400,530,610,880,920,920,3707,0,86,132.2909212940794,18.179078120738268,923.6727061215788,6277.558403021311
1788079800,150,,Aggregated,43.500000,0.000000,86,120,160,180,260,400,530,610,880,920,920,3745,0,86,131.79606737336454,18.179078120738268,923.6727061215788,6277.409345794393
1788079801,150,,Aggregated,45.200000,0.000000,85,120,160,180,260,400,530,610,880,920,920,3785,0,85,131.19426535035248,18.179078120738268,923.6727061215788,6254.33500660502
1788079802,150,,Aggregated,43.500000,0.000000,85,120,160,180,260,400,520,600,880,920,920,3831,0,85,130.997858147828,18.179078120738268,923.6727061215788,6276.071782824328
1788079803,150,,Aggregated,43.200000,0.000000,85,120,160,180,260,390,520,600,880,920,920,3869,0,85,130.5057204013864,18.179078120738268,923.6727061215788,6270.134918583613
1788079804,150,,Aggregated,41.600000,0.000000,85,120,160,180,260,390,520,600,880,920,920,3913,0,85,130.30064617631848,18.179078120738268,923.6727061215788,6267.482494249936
1788079805,150,,Aggregated,41.600000,0.000000,85,120,160,180,260,390,520,600,880,920,920,3960,0,85,130.0357971189901,18.179078120738268,923.6727061215788,6271.474747474747
1788079806,150,,Aggregated,42.600000,0.000000,85,120,160,180,250,380,520,600,880,920,920,3998,0,85,129.67008646625817,18.179078120738268,923.6727061215788,6267.046523261631
1788079807,150,,Aggregated,40.900000,0.000000,85,120,160,180,250,380,520,590,860,920,920,4035,0,85,129.68711496268477,18.179078120738268,923.6727061215788,6275.577695167286
1788079808,150,,Aggregated,41.900000,0.000000,85,120,160,180,250,380,520,590,860,920,920,4078,0,85,129.70185291493434,18.179078120738268,923.6727061215788,6278.46468857283
1788079809,150,,Aggregated,41.800000,0.000000,85,120,160,180,250,380,520,590,860,920,920,4117,0,85,129.5050954615744,18.179078120738268,923.6727061215788,6296.511294632013
1788079810,150,,Aggregated,41.600000,0.000000,85,120,160,180,250,380,520,590,860,920,920,4163,0,85,129.3819092543303,18.179078120738268,923.6727061215788,6315.352870526063
1788079811,150,,Aggregated,40.400000,0.000000,85,120,160,180,250,380,520,590,860,920,920,4194,0,85,129.15575607133738,18.179078120738268,923.6727061215788,6319.871006199332
1788079812,150,,Aggregated,41.300000,0.000000,85,120,160,180,250,380,520,590,860,920,920,4241,0,85,129.04726319242093,18.179078120738268,923.6727061215788,6321.319735911342
1788079813,150,,Aggregated,40.800000,0.000000,85,120,160,180,250,380,510,590,860,920,920,4284,0,85,128.93070568144495,18.179078120738268,923.6727061215788,6313.732959850607
1788079814,150,,Aggregated,40.400000,0.000000,85,120,160,180,250,380,510,590,860,920,920,4330,0,85,128.7920121686946,18.179078120738268,923.6727061215788,6329.08337182448
1788079815,150,,Aggregated,40.600000,0.000000,85,120,160,180,250,380,510,590,860,920,920,4371,0,85,128.5434368254949,18.179078120738268,923.6727061215788,6315.923816060398
1788079816,150,,Aggregated,40.400000,0.000000,85,120,160,180,250,380,510,590,860,920,920,4415,0,85,128.20680489244694,17.56319194100797,923.6727061215788,6309.405209513024
1788079817,150,,Aggregated,41.700000,0.000000,85,120,160,180,250,380,510,590,860,920,920,4460,0,85,127.9202847026347,17.56319194100797,923.6727061215788,6314.630044843049
1788079818,150,,Aggregated,41.000000,0.000000,84,120,160,180,250,380,510,580,860,920,920,4504,0,84,127.47483851559102,17.56319194100797,923.6727061215788,6306.79418294849
1788079819,150,,Aggregated,42.100000,0.000000,84,120,160,170,240,370,510,580,860,920,920,4555,0,84,127.13537585965545,17.56319194100797,923.6727061215788,6314.425466520307
1788079820,150,,Aggregated,42.100000,0.000000,84,120,160,170,240,370,500,580,860,920,920,4606,0,84,126.79554959755072,17.56319194100797,923.6727061215788,6309.312635692575
1788079821,150,,Aggregated,42.100000,0.000000,84,120,160,170,240,370,500,580,860,920,920,4655,0,84,126.63171540792716,17.56319194100797,923.6727061215788,6302.616111707841
1788079822,150,,Aggregated,42.800000,0.000000,84,120,160,170,240,370,500,580,860,920,920,4694,0,84,126.7294641782069,17.56319194100797,923.6727061215788,6309.130166169578
1788079823,150,,Aggregated,44.800000,0.000000,84,120,160,170,240,370,500,560,860,920,920,4739,0,84,126.69449903665998,17.56319194100797,923.6727061215788,6312.677991137371
1788079824,150,,Aggregated,45.500000,0.000000,84,120,160,170,240,370,500,560,860,920,920,4780,0,84,126.55210862662955,17.56319194100797,923.6727061215788,6321.476569037657
1788079825,150,,Aggregated,44.500000,0.000000,85,120,160,180,240,370,500,560,860,920,920,4822,0,84,126.9430351214814,17.56319194100797,923.6727061215788,6325.185815014517
1788079826,150,,Aggregated,45.500000,0.000000,85,120,160,180,240,370,500,560,860,920,920,4864,0,85,126.91861948243107,17.56319194100797,923.6727061215788,6320.165501644737
1788079827,150,,Aggregated,44.100000,0.000000,85,120,160,180,240,370,500,580,860,920,920,4897,0,85,127.19472374511079,17.56319194100797,923.6727061215788,6327.841127220748
1788079828,150,,Aggregated,44.900000,0.000000,84,120,160,170,240,370,500,560,860,920,920,4948,0,84,126.76699828115015,17.56319194100797,923.6727061215788,6319.98181083266
1788079829,150,,Aggregated,43.600000,0.000000,85,120,160,170,240,370,500,560,860,920,920,5002,0,84,126.8935256767221,17.56319194100797,923.6727061215788,6333.618352658937
1788079830,150,,Aggregated,44.500000,0.000000,85,120,160,170,240,370,500,580,860,920,920,5043,0,85,127.17482976601762,17.56319194100797,923.6727061215788,6341.515367836605
1788079831,150,,Aggregated,44.200000,0.000000,84,120,160,170,240,370,500,580,860,920,920,5082,0,84,127.02394555099616,17.56319194100797,923.6727061215788,6336.119834710744
1788079832,150,,Aggregated,44.000000,0.000000,84,120,160,170,240,370,500,580,860,920,920,5124,0,84,126.81705195310066,17.56319194100797,923.6727061215788,6328.995511319282
1788079833,150,,Aggregated,43.700000,0.000000,84,120,160,170,240,370,500,580,860,920,920,5167,0,84,126.65304634017134,17.56319194100797,923.6727061215788,6328.958196245403
1788079834,150,,Aggregated,42.100000,0.000000,84,120,160,170,240,360,500,560,860,920,920,5214,0,84,126.49937431698812,17.56319194100797,923.6727061215788,6327.874184886843
1788079835,150,,Aggregated,43.300000,0.000000,84,120,160,170,240,360,500,560,860,920,920,5256,0,84,126.39118927209164,17.56319194100797,923.6727061215788,6325.413432267885
1788079836,150,,Aggregated,42.200000,0.000000,84,120,160,170,240,360,500,560,860,920,920,5307,0,84,126.02897054305718,17.56319194100797,923.6727061215788,6319.933860938383
1788079837,150,,Aggregated,43.100000,0.000000,84,120,160,170,240,360,500,560,860,920,920,5342,0,84,125.86588284632039,17.56319194100797,923.6727061215788,6324.056720329465
1788079838,150,,Aggregated,42.700000,0.000000,84,120,160,170,240,360,500,560,860,920,920,5390,0,84,125.90454612687535,17.56319194100797,923.6727061215788,6329.574768089054
1788079839,150,,Aggregated,43.800000,0.000000,84,120,160,170,240,360,500,550,860,920,920,5429,0,84,125.74435135067095,17.56319194100797,923.6727061215788,6335.700313133174
1788079840,150,,Aggregated,42.300000,0.000000,84,120,150,170,240,360,500,550,860,920,920,5473,0,84,125.42198151199423,17.56319194100797,923.6727061215788,6323.276813447835
1788079841,150,,Aggregated,44.100000,0.000000,84,120,150,170,240,360,500,550,860,920,920,5509,0,84,125.38995336535639,17.56319194100797,923.6727061215788,6321.253040479216
1788079842,150,,Aggregated,42.600000,0.000000,84,120,160,170,240,360,500,550,860,920,920,5556,0,84,125.46486289058045,17.56319194100797,923.6727061215788,6326.837832973362
1788079843,150,,Aggregated,41.900000,0.000000,84,120,160,170,240,360,500,550,860,920,920,5584,0,84,125.36869495839413,17.56319194100797,923.6727061215788,6325.813037249283
1788079844,150,,Aggregated,42.600000,0.000000,84,120,160,170,240,360,500,550,860,920,920,5625,0,84,125.3723765782598,17.56319194100797,923.6727061215788,6328.728533333333
1788079845,150,,Aggregated,42.600000,0.000000,84,120,150,170,240,360,500,550,860,920,920,5671,0,84,125.17624712062879,17.56319194100797,923.6727061215788,6321.278257802856
1788079846,150,,Aggregated,41.300000,0.000000,84,120,160,170,240,360,490,550,860,920,920,5715,0,84,125.1580636691276,17.56319194100797,923.6727061215788,6329.023797025372
1788079847,150,,Aggregated,41.900000,0.000000,84,120,160,170,240,360,490,550,860,920,920,5753,0,84,125.39308029975676,17.56319194100797,923.6727061215788,6320.669563705893
1788079848,150,,Aggregated,41.500000,0.000000,84,120,160,170,240,360,490,550,860,920,920,5794,0,84,125.50218664524414,17.56319194100797,923.6727061215788,6321.978425957887
1788079849,150,,Aggregated,40.900000,0.000000,84,120,160,170,240,360,500,550,860,920,920,5833,0,84,125.80949751157763,17.56319194100797,923.6727061215788,6326.466483799074
1788079850,150,,Aggregated,41.500000,0.000000,84,120,160,170,240,360,500,550,860,920,920,5880,0,84,125.62014807006155,17.56319194100797,923.6727061215788,6326.734013605442
1788079851,150,,Aggregated,39.700000,0.000000,84,120,160,170,240,360,500,550,860,920,920,5917,0,84,125.87300927642823,17.56319194100797,923.6727061215788,6335.167652526618
1788079852,150,,Aggregated,40.100000,0.000000,84,120,160,170,240,360,500,550,860,920,920,5952,0,84,125.79826219289023,17.56319194100797,923.6727061215788,6330.145329301075
1788079853,150,,Aggregated,40.300000,0.000000,84,120,160,170,240,360,490,550,850,920,920,6001,0,84,125.56058073897766,17.56319194100797,923.6727061215788,6324.854357607065
1788079854,150,,Aggregated,39.800000,0.000000,84,120,160,170,240,350,490,550,850,920,920,6049,0,84,125.38477763704337,17.56319194100797,923.6727061215788,6315.615638948587
1788079855,150,,Aggregated,39.800000,0.000000,84,120,160,170,240,360,490,550,850,920,920,6094,0,84,125.50384991219701,17.56319194100797,923.6727061215788,6321.701837873318
1788079856,150,,Aggregated,41.700000,0.000000,84,120,160,170,240,350,490,550,850,920,920,6130,0,84,125.31426844481823,17.56319194100797,923.6727061215788,6310.576182707993
1788079857,150,,Aggregated,41.700000,0.000000,84,120,160,170,240,350,490,550,850,920,920,6171,0,84,125.34260173569541,17.56319194100797,923.6727061215788,6316.573650947982
1788079858,150,,Aggregated,41.300000,0.000000,84,120,160,170,240,350,490,540,850,920,920,6209,0,84,125.21056150521811,17.56319194100797,923.6727061215788,6312.095023353197
1788079859,150,,Aggregated,41.600000,0.000000,84,120,160,170,240,350,490,540,850,920,920,6244,0,84,125.226402512279,17.56319194100797,923.6727061215788,6322.411274823831
1788079860,150,,Aggregated,41.200000,0.000000,84,120,160,170,240,350,490,540,850,920,920,6285,0,84,125.0561790230744,17.56319194100797,923.6727061215788,6321.43723150358
1788079861,150,,Aggregated,41.700000,0.000000,84,120,160,170,230,350,490,540,850,920,920,6333,0,84,124.79996605831103,17.56319194100797,923.6727061215788,6324.802147481447
1788079862,150,,Aggregated,41.200000,0.000000,84,120,160,170,240,350,490,540,850,920,920,6386,0,84,124.85713377946271,17.56319194100797,923.6727061215788,6338.1733479486375
1788079863,150,,Aggregated,40.400000,0.000000,84,120,160,170,240,350,490,540,850,920,920,6420,0,84,124.78092777962735,17.56319194100797,923.6727061215788,6329.591744548286
1788079864,150,,Aggregated,41.800000,0.000000,84,120,160,170,240,350,490,540,850,920,920,6468,0,84,125.0034207915173,17.56319194100797,923.6727061215788,6339.71706864564
1788079865,150,,Aggregated,42.700000,0.000000,84,120,160,170,240,350,490,540,850,920,920,6513,0,84,124.88590844332172,17.56319194100797,923.6727061215788,6339.48717948718
1788079866,150,,Aggregated,41.600000,0.000000,84,120,160,170,240,350,490,540,850,920,920,6555,0,84,124.74452831113213,17.56319194100797,923.6727061215788,6344.694584286804
1788079867,150,,Aggregated,41.000000,0.000000,84,120,160,170,240,350,490,540,850,920,920,6594,0,84,124.79128071759772,17.56319194100797,923.6727061215788,6351.823627540188
1788079868,150,,Aggregated,41.700000,0.000000,85,120,160,170,240,350,490,540,850,920,920,6626,0,84,124.74325500883234,17.56319194100797,923.6727061215788,6352.26954421974
1788079870,150,,Aggregated,41.700000,0.000000,84,120,160,170,230,350,490,540,850,920,920,6673,0,84,124.58653264101491,17.56319194100797,923.6727061215788,6358.353064588641
1788079871,150,,Aggregated,41.100000,0.000000,84,120,160,170,230,350,490,540,850,920,920,6713,0,84,124.61595378715407,17.56319194100797,923.6727061215788,6363.16654252942
1788079872,150,,Aggregated,42.300000,0.000000,84,120,150,170,230,350,480,540,850,920,920,6755,0,84,124.3243254616727,17.56319194100797,923.6727061215788,6366.120355292376
1788079873,150,,Aggregated,42.400000,0.000000,84,120,150,170,230,350,480,540,850,920,920,6795,0,84,124.19273541284954,17.56319194100797,923.6727061215788,6368.880058866814
1788079874,150,,Aggregated,42.400000,0.000000,84,120,150,170,230,350,480,540,850,920,920,6833,0,84,123.94948924307478,17.56319194100797,923.6727061215788,6366.976145177813
1788079875,150,,Aggregated,41.900000,0.000000,84,120,150,170,230,350,480,540,850,920,920,6877,0,84,123.66561962305683,17.56319194100797,923.6727061215788,6359.452959139159
1788079876,150,,Aggregated,40.900000,0.000000,84,120,150,170,230,350,480,540,850,920,920,6923,0,84,123.49097888440375,17.56319194100797,923.6727061215788,6355.460349559439
1788079877,150,,Aggregated,40.800000,0.000000,84,120,150,170,230,340,480,540,850,920,920,6959,0,84,123.49210747894779,17.56319194100797,923.6727061215788,6362.442304928869
1788079878,150,,Aggregated,40.500000,0.000000,84,120,150,170,230,340,480,540,850,920,920,7006,0,84,123.30228085317916,17.56319194100797,923.6727061215788,6354.527976020554
1788079879,150,,Aggregated,40.100000,0.000000,84,120,150,170,230,340,480,540,850,920,920,7043,0,84,123.08424675104452,17.56319194100797,923.6727061215788,6346.226749964504
1788079880,150,,Aggregated,41.000000,0.000000,84,120,150,170,230,340,480,540,850,920,920,7075,0,84,123.0525494800953,17.56319194100797,923.6727061215788,6354.386007067138
1788079881,150,,Aggregated,41.200000,0.000000,84,120,150,170,230,340,480,530,850,920,920,7122,0,84,122.88283436122771,17.56319194100797,923.6727061215788,6349.12749227745
1788079882,150,,Aggregated,39.700000,0.000000,84,120,150,170,230,340,470,530,850,920,920,7165,0,84,122.86092648133167,17.56319194100797,923.6727061215788,6354.3973482205165
1788079883,150,,Aggregated,40.500000,0.000000,83,120,150,170,230,340,470,530,850,920,920,7206,0,83,122.7235810217222,17.56319194100797,923.6727061215788,6352.708992506245
1788079884,150,,Aggregated,40.800000,0.000000,84,120,150,170,230,340,470,530,850,920,920,7249,0,84,122.59299892868324,17.56319194100797,923.6727061215788,6365.359084011588
1788079885,150,,Aggregated,40.900000,0.000000,84,120,150,170,230,340,470,530,850,920,920,7284,0,84,122.7206744963315,17.56319194100797,923.6727061215788,6380.55793520044
1788079886,150,,Aggregated,40.800000,0.000000,84,120,150,170,230,340,480,540,850,920,920,7329,0,84,123.25437651032338,17.56319194100797,923.6727061215788,6384.861372629281
1788079887,150,,Aggregated,40.500000,0.000000,84,120,150,170,230,340,480,540,850,920,920,7363,0,84,123.12780802647765,17.56319194100797,923.6727061215788,6389.474942278963
1788079888,150,,Aggregated,40.400000,0.000000,84,120,150,170,230,340,480,540,850,920,920,7416,0,84,122.9958546394005,17.56319194100797,923.6727061215788,6383.894417475728
1788079889,150,,Aggregated,40.400000,0.000000,84,120,150,170,230,340,480,540,850,920,920,7460,0,84,122.83089789767916,17.56319194100797,923.6727061215788,6384.522252010724
1788079890,150,,Aggregated,39.600000,0.000000,84,120,150,170,230,340,480,540,850,920,920,7500,0,84,122.83375030678387,17.56319194100797,923.6727061215788,6381.550533333333
1788079891,150,,Aggregated,41.800000,0.000000,84,120,150,170,230,340,480,540,850,920,920,7542,0,84,123.46733170451591,17.56319194100797,923.6727061215788,6392.063245823389
1788079892,150,,Aggregated,42.500000,0.000000,84,120,150,170,230,340,490,550,850,920,920,7585,0,84,123.83340188742898,17.56319194100797,923.6727061215788,6389.866974291364
1788079893,150,,Aggregated,41.500000,0.000000,84,120,150,170,230,340,490,550,850,920,920,7628,0,84,123.69705175398666,17.56319194100797,923.6727061215788,6388.355007865758
1788079894,150,,Aggregated,41.600000,0.000000,84,120,150,170,230,340,480,550,850,920,920,7672,0,84,123.62430865342371,17.56319194100797,923.6727061215788,6390.378128258602
1788079895,150,,Aggregated,41.900000,0.000000,84,120,150,170,230,340,480,550,850,920,920,7720,0,84,123.59567309067454,17.56319194100797,923.6727061215788,6390.721113989637
1788079896,150,,Aggregated,42.300000,0.000000,84,120,150,170,230,340,480,550,850,920,920,7773,0,84,123.35476278878315,17.56319194100797,923.6727061215788,6381.488614434581
1788079897,150,,Aggregated,42.500000,0.000000,84,120,150,170,230,340,480,550,850,920,920,7818,0,84,123.417300342023,17.56319194100797,923.6727061215788,6378.668457405986
1788079898,150,,Aggregated,43.700000,0.000000,84,120,150,170,230,340,480,550,850,920,920,7853,0,84,123.41742504065043,17.56319194100797,923.6727061215788,6384.817394626258
1788079899,150,,Aggregated,44.000000,0.000000,84,120,150,170,230,340,480,550,850,920,920,7899,0,84,123.30699338179645,17.56319194100797,923.6727061215788,6382.841752120522
1788079900,150,,Aggregated,44.200000,0.000000,84,120,150,170,230,340,480,540,850,920,920,7950,0,84,123.4867253721803,17.56319194100797,923.6727061215788,6395.7733333333335
1788079901,150,,Aggregated,43.500000,0.000000,84,120,150,170,230,340,480,540,850,920,920,7982,0,84,123.31722217687926,17.56319194100797,923.6727061215788,6390.6589827111
1788079902,150,,Aggregated,43.900000,0.000000,84,120,150,170,230,340,480,540,850,920,920,8022,0,84,123.19936230584233,17.56319194100797,923.6727061215788,6385.488406881077
1788079903,150,,Aggregated,43.900000,0.000000,83,120,150,170,230,340,480,540,850,920,920,8078,0,83,122.9635307185274,17.56319194100797,923.6727061215788,6379.278162911612
1788079904,150,,Aggregated,43.100000,0.000000,83,120,150,170,230,340,470,540,850,920,920,8117,0,83,122.86500490649303,17.56319194100797,923.6727061215788,6378.912529259579
1788079905,150,,Aggregated,44.600000,0.000000,83,120,150,170,230,340,470,540,850,920,920,8153,0,83,122.70744623899972,17.56319194100797,923.6727061215788,6379.01655832209
1788079906,150,,Aggregated,43.800000,0.000000,83,120,150,170,230,340,470,540,850,920,920,8197,0,83,122.675156896903,17.56319194100797,923.6727061215788,6379.464560204953
1788079907,150,,Aggregated,43.700000,0.000000,83,120,150,170,230,340,470,540,850,920,920,8245,0,83,122.53882267132283,17.56319194100797,923.6727061215788,6382.701879927228
1788079908,150,,Aggregated,42.100000,0.000000,83,120,150,170,230,340,470,540,850,920,920,8285,0,83,122.5373060534122,16.388877062126994,923.6727061215788,6382.434761617381
1788079909,150,,Aggregated,42.300000,0.000000,83,120,150,170,230,340,470,540,850,920,920,8325,0,83,122.44676003889838,16.388877062126994,923.6727061215788,6389.43027027027
1788079910,150,,Aggregated,43.400000,0.000000,83,120,150,170,230,340,470,540,850,920,920,8373,0,83,122.43580687317828,16.388877062126994,923.6727061215788,6392.346231935985
1788079911,150,,Aggregated,42.300000,0.000000,83,120,150,170,230,340,470,540,850,920,920,8421,0,83,122.49365079602305,16.388877062126994,923.6727061215788,6395.831255195345
1788079912,150,,Aggregated,42.000000,0.000000,83,120,150,170,230,340,470,540,850,920,920,8460,0,83,122.45705478332593,16.388877062126994,923.6727061215788,6388.86914893617
1788079913,150,,Aggregated,43.100000,0.000000,84,120,150,170,230,340,470,540,850,920,920,8505,0,84,122.79192889038077,16.388877062126994,923.6727061215788,6396.196002351558
1788079914,150,,Aggregated,43.900000,0.000000,83,120,150,170,230,340,470,540,850,920,920,8548,0,83,122.6984249970714,16.388877062126994,923.6727061215788,6390.751286850726
1788079915,150,,Aggregated,41.700000,0.000000,84,120,150,170,230,340,470,540,850,920,920,8595,0,84,122.78403812545878,16.388877062126994,923.6727061215788,6395.725887143688
1788079916,150,,Aggregated,42.700000,0.000000,84,120,150,170,230,340,470,540,850,920,920,8639,0,84,122.83494656370607,16.388877062126994,923.6727061215788,6401.380252344021
1788079917,150,,Aggregated,43.600000,0.000000,84,120,150,170,230,340,480,550,860,930,930,8684,0,84,123.47554983239782,16.388877062126994,934.2996689956635,6405.091662828189
1788079918,150,,Aggregated,44.100000,0.000000,84,120,150,170,230,340,480,550,860,930,930,8731,0,84,123.48248806503982,16.388877062126994,934.2996689956635,6403.715267437865
1788079919,150,,Aggregated,43.700000,0.000000,84,120,150,170,230,340,480,550,860,930,930,8772,0,84,123.5689257379722,16.388877062126994,934.2996689956635,6405.121523027816
1788079920,150,,Aggregated,42.500000,0.000000,84,120,150,170,230,340,480,550,860,930,930,8813,0,84,123.57295315025162,16.388877062126994,934.2996689956635,6399.052195620106
1788079921,150,,Aggregated,43.700000,0.000000,84,120,150,170,230,340,480,550,860,930,930,8857,0,84,123.48117702645851,16.388877062126994,934.2996689956635,6399.213729253697
1788079922,150,,Aggregated,44.500000,0.000000,84,120,150,170,230,340,480,560,860,930,930,8895,0,84,123.93109887964529,16.388877062126994,934.2996689956635,6404.544688026981
1788079923,150,,Aggregated,43.600000,0.000000,84,120,150,170,230,340,480,560,860,930,930,8944,0,84,123.94863339762657,16.388877062126994,934.2996689956635,6408.831171735242
1788079924,150,,Aggregated,42.500000,0.000000,84,120,150,170,230,340,480,560,860,930,930,8986,0,84,123.77285985060529,16.388877062126994,934.2996689956635,6400.90184731805
1788079925,150,,Aggregated,43.600000,0.000000,84,120,150,170,230,340,480,560,860,930,930,9031,0,84,123.9467017875322,16.388877062126994,934.2996689956635,6405.825489978962
1788079926,150,,Aggregated,43.400000,0.000000,84,120,150,170,230,340,480,560,860,930,930,9077,0,84,123.7431701162018,16.388877062126994,934.2996689956635,6402.678968822298
1788079927,150,,Aggregated,42.500000,0.000000,84,120,150,170,230,340,480,560,860,930,930,9115,0,84,123.62866708743158,16.388877062126994,934.2996689956635,6402.646297312122
1788079928,150,,Aggregated,43.500000,0.000000,84,120,150,170,230,340,480,560,860,930,930,9150,0,84,123.56599647340573,16.388877062126994,934.2996689956635,6401.16087431694
1788079929,150,,Aggregated,43.300000,0.000000,84,120,150,170,230,340,480,560,860,930,930,9200,0,84,123.43136987367988,16.388877062126994,934.2996689956635,6400.662391304348
1788079930,150,,Aggregated,42.800000,0.000000,84,120,150,170,230,340,480,560,860,930,930,9232,0,84,123.61255975267035,16.388877062126994,934.2996689956635,6403.408687175043
1788079931,150,,Aggregated,42.500000,0.000000,84,120,150,170,230,340,480,560,880,930,930,9275,0,84,124.02258011487355,16.388877062126994,934.2996689956635,6410.226846361186
1788079932,150,,Aggregated,41.200000,0.000000,84,120,150,170,230,340,480,560,880,930,930,9318,0,84,123.94420310962757,16.388877062126994,934.2996689956635,6405.988946125778
1788079933,150,,Aggregated,41.800000,0.000000,84,120,150,170,230,340,480,560,880,930,930,9368,0,84,123.90878989266683,16.388877062126994,934.2996689956635,6406.734735269001
1788079934,150,,Aggregated,42.300000,0.000000,84,120,150,170,230,340,480,560,880,930,930,9415,0,84,123.80538030959808,16.388877062126994,934.2996689956635,6410.090812533192
1788079935,150,,Aggregated,42.400000,0.000000,84,120,150,170,230,340,480,560,880,930,930,9447,0,84,123.86936871420679,16.388877062126994,934.2996689956635,6412.27617232984
1788079936,150,,Aggregated,42.800000,0.000000,84,120,150,170,230,340,480,560,880,930,930,9500,0,84,123.74567952428602,16.388877062126994,934.2996689956635,6406.466105263158
1788079937,150,,Aggregated,42.300000,0.000000,84,120,150,170,230,340,480,560,880,930,930,9542,0,84,123.60847440237475,16.388877062126994,934.2996689956635,6402.774261161182
1788079938,150,,Aggregated,41.600000,0.000000,84,120,150,170,230,340,480,560,880,930,930,9585,0,84,123.63053879340606,16.388877062126994,934.2996689956635,6411.536567553469
1788079939,150,,Aggregated,42.000000,0.000000,84,120,150,170,230,340,480,550,880,930,930,9621,0,84,123.62464171153391,16.388877062126994,934.2996689956635,6413.450576863112
1788079940,150,,Aggregated,42.500000,0.000000,84,120,150,170,230,340,480,550,880,930,930,9686,0,84,123.65421265642628,16.388877062126994,934.2996689956635,6408.9349576708655
1788079941,150,,Aggregated,41.900000,0.000000,84,120,150,170,230,340,480,550,880,930,930,9712,0,84,123.6221815684877,16.388877062126994,934.2996689956635,6412.314868204284
1788079942,150,,Aggregated,42.600000,0.000000,84,120,150,170,230,340,480,550,880,930,930,9765,0,84,123.626770405981,16.388877062126994,934.2996689956635,6405.472503840246
1788079943,150,,Aggregated,43.600000,0.000000,84,120,150,170,230,340,480,550,880,930,930,9804,0,84,123.54681827790517,16.388877062126994,934.2996689956635,6405.108323133415
1788079944,150,,Aggregated,42.600000,0.000000,84,120,150,170,230,340,480,550,880,930,930,9851,0,84,123.58539491841186,16.388877062126994,934.2996689956635,6403.751497309918
1788079945,150,,Aggregated,43.600000,0.000000,84,120,150,170,230,340,480,550,880,930,930,9887,0,84,123.59544096141187,16.388877062126994,934.2996689956635,6406.025285728735
1788079946,150,,Aggregated,42.900000,0.000000,84,120,150,170,230,340,480,550,880,930,930,9932,0,84,123.52527711673895,16.388877062126994,934.2996689956635,6402.811719693918
1788079947,150,,Aggregated,43.700000,0.000000,84,120,150,170,230,340,480,550,880,930,930,9980,0,84,123.38888267391569,16.388877062126994,934.2996689956635,6395.401302605211
1788079948,150,,Aggregated,42.900000,0.000000,84,120,150,170,230,340,480,550,880,920,930,10027,0,84,123.3026721478352,16.388877062126994,934.2996689956635,6391.855689637978
1788079949,150,,Aggregated,43.600000,0.000000,84,120,150,170,230,340,480,550,880,920,930,10070,0,84,123.2790675539109,16.388877062126994,934.2996689956635,6394.751439920557
1788079950,150,,Aggregated,45.600000,0.000000,84,120,150,170,230,340,480,550,880,920,930,10116,0,84,123.23498214119415,16.388877062126994,934.2996689956635,6388.129201265322
1788079951,150,,Aggregated,44.900000,0.000000,84,120,150,170,230,340,470,550,880,920,930,10156,0,84,123.213096441189,16.388877062126994,934.2996689956635,6392.075423395037
1788079952,150,,Aggregated,44.400000,0.000000,84,120,150,170,230,340,480,550,880,920,930,10193,0,84,123.37138465654833,16.388877062126994,934.2996689956635,6397.467870106936
1788079953,150,,Aggregated,43.600000,0.000000,84,120,150,170,230,340,480,550,880,920,930,10234,0,84,123.39577387493921,16.388877062126994,934.2996689956635,6392.407367598202
1788079954,150,,Aggregated,43.800000,0.000000,84,120,150,170,230,340,480,550,880,920,930,10279,0,84,123.32846357433051,16.388877062126994,934.2996689956635,6392.207705029672
1788079955,150,,Aggregated,42.600000,0.000000,84,120,150,170,230,340,480,550,880,920,930,10326,0,84,123.29606867423121,16.388877062126994,934.2996689956635,6390.556168894054
1788079956,150,,Aggregated,43.000000,0.000000,84,120,150,170,230,340,480,550,880,920,930,10373,0,84,123.17673978741426,16.388877062126994,934.2996689956635,6388.864070182204
1788079957,150,,Aggregated,42.500000,0.000000,84,120,150,170,230,340,470,550,880,920,930,10416,0,84,123.22505639918569,16.388877062126994,934.2996689956635,6392.339477726575
1788079958,150,,Aggregated,43.300000,0.000000,84,120,150,170,230,340,470,550,880,920,930,10456,0,84,123.17175119540329,16.388877062126994,934.2996689956635,6386.003538638102
1788079959,150,,Aggregated,43.000000,0.000000,84,120,150,170,230,340,470,550,880,920,930,10491,0,84,123.14481128351348,16.388877062126994,934.2996689956635,6386.37937279573
1788079960,150,,Aggregated,40.800000,0.000000,84,120,150,170,230,340,470,550,880,920,930,10548,0,84,123.24660637317587,16.388877062126994,934.2996689956635,6387.144292756921
1788079961,150,,Aggregated,42.300000,0.000000,84,120,150,170,230,330,470,550,880,920,930,10582,0,84,123.22830055869181,16.388877062126994,934.2996689956635,6388.615101115101
1788079962,150,,Aggregated,41.700000,0.000000,84,120,150,170,230,330,470,550,880,920,930,10627,0,84,123.17775663155724,16.388877062126994,934.2996689956635,6392.332831467018
1788079963,150,,Aggregated,42.300000,0.000000,84,120,150,170,230,330,480,550,880,920,930,10664,0,84,123.35232261364646,16.388877062126994,934.2996689956635,6396.325862715679
1788079964,150,,Aggregated,43.300000,0.000000,84,120,150,170,230,330,470,550,880,920,930,10715,0,84,123.30268420462856,16.388877062126994,934.2996689956635,6396.467568828744
1788079965,150,,Aggregated,42.300000,0.000000,84,120,150,170,230,330,470,550,880,920,930,10762,0,84,123.18364813852615,16.388877062126994,934.2996689956635,6395.202750418138
1788079966,150,,Aggregated,41.900000,0.000000,84,120,150,170,230,330,470,550,880,920,930,10798,0,84,123.07020070510488,15.664862934499979,934.2996689956635,6393.179385071309
1788079967,150,,Aggregated,42.700000,0.000000,84,120,150,170,230,330,470,550,880,920,930,10838,0,84,123.03012383044451,15.664862934499979,934.2996689956635,6398.488651042628
1788079968,150,,Aggregated,43.200000,0.000000,84,120,150,170,230,330,470,550,880,920,930,10868,0,84,122.96828745796977,15.664862934499979,934.2996689956635,6395.47984909827
1788079969,150,,Aggregated,42.700000,0.000000,84,120,150,170,230,330,470,550,880,920,930,10920,0,84,122.78292383695867,15.664862934499979,934.2996689956635,6385.867765567766
1788079970,150,,Aggregated,42.400000,0.000000,84,120,150,170,230,330,470,550,880,920,930,10964,0,84,122.73959157507139,15.664862934499979,934.2996689956635,6391.6493980299165
1788079971,150,,Aggregated,40.400000,0.000000,84,120,150,170,230,330,470,550,860,920,930,11008,0,84,122.74498388989403,15.664862934499979,934.2996689956635,6395.710755813953
1788079972,150,,Aggregated,42.200000,0.000000,84,120,150,170,230,330,470,550,860,920,930,11047,0,84,122.66240880881195,15.664862934499979,934.2996689956635,6395.34081651127
1788079973,150,,Aggregated,41.500000,0.000000,84,120,150,170,230,330,470,550,860,920,930,11083,0,84,122.5530811817035,15.664862934499979,934.2996689956635,6394.880627988811
1788079974,150,,Aggregated,41.800000,0.000000,84,120,150,170,230,330,470,550,860,920,930,11126,0,84,122.41722548006074,15.664862934499979,934.2996689956635,6391.523818083768
1788079976,150,,Aggregated,42.000000,0.000000,84,120,150,170,230,330,470,550,860,920,930,11165,0,84,122.52461982862185,15.664862934499979,934.2996689956635,6393.921898790864
1788079977,150,,Aggregated,40.900000,0.000000,84,120,150,170,230,330,470,550,860,920,930,11209,0,84,122.4603529273234,15.664862934499979,934.2996689956635,6396.199750200732
1788079978,150,,Aggregated,39.800000,0.000000,84,120,150,170,230,330,470,550,860,920,930,11253,0,84,122.62403417228782,15.664862934499979,934.2996689956635,6397.5167510885985
1788079979,150,,Aggregated,40.200000,0.000000,84,120,150,170,230,330,470,550,860,920,930,11292,0,84,122.63406874076125,15.664862934499979,934.2996689956635,6396.159050655331
1788079980,150,,Aggregated,40.900000,0.000000,84,120,150,170,230,330,470,550,860,920,930,11332,0,84,122.56414208767795,15.664862934499979,934.2996689956635,6398.134662901518
1788079981,150,,Aggregated,42.000000,0.000000,84,120,150,170,230,330,470,550,860,920,930,11371,0,84,122.49626595282534,15.664862934499979,934.2996689956635,6394.827719637675
1788079982,150,,Aggregated,41.000000,0.000000,84,120,150,170,230,330,470,550,860,920,930,11415,0,84,122.67451565747365,15.664862934499979,934.2996689956635,6392.548226018397
1788079983,150,,Aggregated,40.400000,0.000000,84,120,150,170,230,330,470,550,860,920,930,11453,0,84,122.5703015911018,15.664862934499979,934.2996689956635,6386.28560202567
1788079984,150,,Aggregated,40.200000,0.000000,84,120,150,170,230,330,470,550,860,920,930,11500,0,84,122.48320860946146,15.664862934499979,934.2996689956635,6379.463478260869
1788079985,150,,Aggregated,40.100000,0.000000,84,120,150,170,230,330,470,550,860,920,930,11549,0,84,122.4974401037779,15.664862934499979,934.2996689956635,6374.685167546973
1788079986,150,,Aggregated,41.400000,0.000000,84,120,150,170,230,330,470,550,860,920,930,11587,0,84,122.4785653612733,15.664862934499979,934.2996689956635,6376.921981531026
1788079987,150,,Aggregated,41.500000,0.000000,84,120,150,170,230,330,470,550,860,920,930,11640,0,84,122.44033228629588,15.664862934499979,934.2996689956635,6383.564003436426
1788079988,150,,Aggregated,41.900000,0.000000,84,120,150,170,230,330,470,550,860,920,930,11680,0,84,122.3531890274799,15.664862934499979,934.2996689956635,6383.127825342466
1788079989,150,,Aggregated,42.500000,0.000000,84,120,150,170,230,330,470,550,860,920,930,11716,0,84,122.32274901867167,15.664862934499979,934.2996689956635,6385.534226698532
1788079990,150,,Aggregated,42.500000,0.000000,84,120,150,170,230,330,470,550,860,920,930,11760,0,84,122.24739084693803,15.664862934499979,934.2996689956635,6383.2326530612245
1788079991,150,,Aggregated,42.200000,0.000000,84,120,150,170,230,330,470,550,860,920,930,11807,0,84,122.29628657616573,15.664862934499979,934.2996689956635,6389.056237825019
1788079992,150,,Aggregated,42.600000,0.000000,84,120,150,170,230,330,470,550,860,920,930,11855,0,84,122.44989673201684,15.664862934499979,934.2996689956635,6385.996204133277
1788079993,150,,Aggregated,43.300000,0.000000,84,120,150,170,230,330,470,550,860,920,930,11892,0,84,122.34100985656463,15.664862934499979,934.2996689956635,6382.365960309452
1788079994,150,,Aggregated,43.600000,0.000000,84,120,150,170,230,330,470,550,860,920,930,11936,0,84,122.28440945584065,15.664862934499979,934.2996689956635,6387.683897453083
1788079995,150,,Aggregated,43.900000,0.000000,84,120,150,170,230,330,470,550,860,920,930,11977,0,84,122.32379347241549,15.664862934499979,934.2996689956635,6388.114970359857
1788079996,150,,Aggregated,42.500000,0.000000,84,120,150,170,230,330,470,550,860,920,930,12029,0,84,122.26825016070309,15.664862934499979,934.2996689956635,6382.959514506609
1788079997,150,,Aggregated,42.800000,0.000000,84,120,150,170,230,330,470,550,860,920,930,12066,0,84,122.16311444719204,15.664862934499979,934.2996689956635,6381.860765788165
1788079998,150,,Aggregated,43.300000,0.000000,84,120,150,170,230,330,470,550,860,920,930,12106,0,84,122.15017326858619,15.664862934499979,934.2996689956635,6378.582273252932
1788079999,150,,Aggregated,41.800000,0.000000,84,120,150,170,230,330,470,550,860,920,930,12152,0,84,122.05171090768147,15.664862934499979,934.2996689956635,6376.606649111257
1788080000,150,,Aggregated,41.700000,0.000000,84,120,150,170,230,330,470,550,860,920,930,12196,0,84,121.93604051194279,15.664862934499979,934.2996689956635,6373.096999016071
1788080001,150,,Aggregated,43.400000,0.000000,84,120,150,170,230,330,470,550,860,920,930,12230,0,84,121.87034550811319,15.664862934499979,934.2996689956635,6377.33859362224
1788080002,150,,Aggregated,42.900000,0.000000,84,120,150,170,230,330,470,550,860,920,930,12272,0,84,121.96993579832042,15.664862934499979,934.2996689956635,6376.652460886571
1788080003,150,,Aggregated,42.000000,0.000000,84,120,150,170,230,330,470,550,860,920,930,12312,0,84,122.11353746829815,15.664862934499979,934.2996689956635,6374.620451591943
1788080004,150,,Aggregated,41.100000,0.000000,84,120,150,170,230,330,470,550,860,920,930,12362,0,84,122.04435032037432,15.664862934499979,934.2996689956635,6375.692929946611
1788080005,150,,Aggregated,41.300000,0.000000,84,120,150,170,230,330,470,550,860,920,930,12398,0,84,121.96325522674776,15.664862934499979,934.2996689956635,6376.641071140507
1788080006,150,,Aggregated,42.800000,0.000000,84,120,150,170,230,330,470,550,860,920,930,12443,0,84,121.86856223402027,15.664862934499979,934.2996689956635,6375.326850437998
1788080007,150,,Aggregated,41.900000,0.000000,84,120,150,170,230,330,470,550,860,920,930,12486,0,84,121.85489517617876,15.664862934499979,934.2996689956635,6376.673954829409
1788080008,150,,Aggregated,41.200000,0.000000,84,120,150,170,230,320,470,550,860,920,930,12529,0,84,121.78787674881745,15.664862934499979,934.2996689956635,6375.197062814271
1788080009,150,,Aggregated,42.200000,0.000000,84,120,150,170,230,320,470,550,860,920,930,12558,0,84,121.7546010092202,15.664862934499979,934.2996689956635,6377.325051759834
1788080010,150,,Aggregated,41.500000,0.000000,84,120,150,170,230,330,470,550,860,920,930,12596,0,84,121.8922331620294,15.664862934499979,934.2996689956635,6378.556684661798
1788080011,150,,Aggregated,40.500000,0.000000,84,120,150,170,230,330,470,550,860,920,930,12642,0,84,121.99447139246152,15.664862934499979,934.2996689956635,6381.998655276064
1788080012,150,,Aggregated,39.600000,0.000000,84,120,150,170,230,330,470,550,860,920,930,12695,0,84,122.11992524315939,15.664862934499979,934.2996689956635,6392.751792044111
1788080013,150,,Aggregated,40.700000,0.000000,84,120,150,170,230,330,470,550,860,920,930,12734,0,84,122.16865140245167,15.664862934499979,934.2996689956635,6398.551594157374
1788080014,150,,Aggregated,41.600000,0.000000,84,120,150,170,230,330,470,550,860,920,930,12782,0,84,122.07485896348618,15.664862934499979,934.2996689956635,6394.725864496949
1788080015,150,,Aggregated,41.900000,0.000000,84,120,150,170,230,320,470,550,860,920,930,12831,0,84,121.95827631790743,15.664862934499979,934.2996689956635,6391.883874990258
1788080016,150,,Aggregated,41.100000,0.000000,84,120,150,170,230,320,470,550,860,920,930,12872,0,84,121.91163335977188,15.664862934499979,934.2996689956635,6391.092371037912
1788080017,150,,Aggregated,41.500000,0.000000,84,120,150,170,230,320,470,550,860,920,930,12910,0,84,121.92860810453321,15.664862934499979,934.2996689956635,6393.35251742835
1788080018,150,,Aggregated,42.200000,0.000000,84,120,150,170,230,320,470,550,860,920,930,12953,0,84,121.95102386565566,15.664862934499979,934.2996689956635,6395.464139581564
1788080019,150,,Aggregated,42.200000,0.000000,84,120,150,170,230,320,470,550,860,920,930,12998,0,84,121.88119263683276,15.664862934499979,934.2996689956635,6391.569164486844
1788080020,150,,Aggregated,42.300000,0.000000,84,120,150,170,230,320,470,550,860,920,930,13042,0,84,121.85205611256916,15.664862934499979,934.2996689956635,6394.23470326637
1788080021,150,,Aggregated,42.800000,0.000000,84,120,150,170,230,320,470,550,860,920,930,13085,0,84,121.83178702839442,15.664862934499979,934.2996689956635,6397.137179977073
1788080022,150,,Aggregated,43.900000,0.000000,84,120,150,170,230,320,470,550,860,920,930,13126,0,84,121.81280361772697,15.664862934499979,934.2996689956635,6398.528645436538
1788080023,150,,Aggregated,43.300000,0.000000,84,120,150,170,230,320,470,550,860,920,930,13168,0,84,121.80879928046025,15.664862934499979,934.2996689956635,6404.665097205347
1788080024,150,,Aggregated,42.800000,0.000000,84,120,150,170,230,320,470,550,880,980,1000,13212,0,84,122.24448708940862,15.664862934499979,1024.3855000007898,6403.963442325159
1788080025,150,,Aggregated,42.400000,0.000000,84,120,150,170,230,320,470,550,880,980,1000,13248,0,84,122.25612825118618,15.664862934499979,1024.3855000007898,6403.275437801933
1788080026,150,,Aggregated,43.000000,0.000000,84,120,150,170,230,330,470,560,880,980,1000,13303,0,84,122.52976577152467,15.664862934499979,1024.3855000007898,6406.926182064196
1788080027,150,,Aggregated,43.400000,0.000000,84,120,150,170,230,330,470,560,880,980,1000,13349,0,84,122.495292408235,15.664862934499979,1024.3855000007898,6405.148700277175
1788080028,150,,Aggregated,41.500000,0.000000,84,120,150,170,230,330,470,560,880,980,1000,13381,0,84,122.41953099212606,15.664862934499979,1024.3855000007898,6403.362528958972
1788080029,150,,Aggregated,42.900000,0.000000,84,120,150,170,230,330,470,550,880,980,1000,13421,0,84,122.47019552107142,15.664862934499979,1024.3855000007898,6401.83704641979
1788080030,150,,Aggregated,43.200000,0.000000,84,120,150,170,230,330,470,550,880,980,1000,13465,0,84,122.35308513353101,15.664862934499979,1024.3855000007898,6400.187968808021
1788080031,150,,Aggregated,41.900000,0.000000,84,120,150,170,230,330,470,550,880,980,1000,13512,0,84,122.23617621701139,15.664862934499979,1024.3855000007898,6394.6312907045585
1788080032,150,,Aggregated,42.500000,0.000000,84,120,150,170,230,320,470,550,880,980,1000,13555,0,84,122.12364296667616,15.664862934499979,1024.3855000007898,6392.708299520472
1788080033,150,,Aggregated,42.400000,0.000000,84,120,150,170,230,320,470,550,880,980,1000,13588,0,84,122.11234642682508,15.664862934499979,1024.3855000007898,6393.347512511039
1788080034,150,,Aggregated,42.100000,0.000000,84,120,150,170,230,320,470,550,880,980,1000,13626,0,84,122.0502096822288,15.664862934499979,1024.3855000007898,6391.571407603112
1788080035,150,,Aggregated,42.500000,0.000000,84,120,150,170,230,320,470,550,880,980,1000,13665,0,84,121.97649538553802,15.664862934499979,1024.3855000007898,6386.466154409074
1788080036,150,,Aggregated,41.300000,0.000000,84,120,150,170,230,320,470,550,880,980,1000,13715,0,84,121.89766135259599,15.664862934499979,1024.3855000007898,6381.772074371126
1788080037,150,,Aggregated,40.200000,0.000000,84,120,150,170,230,320,470,550,880,980,1000,13759,0,84,121.8333180107384,15.664862934499979,1024.3855000007898,6380.504106403082
1788080038,150,,Aggregated,41.600000,0.000000,84,120,150,170,230,320,470,550,880,980,1000,13803,0,84,121.80328291457877,15.664862934499979,1024.3855000007898,6377.439034992393
1788080039,150,,Aggregated,40.500000,0.000000,84,120,150,170,230,320,470,550,880,980,1000,13849,0,84,121.75018256330775,15.664862934499979,1024.3855000007898,6383.626543432739
1788080040,150,,Aggregated,41.200000,0.000000,84,120,150,170,230,320,470,550,880,980,1000,13896,0,84,121.66387135662657,15.664862934499979,1024.3855000007898,6379.154217040875
1788080041,150,,Aggregated,41.700000,0.000000,84,120,150,170,230,320,470,550,880,980,1000,13940,0,84,121.81062783948727,15.664862934499979,1024.3855000007898,6379.090243902439
1788080042,150,,Aggregated,41.400000,0.000000,84,120,150,170,230,320,470,550,880,980,1000,13988,0,84,121.81273389128025,15.664862934499979,1024.3855000007898,6381.795396053761
1788080043,150,,Aggregated,41.900000,0.000000,84,120,150,170,230,320,470,550,860,980,1000,14027,0,84,121.81462787186743,15.664862934499979,1024.3855000007898,6383.59071790119
1788080044,150,,Aggregated,43.200000,0.000000,84,120,150,170,230,320,470,550,860,980,1000,14071,0,84,121.76889171336389,15.664862934499979,1024.3855000007898,6383.53642242911
1788080045,150,,Aggregated,42.500000,0.000000,84,120,150,170,230,320,470,550,860,980,1000,14125,0,84,121.90002568080955,15.664862934499979,1024.3855000007898,6388.430017699115
1788080046,150,,Aggregated,42.800000,0.000000,84,120,150,170,230,320,470,550,860,980,1000,14164,0,84,121.85085443207448,15.664862934499979,1024.3855000007898,6388.562411748094
1788080047,150,,Aggregated,43.700000,0.000000,84,120,150,170,230,320,470,550,860,980,1000,14204,0,84,121.7548977980167,15.664862934499979,1024.3855000007898,6383.895311179949
1788080048,150,,Aggregated,44.600000,0.000000,84,120,150,170,230,320,470,550,860,980,1000,14248,0,84,121.64850196912442,15.664862934499979,1024.3855000007898,6382.445816956766
1788080049,150,,Aggregated,43.700000,0.000000,84,120,150,170,230,320,470,550,860,980,1000,14286,0,84,121.61595390822875,15.664862934499979,1024.3855000007898,6381.284054318914
1788080050,150,,Aggregated,43.000000,0.000000,84,120,150,170,230,320,470,550,860,980,1000,14335,0,84,121.65480871393466,15.664862934499979,1024.3855000007898,6381.518869898849
1788080051,150,,Aggregated,43.400000,0.000000,84,120,150,170,230,320,470,550,860,980,1000,14369,0,84,121.60310225337132,15.664862934499979,1024.3855000007898,6377.462105922472
1788080052,150,,Aggregated,43.000000,0.000000,84,120,150,170,230,320,470,550,860,980,1000,14415,0,84,121.59549727108158,15.664862934499979,1024.3855000007898,6379.18300381547
1788080053,150,,Aggregated,43.100000,0.000000,84,120,150,170,230,320,470,550,860,980,1000,14468,0,84,121.552173197422,15.664862934499979,1024.3855000007898,6385.766380978712
1788080054,150,,Aggregated,41.600000,0.000000,83,120,150,170,230,320,460,550,860,980,1000,14507,0,83,121.43374690923709,15.664862934499979,1024.3855000007898,6380.324188322878
1788080055,150,,Aggregated,42.500000,0.000000,84,120,150,170,230,320,460,550,860,980,1000,14549,0,84,121.41713639633257,15.664862934499979,1024.3855000007898,6380.653859371778
1788080056,150,,Aggregated,44.100000,0.000000,83,120,150,170,230,320,460,550,860,980,1000,14606,0,83,121.30777399602044,15.664862934499979,1024.3855000007898,6383.633438313022
1788080057,150,,Aggregated,43.100000,0.000000,83,120,150,170,230,320,460,550,860,980,1000,14639,0,83,121.29145026653514,15.664862934499979,1024.3855000007898,6380.774301523328
1788080059,150,,Aggregated,42.100000,0.000000,83,120,150,170,230,320,470,550,860,980,1000,14686,0,83,121.29894115406377,15.664862934499979,1024.3855000007898,6383.157020291434
1788080060,150,,Aggregated,44.000000,0.000000,83,120,150,170,230,320,460,550,860,980,1000,14726,0,83,121.31759424566258,15.664862934499979,1024.3855000007898,6384.849449952465
1788080061,150,,Aggregated,43.600000,0.000000,83,120,150,170,230,320,460,550,860,980,1000,14774,0,83,121.22821316587725,15.664862934499979,1024.3855000007898,6381.891295519155
1788080062,150,,Aggregated,43.700000,0.000000,83,120,150,170,230,320,460,550,860,980,1000,14810,0,83,121.24458219490349,15.664862934499979,1024.3855000007898,6383.544496961513
1788080063,150,,Aggregated,43.600000,0.000000,83,120,150,170,230,320,460,550,860,980,1000,14858,0,83,121.2123044073259,15.664862934499979,1024.3855000007898,6384.518643155203
1788080064,150,,Aggregated,43.600000,0.000000,83,120,150,170,230,320,460,550,860,980,1000,14900,0,83,121.18701507038931,15.664862934499979,1024.3855000007898,6389.506644295302
1788080065,150,,Aggregated,43.500000,0.000000,83,120,150,170,230,320,460,550,860,980,1000,14947,0,83,121.1100136692038,15.664862934499979,1024.3855000007898,6390.651903391985
1788080066,150,,Aggregated,42.600000,0.000000,83,120,150,170,230,320,460,550,860,980,1000,14984,0,83,121.05661745855556,15.664862934499979,1024.3855000007898,6390.702015483182
1788080067,150,,Aggregated,43.300000,0.000000,83,120,150,170,230,320,460,550,860,980,1000,15035,0,83,121.19811880888524,15.664862934499979,1024.3855000007898,6390.890987695378
1788080068,150,,Aggregated,42.900000,0.000000,83,120,150,170,230,320,460,550,860,980,1000,15083,0,83,121.11094867125097,15.664862934499979,1024.3855000007898,6389.562487568786
1788080069,150,,Aggregated,42.400000,0.000000,83,120,150,170,230,320,460,550,860,980,1000,15118,0,83,121.0366748694895,15.664862934499979,1024.3855000007898,6391.9333906601405
1788080070,150,,Aggregated,44.000000,0.000000,83,120,150,170,230,320,460,550,860,980,1000,15164,0,83,121.03756195001439,15.664862934499979,1024.3855000007898,6393.829398575574
1788080071,150,,Aggregated,42.800000,0.000000,83,120,150,170,230,320,460,550,860,980,1000,15204,0,83,120.97344895011874,15.664862934499979,1024.3855000007898,6390.57182320442
1788080072,150,,Aggregated,43.000000,0.000000,83,120,150,170,230,320,460,550,860,980,1000,15252,0,83,120.95760184484836,15.664862934499979,1024.3855000007898,6385.739378442171
1788080073,150,,Aggregated,42.700000,0.000000,83,120,150,170,230,320,460,550,860,980,1000,15304,0,83,120.92233750668183,15.664862934499979,1024.3855000007898,6387.399764767381
1788080074,150,,Aggregated,43.400000,0.000000,83,120,150,170,230,320,460,550,860,980,1000,15344,0,83,120.85131490010087,15.664862934499979,1024.3855000007898,6383.396897810219
1788080075,150,,Aggregated,43.500000,0.000000,83,120,150,170,230,320,460,550,860,980,1000,15388,0,83,120.83895633554327,15.664862934499979,1024.3855000007898,6383.563556017676
1788080076,150,,Aggregated,42.900000,0.000000,83,120,150,170,230,320,460,550,860,980,1000,15427,0,83,120.85565961898581,15.664862934499979,1024.3855000007898,6380.173202826214
1788080077,150,,Aggregated,43.900000,0.000000,83,120,150,170,230,320,460,550,860,980,1000,15477,0,83,121.0309979871849,15.664862934499979,1024.3855000007898,6382.443432189701
1788080078,150,,Aggregated,44.500000,0.000000,83,120,150,170,230,320,460,550,860,980,1000,15519,0,83,121.02526076017637,15.664862934499979,1024.3855000007898,6383.92441523294
1788080079,150,,Aggregated,43.500000,0.000000,83,120,150,170,230,320,460,550,860,980,1000,15556,0,83,121.07403742536046,15.664862934499979,1024.3855000007898,6384.324505014142
1788080080,150,,Aggregated,42.700000,0.000000,83,120,150,170,230,320,460,550,880,1000,1000,15601,0,83,121.35922301023493,15.664862934499979,1024.3855000007898,6382.759374399077
1788080081,150,,Aggregated,42.500000,0.000000,83,120,150,170,230,320,460,550,880,1000,1000,15645,0,83,121.33091210480511,15.664862934499979,1024.3855000007898,6379.509683604985
1788080082,150,,Aggregated,43.700000,0.000000,83,120,150,170,230,320,460,550,880,1000,1000,15685,0,83,121.23563540291907,15.664862934499979,1024.3855000007898,6376.334842205929
1788080083,150,,Aggregated,43.300000,0.000000,83,120,150,170,230,320,460,550,880,1000,1000,15724,0,83,121.19194282968006,15.664862934499979,1024.3855000007898,6375.6595013991355
1788080084,150,,Aggregated,42.700000,0.000000,83,120,150,170,230,320,460,550,880,1000,1000,15768,0,83,121.16458629324306,15.664862934499979,1024.3855000007898,6380.24968290208
1788080085,150,,Aggregated,41.900000,0.000000,83,120,150,170,230,320,460,550,880,1000,1000,15810,0,83,121.11411626420674,15.664862934499979,1024.3855000007898,6377.782416192284
1788080086,150,,Aggregated,42.500000,0.000000,83,120,150,170,230,320,460,550,880,1000,1000,15854,0,83,121.00373957327236,15.664862934499979,1024.3855000007898,6375.790021445692
1788080087,150,,Aggregated,41.900000,0.000000,83,120,150,170,230,320,460,550,880,1000,1000,15891,0,83,120.96684644608605,15.664862934499979,1024.3855000007898,6373.702221383173
1788080088,150,,Aggregated,41.700000,0.000000,83,120,150,170,230,320,460,550,880,1000,1000,15938,0,83,121.10815522539285,15.664862934499979,1024.3855000007898,6373.572656544108
1788080089,150,,Aggregated,41.400000,0.000000,83,120,150,170,230,320,460,550,880,1000,1000,15982,0,83,121.0661888427007,15.664862934499979,1024.3855000007898,6371.193154799149
1788080090,150,,Aggregated,41.000000,0.000000,83,120,150,170,230,320,460,550,880,1000,1000,16035,0,83,121.1902087285858,15.664862934499979,1024.3855000007898,6373.772497661365
1788080091,150,,Aggregated,42.700000,0.000000,83,120,150,170,230,320,460,550,880,1000,1000,16073,0,83,121.14304881107766,15.664862934499979,1024.3855000007898,6369.45000933242
1788080092,150,,Aggregated,42.500000,0.000000,83,120,150,170,230,320,460,550,880,1000,1000,16117,0,83,121.10165787818337,15.664862934499979,1024.3855000007898,6366.187131600173
1788080093,150,,Aggregated,42.600000,0.000000,83,120,150,170,230,320,460,550,880,1000,1000,16150,0,83,121.09724538049001,15.664862934499979,1024.3855000007898,6364.029535603715
1788080094,150,,Aggregated,43.200000,0.000000,83,120,150,170,230,320,460,550,880,1000,1000,16213,0,83,121.17829920765622,15.664862934499979,1024.3855000007898,6363.217109726763
1788080095,150,,Aggregated,42.700000,0.000000,83,120,150,170,230,320,460,550,880,1000,1000,16250,0,83,121.07958809220447,15.664862934499979,1024.3855000007898,6358.930892307692
1788080096,150,,Aggregated,43.800000,0.000000,83,120,150,170,230,320,460,550,880,1000,1000,16292,0,83,121.00874637701752,15.664862934499979,1024.3855000007898,6358.552356985023
1788080097,150,,Aggregated,43.400000,0.000000,83,120,150,170,230,320,460,550,880,1000,1000,16340,0,83,120.90134891398385,15.664862934499979,1024.3855000007898,6358.063525091799
1788080098,150,,Aggregated,43.500000,0.000000,83,120,150,170,230,320,460,550,880,1000,1000,16389,0,83,120.88431069745944,15.664862934499979,1024.3855000007898,6360.623833058759
1788080099,150,,Aggregated,44.000000,0.000000,83,120,150,170,230,320,460,550,880,1000,1000,16431,0,83,120.86008658684102,15.664862934499979,1024.3855000007898,6360.858012293835
1788080100,150,,Aggregated,44.800000,0.000000,83,120,150,170,230,320,460,550,880,1000,1000,16462,0,83,120.80868701964502,15.664862934499979,1024.3855000007898,6359.207872676467
1788080101,150,,Aggregated,44.600000,0.000000,83,120,150,170,230,320,460,550,880,1000,1000,16507,0,83,120.83960300994521,15.664862934499979,1024.3855000007898,6361.407039437814
1788080102,150,,Aggregated,42.800000,0.000000,83,120,150,170,230,320,460,550,880,1000,1000,16546,0,83,120.83427014176809,15.664862934499979,1024.3855000007898,6361.9620452073
1788080103,150,,Aggregated,43.000000,0.000000,83,120,150,170,230,320,460,550,880,1000,1000,16597,0,83,120.93292486682694,15.664862934499979,1024.3855000007898,6366.236729529433
1788080104,150,,Aggregated,43.200000,0.000000,83,120,150,170,230,320,460,550,880,1000,1000,16645,0,83,120.88151730699971,15.664862934499979,1024.3855000007898,6365.534635025533
1788080105,150,,Aggregated,43.800000,0.000000,83,120,150,170,230,320,460,550,880,1000,1000,16673,0,83,120.8874964561094,15.664862934499979,1024.3855000007898,6364.617525340371
1788080106,150,,Aggregated,42.600000,0.000000,83,120,150,170,230,320,460,550,880,1000,1000,16718,0,83,120.87538311708524,15.664862934499979,1024.3855000007898,6362.2061849503525
1788080107,150,,Aggregated,42.200000,0.000000,83,120,150,170,230,320,460,550,880,1000,1000,16746,0,83,120.9232659471023,15.664862934499979,1024.3855000007898,6364.17227994745
1788080108,150,,Aggregated,42.100000,0.000000,83,120,150,170,230,320,460,550,880,1000,1000,16804,0,83,121.06222529162972,15.664862934499979,1024.3855000007898,6368.0630207093545
1788080109,150,,Aggregated,40.800000,0.000000,83,120,150,170,230,320,460,550,880,1000,1000,16840,0,83,121.00223922035204,15.664862934499979,1024.3855000007898,6369.4939429928745
1788080110,150,,Aggregated,40.100000,0.000000,83,120,150,170,230,320,460,550,880,1000,1000,16884,0,83,121.11032295075923,15.664862934499979,1024.3855000007898,6368.861644160152
1788080111,150,,Aggregated,41.400000,0.000000,83,120,150,170,230,320,460,550,880,1000,1000,16931,0,83,121.08453046572565,15.664862934499979,1024.3855000007898,6369.918965211742
1788080112,150,,Aggregated,40.800000,0.000000,83,120,150,170,230,320,460,550,880,1000,1000,16970,0,83,121.01658864253304,15.664862934499979,1024.3855000007898,6368.270005892752
1788080113,150,,Aggregated,41.600000,0.000000,83,120,150,170,230,320,460,550,860,1000,1000,17016,0,83,121.08139378923072,15.664862934499979,1024.3855000007898,6373.218088857546
1788080114,150,,Aggregated,41.100000,0.000000,83,120,150,170,230,320,460,550,860,1000,1000,17063,0,83,121.0149507641993,15.664862934499979,1024.3855000007898,6374.5037801090075
1788080115,150,,Aggregated,41.800000,0.000000,83,120,150,170,230,320,460,550,860,1000,1000,17105,0,83,121.08807652592235,15.664862934499979,1024.3855000007898,6373.618766442561
1788080116,150,,Aggregated,41.900000,0.000000,83,120,150,170,230,320,460,550,860,1000,1000,17150,0,83,121.06731638401942,15.664862934499979,1024.3855000007898,6371.924956268222
1788080117,150,,Aggregated,41.800000,0.000000,83,120,150,170,230,320,460,550,860,1000,1000,17191,0,83,121.00780282901106,15.664862934499979,1024.3855000007898,6368.403990460124
1788080118,150,,Aggregated,41.900000,0.000000,83,120,150,170,230,320,460,550,860,1000,1000,17233,0,83,120.96753685003641,15.664862934499979,1024.3855000007898,6369.936865316544
1788080119,150,,Aggregated,43.900000,0.000000,83,120,150,170,230,320,460,550,860,1000,1000,17277,0,83,120.90250520073789,15.664862934499979,1024.3855000007898,6370.1091045899175
1788080120,150,,Aggregated,44.300000,0.000000,83,120,150,170,230,320,460,550,860,1000,1000,17330,0,83,120.8445908248761,15.664862934499979,1024.3855000007898,6372.517888055395
1788080121,150,,Aggregated,42.200000,0.000000,83,120,150,170,230,310,460,550,860,1000,1000,17375,0,83,120.78980338069604,15.664862934499979,1024.3855000007898,6374.113784172662
1788080122,150,,Aggregated,44.100000,0.000000,83,120,150,170,230,310,460,550,860,1000,1000,17415,0,83,120.80270862357892,15.664862934499979,1024.3855000007898,6375.213264427218
1788080123,150,,Aggregated,43.500000,0.000000,83,120,150,170,230,310,460,550,860,1000,1000,17456,0,83,120.74192926034706,15.664862934499979,1024.3855000007898,6374.931083868011
1788080124,150,,Aggregated,44.300000,0.000000,83,120,150,170,230,310,460,550,860,1000,1000,17501,0,83,120.77569285423681,15.664862934499979,1024.3855000007898,6377.893548940061
1788080125,150,,Aggregated,44.100000,0.000000,83,120,150,170,230,310,460,550,860,1000,1000,17536,0,83,120.70306505874393,15.664862934499979,1024.3855000007898,6377.561701642336
1788080126,150,,Aggregated,43.800000,0.000000,83,120,150,170,230,310,460,550,860,1000,1000,17587,0,83,120.61554148470248,15.664862934499979,1024.3855000007898,6373.238812759425
1788080127,150,,Aggregated,44.000000,0.000000,83,120,150,170,230,310,460,540,860,1000,1000,17640,0,83,120.55911787494155,15.664862934499979,1024.3855000007898,6371.9111111111115
1788080128,150,,Aggregated,43.600000,0.000000,83,120,150,170,230,310,460,540,860,1000,1000,17688,0,83,120.51464451038018,15.664862934499979,1024.3855000007898,6370.473315241972
1788080129,150,,Aggregated,43.100000,0.000000,83,120,150,170,230,310,450,540,860,1000,1000,17722,0,83,120.47852616756208,15.664862934499979,1024.3855000007898,6370.366098634466
1788080130,150,,Aggregated,44.400000,0.000000,83,120,150,170,230,310,450,540,860,1000,1000,17766,0,83,120.48634216881088,15.664862934499979,1024.3855000007898,6372.806709445007
1788080131,150,,Aggregated,44.600000,0.000000,83,120,150,170,230,310,450,540,860,1000,1000,17799,0,83,120.41439524450882,15.664862934499979,1024.3855000007898,6374.28344289005
1788080132,150,,Aggregated,43.400000,0.000000,83,120,150,170,230,310,450,540,860,1000,1000,17841,0,83,120.35417442956131,15.664862934499979,1024.3855000007898,6373.23916820806
1788080133,150,,Aggregated,43.200000,0.000000,83,110,150,170,230,310,450,540,860,1000,1000,17887,0,83,120.281447937224,15.664862934499979,1024.3855000007898,6370.147872756751
1788080134,150,,Aggregated,42.900000,0.000000,83,110,150,170,230,310,450,540,860,1000,1000,17927,0,83,120.26587067299575,15.664862934499979,1024.3855000007898,6370.247224856362
1788080135,150,,Aggregated,41.400000,0.000000,83,110,150,170,230,310,450,540,860,1000,1000,17966,0,83,120.20245072813961,15.664862934499979,1024.3855000007898,6370.318880106868
1788080136,150,,Aggregated,42.300000,0.000000,83,110,150,170,230,310,450,540,860,1000,1000,18015,0,83,120.16586155512779,15.664862934499979,1024.3855000007898,6369.775353871773
1788080137,150,,Aggregated,42.400000,0.000000,83,110,150,170,230,310,450,540,860,1000,1000,18044,0,83,120.10380459954897,15.664862934499979,1024.3855000007898,6366.791121702505
1788080138,150,,Aggregated,42.600000,0.000000,83,110,150,170,230,310,450,540,860,1000,1000,18101,0,83,120.31879354526393,15.664862934499979,1024.3855000007898,6366.321694933981
1788080139,150,,Aggregated,42.000000,0.000000,83,110,150,170,230,310,450,540,860,1000,1000,18142,0,83,120.2497248058214,15.664862934499979,1024.3855000007898,6365.626391798038
1788080140,150,,Aggregated,39.900000,0.000000,83,110,150,170,230,310,450,540,860,1000,1000,18182,0,83,120.24516252209308,15.664862934499979,1024.3855000007898,6366.80546694533
1788080141,150,,Aggregated,41.200000,0.000000,83,110,150,170,230,310,450,540,860,1000,1000,18224,0,83,120.24591734289787,15.664862934499979,1024.3855000007898,6366.566944688323
1788080142,150,,Aggregated,41.500000,0.000000,83,110,150,170,230,310,450,540,860,1000,1000,18271,0,83,120.20165141735663,15.664862934499979,1024.3855000007898,6365.382026161677
1788080143,150,,Aggregated,41.400000,0.000000,83,110,150,170,230,310,450,540,860,1000,1000,18322,0,82,120.09117995346006,15.664862934499979,1024.3855000007898,6362.864916493832
1788080144,150,,Aggregated,41.000000,0.000000,83,110,150,170,230,310,450,540,860,1000,1000,18360,0,83,120.06269568488132,15.664862934499979,1024.3855000007898,6365.44068627451
1788080145,150,,Aggregated,42.700000,0.000000,82,110,150,170,230,310,450,540,860,1000,1000,18396,0,82,120.01391516603373,15.664862934499979,1024.3855000007898,6366.184116112198
1788080146,150,,Aggregated,42.700000,0.000000,82,110,150,170,230,310,450,540,860,1000,1000,18439,0,82,120.03098776422023,15.664862934499979,1024.3855000007898,6367.689191387819
1788080147,150,,Aggregated,42.600000,0.000000,82,110,150,170,230,310,450,540,860,1000,1000,18489,0,82,119.96626866501798,15.664862934499979,1024.3855000007898,6368.122126669912
1788080149,150,,Aggregated,41.900000,0.000000,82,110,150,170,230,310,450,540,860,1000,1000,18532,0,82,119.91167247970353,15.664862934499979,1024.3855000007898,6366.994118281891
1788080150,150,,Aggregated,43.800000,0.000000,82,110,150,170,230,310,450,540,860,1000,1000,18570,0,82,120.13223298577573,15.664862934499979,1024.3855000007898,6367.065966612817
1788080151,150,,Aggregated,42.600000,0.000000,83,110,150,170,230,310,450,540,860,1000,1000,18608,0,82,120.08339624420965,15.664862934499979,1024.3855000007898,6366.895421324161
1788080152,150,,Aggregated,42.500000,0.000000,82,110,150,170,230,310,450,540,860,1000,1000,18650,0,82,120.01215023122198,15.664862934499979,1024.3855000007898,6366.194048257373
1788080153,150,,Aggregated,42.500000,0.000000,82,110,150,170,230,310,450,540,860,1000,1000,18698,0,82,119.96083692420638,15.664862934499979,1024.3855000007898,6369.72521125254
1788080154,150,,Aggregated,42.000000,0.000000,82,110,150,170,230,310,450,540,860,1000,1000,18735,0,82,119.92767134801643,15.664862934499979,1024.3855000007898,6369.523672271151
1788080155,150,,Aggregated,42.500000,0.000000,82,110,150,170,230,310,450,540,860,1000,1000,18776,0,82,119.97749659686502,15.664862934499979,1024.3855000007898,6369.001491265445
1788080156,150,,Aggregated,40.700000,0.000000,82,110,150,170,230,310,450,540,860,1000,1000,18820,0,82,119.91640592661244,15.664862934499979,1024.3855000007898,6368.98124335813
1788080157,150,,Aggregated,41.000000,0.000000,82,110,150,170,230,310,450,540,860,1000,1000,18865,0,82,119.87947538440018,15.664862934499979,1024.3855000007898,6366.747256824808
1788080158,150,,Aggregated,41.700000,0.000000,82,110,150,170,230,310,450,540,860,1000,1000,18912,0,82,119.81663719426712,15.664862934499979,1024.3855000007898,6364.520410321489
1788080159,150,,Aggregated,42.200000,0.000000,82,110,150,170,230,310,450,540,860,1000,1000,18954,0,82,119.8773372093891,15.664862934499979,1024.3855000007898,6366.89648622982
1788080160,150,,Aggregated,42.000000,0.000000,82,110,150,170,230,310,450,540,860,1000,1000,19000,0,82,119.95678101195709,15.664862934499979,1024.3855000007898,6366.069421052632
1788080161,150,,Aggregated,41.800000,0.000000,82,110,150,170,230,310,450,540,860,1000,1000,19036,0,82,120.01298962934291,15.664862934499979,1024.3855000007898,6365.9200987602435
1788080162,150,,Aggregated,42.300000,0.000000,82,110,150,170,230,310,450,540,860,1000,1000,19078,0,82,120.04567421686687,15.664862934499979,1024.3855000007898,6371.473634552888
1788080163,150,,Aggregated,42.300000,0.000000,82,110,150,170,230,310,450,540,860,1000,1000,19119,0,82,120.03019574694328,15.664862934499979,1024.3855000007898,6370.261049218056
1788080164,150,,Aggregated,42.300000,0.000000,82,110,150,170,230,310,450,540,860,1000,1000,19175,0,82,120.01043079879908,15.664862934499979,1024.3855000007898,6370.388787483703
1788080165,150,,Aggregated,41.400000,0.000000,82,110,150,170,230,310,450,540,860,1000,1000,19214,0,82,120.01960018824775,15.664862934499979,1024.3855000007898,6370.959300510045
1788080166,150,,Aggregated,43.200000,0.000000,82,110,150,170,230,310,450,540,860,1000,1000,19251,0,82,120.12462994382447,15.664862934499979,1024.3855000007898,6369.35457898291
1788080167,150,,Aggregated,43.600000,0.000000,82,110,150,170,230,310,450,540,860,1000,1000,19298,0,82,120.1020382780487,15.664862934499979,1024.3855000007898,6369.542025080319
1788080168,150,,Aggregated,43.300000,0.000000,82,110,150,170,230,310,450,540,860,1000,1000,19351,0,82,120.18360929771265,15.664862934499979,1024.3855000007898,6372.283912976073
1788080169,150,,Aggregated,42.900000,0.000000,83,110,150,170,230,310,450,540,860,1000,1000,19404,0,83,120.18037080772018,15.664862934499979,1024.3855000007898,6370.456658420944
1788080170,150,,Aggregated,43.600000,0.000000,82,110,150,170,230,310,450,540,860,1000,1000,19438,0,82,120.1277709639267,15.664862934499979,1024.3855000007898,6370.974431525877
1788080171,150,,Aggregated,43.800000,0.000000,82,110,150,170,230,310,450,540,860,1000,1000,19481,0,82,120.1407156976005,15.664862934499979,1024.3855000007898,6370.25506904163
1788080172,150,,Aggregated,44.200000,0.000000,82,110,150,170,230,310,450,540,860,1000,1000,19523,0,82,120.09711592737828,15.664862934499979,1024.3855000007898,6367.3163960456895
1788080173,150,,Aggregated,44.300000,0.000000,83,110,150,170,230,310,450,540,860,1000,1000,19568,0,82,120.09560980505239,15.664862934499979,1024.3855000007898,6367.95278004906
1788080174,150,,Aggregated,44.500000,0.000000,82,110,150,170,230,310,450,540,860,1000,1000,19616,0,82,120.04871484253555,15.664862934499979,1024.3855000007898,6367.9525387438825
1788080175,150,,Aggregated,44.100000,0.000000,82,110,150,170,230,310,450,540,860,1000,1000,19654,0,82,120.00129034053154,15.664862934499979,1024.3855000007898,6365.838353515824
1788080176,150,,Aggregated,44.200000,0.000000,82,110,150,170,230,310,450,540,860,1000,1000,19691,0,82,119.93423857387086,15.664862934499979,1024.3855000007898,6363.093138997511
1788080177,150,,Aggregated,43.300000,0.000000,82,110,150,170,230,310,450,540,860,1000,1000,19740,0,82,119.85674531911684,15.664862934499979,1024.3855000007898,6360.704609929078
1788080178,150,,Aggregated,43.000000,0.000000,82,110,150,170,230,310,450,540,860,1000,1000,19777,0,82,119.86299099840188,15.664862934499979,1024.3855000007898,6362.386357890478
1788080179,150,,Aggregated,44.100000,0.000000,82,110,150,170,230,310,450,540,860,1000,1000,19827,0,82,119.78805545005517,15.664862934499979,1024.3855000007898,6362.060220910879
1788080180,150,,Aggregated,41.900000,0.000000,82,110,150,170,230,310,450,540,860,1000,1000,19872,0,82,119.72681578336285,15.664862934499979,1024.3855000007898,6361.221467391304
1788080181,150,,Aggregated,42.700000,0.000000,82,110,150,170,230,310,450,540,860,1000,1000,19926,0,82,119.63667075263899,15.664862934499979,1024.3855000007898,6362.199136806183
1788080182,150,,Aggregated,42.700000,0.000000,82,110,150,170,230,310,450,540,860,1000,1000,19963,0,82,119.5839658593083,15.664862934499979,1024.3855000007898,6361.399288684065
1788080183,150,,Aggregated,43.600000,0.000000,82,110,150,170,230,310,450,540,860,1000,1000,19999,0,82,119.56908761345447,15.664862934499979,1024.3855000007898,6361.415420771039
1788080184,150,,Aggregated,43.400000,0.000000,82,110,150,170,230,310,450,540,850,980,1000,20047,0,82,119.51959417143043,15.664862934499979,1024.3855000007898,6358.38484561281
1788080185,150,,Aggregated,43.000000,0.000000,82,110,150,170,230,310,450,540,850,980,1000,20081,0,82,119.47166489406938,15.664862934499979,1024.3855000007898,6356.662716000199
1788080186,150,,Aggregated,41.900000,0.000000,82,110,150,170,230,310,450,540,850,980,1000,20124,0,82,119.46555325642547,15.664862934499979,1024.3855000007898,6359.713973365137
1788080187,150,,Aggregated,42.700000,0.000000,82,110,150,170,230,310,450,540,850,980,1000,20173,0,82,119.46458646666171,15.664862934499979,1024.3855000007898,6359.152034898131
1788080188,150,,Aggregated,43.000000,0.000000,82,110,150,170,230,310,450,540,850,980,1000,20224,0,82,119.42577392909686,15.664862934499979,1024.3855000007898,6357.869462025316
1788080189,150,,Aggregated,42.100000,0.000000,82,110,150,170,220,310,450,540,850,980,1000,20264,0,82,119.37324236733733,15.664862934499979,1024.3855000007898,6358.745805369127
1788080190,150,,Aggregated,43.900000,0.000000,82,110,150,170,220,310,450,540,850,980,1000,20314,0,82,119.30246945357148,15.664862934499979,1024.3855000007898,6356.094516097272
1788080191,150,,Aggregated,43.500000,0.000000,82,110,150,170,220,310,450,540,850,980,1000,20347,0,82,119.27600081450652,15.664862934499979,1024.3855000007898,6357.4627709244605
1788080192,150,,Aggregated,42.600000,0.000000,82,110,150,170,220,310,450,530,850,980,1000,20402,0,82,119.17880915221336,15.664862934499979,1024.3855000007898,6354.833251641996
1788080193,150,,Aggregated,42.000000,0.000000,82,110,150,170,220,310,450,530,850,980,1000,20442,0,82,119.15329858651722,15.664862934499979,1024.3855000007898,6356.327511985129
1788080194,150,,Aggregated,43.200000,0.000000,82,110,150,170,220,300,450,530,850,980,1000,20493,0,82,119.12273756252564,15.664862934499979,1024.3855000007898,6358.544381008149
1788080195,150,,Aggregated,44.200000,0.000000,82,110,150,170,220,300,450,530,850,980,1000,20530,0,82,119.10000348127281,15.664862934499979,1024.3855000007898,6361.864344861178
1788080196,150,,Aggregated,43.900000,0.000000,82,110,150,170,220,300,450,530,850,980,1000,20575,0,82,119.13884908806212,15.664862934499979,1024.3855000007898,6361.979198055893
1788080197,150,,Aggregated,44.000000,0.000000,82,110,150,170,220,300,450,530,850,980,1000,20608,0,82,119.12824973528275,15.664862934499979,1024.3855000007898,6360.247282608696
1788080198,150,,Aggregated,44.100000,0.000000,82,110,150,170,220,300,450,530,850,980,1000,20661,0,82,119.09524363554948,15.664862934499979,1024.3855000007898,6361.96006969653
1788080199,150,,Aggregated,44.000000,0.000000,82,110,150,170,220,300,440,530,850,980,1000,20708,0,82,119.11400855034373,15.664862934499979,1024.3855000007898,6362.004008112806
1788080200,150,,Aggregated,43.100000,0.000000,82,110,150,170,220,300,440,530,850,980,1000,20748,0,82,119.12492623381704,15.664862934499979,1024.3855000007898,6361.437487950646
1788080201,150,,Aggregated,42.800000,0.000000,82,110,150,170,220,310,450,530,850,980,1000,20786,0,82,119.21999000258317,15.664862934499979,1024.3855000007898,6362.57615702877
1788080202,150,,Aggregated,43.700000,0.000000,82,110,150,170,220,310,450,530,850,980,1000,20827,0,82,119.2760834494069,15.664862934499979,1024.3855000007898,6362.4960387957935
1788080203,150,,Aggregated,43.200000,0.000000,82,110,150,170,220,310,450,530,850,980,1000,20868,0,82,119.21838037877853,15.664862934499979,1024.3855000007898,6362.214922369178
1788080204,150,,Aggregated,41.600000,0.000000,82,110,150,170,220,310,450,530,850,980,1000,20906,0,82,119.20915077602194,15.664862934499979,1024.3855000007898,6364.645221467521
1788080205,150,,Aggregated,41.700000,0.000000,82,110,150,170,220,310,440,530,850,980,1000,20953,0,82,119.16108765192305,15.664862934499979,1024.3855000007898,6365.350069202501
1788080206,150,,Aggregated,41.900000,0.000000,82,110,150,170,220,300,440,530,850,980,1000,20992,0,82,119.1224408205194,15.664862934499979,1024.3855000007898,6364.426638719512
1788080207,150,,Aggregated,41.500000,0.000000,82,110,150,170,220,310,440,530,850,980,1000,21041,0,82,119.18512393513876,15.664862934499979,1024.3855000007898,6364.126942635807
1788080208,150,,Aggregated,41.600000,0.000000,82,110,150,170,220,310,440,530,850,980,1000,21091,0,82,119.17327504205342,15.664862934499979,1024.3855000007898,6363.519937414063
1788080209,150,,Aggregated,41.200000,0.000000,82,110,150,170,220,310,440,530,850,980,1000,21132,0,82,119.15390313838635,15.664862934499979,1024.3855000007898,6364.331866363808
1788080210,150,,Aggregated,41.600000,0.000000,82,110,150,170,220,310,440,530,850,980,1000,21175,0,82,119.23362572688428,15.664862934499979,1024.3855000007898,6363.495489964581
1788080211,150,,Aggregated,42.700000,0.000000,82,110,150,170,220,310,440,530,850,980,1000,21211,0,82,119.25597910370472,15.664862934499979,1024.3855000007898,6363.632690585074
1788080212,150,,Aggregated,41.700000,0.000000,82,110,150,170,220,310,440,530,850,980,1000,21264,0,82,119.22153942444422,15.664862934499979,1024.3855000007898,6360.001787057939
1788080213,150,,Aggregated,42.000000,0.000000,82,110,150,170,220,310,440,530,850,980,1000,21305,0,82,119.26513087742968,15.664862934499979,1024.3855000007898,6361.473550809669
1788080214,150,,Aggregated,42.600000,0.000000,82,110,150,170,220,310,440,530,850,980,1000,21349,0,82,119.22858142292856,15.664862934499979,1024.3855000007898,6362.295892079254
1788080215,150,,Aggregated,42.800000,0.000000,82,110,150,170,220,310,440,530,850,980,1000,21399,0,82,119.31333410104229,15.664862934499979,1024.3855000007898,6360.804897425113
1788080216,150,,Aggregated,43.000000,0.000000,82,110,150,170,220,310,440,530,850,980,1000,21436,0,82,119.27272652860304,15.664862934499979,1024.3855000007898,6361.539046463892
1788080217,150,,Aggregated,43.000000,0.000000,82,110,150,170,220,310,440,530,850,980,1000,21488,0,82,119.18383704479817,15.664862934499979,1024.3855000007898,6358.930286671631
1788080218,150,,Aggregated,44.300000,0.000000,82,110,150,170,220,310,440,530,850,980,1000,21524,0,82,119.17758998714625,15.664862934499979,1024.3855000007898,6361.055612339714
1788080219,150,,Aggregated,43.900000,0.000000,82,110,150,170,220,310,440,530,850,980,1000,21574,0,82,119.11361191404134,15.664862934499979,1024.3855000007898,6362.869611569482
1788080220,150,,Aggregated,44.500000,0.000000,82,110,150,170,220,300,440,530,850,980,1000,21616,0,82,119.0792408969874,15.664862934499979,1024.3855000007898,6364.906273131014
1788080221,150,,Aggregated,43.200000,0.000000,82,110,150,170,220,300,440,530,850,980,1000,21653,0,82,119.05587033411186,15.664862934499979,1024.3855000007898,6366.977970719992
1788080222,150,,Aggregated,44.400000,0.000000,82,110,150,170,220,300,440,530,850,980,1000,21694,0,82,118.97957916926823,15.664862934499979,1024.3855000007898,6363.96044989398
1788080223,150,,Aggregated,43.700000,0.000000,82,110,150,170,220,300,440,530,850,980,1000,21736,0,82,118.95616942736044,15.664862934499979,1024.3855000007898,6367.093531468531
1788080224,150,,Aggregated,43.400000,0.000000,82,110,150,170,220,300,440,530,850,980,1000,21792,0,82,118.87195362581167,15.664862934499979,1024.3855000007898,6365.065345080764
1788080225,150,,Aggregated,42.900000,0.000000,82,110,150,170,220,300,440,530,850,980,1000,21827,0,82,118.84675687408311,15.664862934499979,1024.3855000007898,6365.437898016218
1788080226,150,,Aggregated,42.700000,0.000000,82,110,150,170,220,300,440,530,850,980,1000,21870,0,82,118.84880530742471,15.664862934499979,1024.3855000007898,6368.789254686785
1788080227,150,,Aggregated,44.300000,0.000000,82,110,150,170,220,300,440,530,850,980,1000,21914,0,82,118.85995216411553,15.664862934499979,1024.3855000007898,6369.608104408141
1788080228,150,,Aggregated,42.500000,0.000000,82,110,150,170,220,300,440,530,850,980,1000,21962,0,82,118.88486485939195,15.664862934499979,1024.3855000007898,6369.055823695474
1788080229,150,,Aggregated,43.100000,0.000000,82,110,150,170,220,300,440,530,850,980,1000,22006,0,82,118.94410290164696,15.664862934499979,1024.3855000007898,6369.546123784422
1788080230,150,,Aggregated,42.100000,0.000000,82,110,150,170,220,300,440,530,850,980,1000,22055,0,82,118.92507905255589,15.664862934499979,1024.3855000007898,6370.655406937202
1788080232,150,,Aggregated,42.100000,0.000000,82,110,150,170,220,300,440,530,850,980,1000,22090,0,82,118.91759191466863,15.664862934499979,1024.3855000007898,6372.184925305568
1788080233,150,,Aggregated,42.100000,0.000000,82,110,150,170,220,300,440,530,850,980,1000,22127,0,82,118.86655165469863,15.664862934499979,1024.3855000007898,6368.951326433768
1788080234,150,,Aggregated,43.700000,0.000000,82,110,150,170,220,300,440,530,850,980,1000,22174,0,82,118.79948368742494,15.664862934499979,1024.3855000007898,6365.28190673762
1788080235,150,,Aggregated,43.200000,0.000000,82,110,150,170,220,300,440,530,850,980,1000,22216,0,82,118.75980444956181,15.664862934499979,1024.3855000007898,6362.706652862802
1788080236,150,,Aggregated,43.500000,0.000000,82,110,150,170,220,300,440,530,850,980,1000,22260,0,82,118.71577095966668,15.664862934499979,1024.3855000007898,6361.606648697215
1788080237,150,,Aggregated,42.000000,0.000000,82,110,150,170,220,300,440,530,850,980,1000,22297,0,82,118.73933229016798,15.664862934499979,1024.3855000007898,6362.773467282594
1788080238,150,,Aggregated,42.500000,0.000000,82,110,150,170,220,300,440,530,850,980,1000,22338,0,82,118.78110519031239,15.664862934499979,1024.3855000007898,6362.513161428955
1788080239,150,,Aggregated,41.900000,0.000000,82,110,150,170,220,300,440,530,850,980,1000,22376,0,82,118.74436873207661,15.664862934499979,1024.3855000007898,6361.882686807294
1788080240,150,,Aggregated,41.700000,0.000000,82,110,150,170,220,300,440,530,850,980,1000,22419,0,82,118.79315353698028,15.664862934499979,1024.3855000007898,6359.3366341050005
1788080241,150,,Aggregated,41.000000,0.000000,82,110,150,170,220,300,440,540,880,1000,1100,22460,0,82,119.08433079222576,15.664862934499979,1111.5917859133333,6362.426714158504
1788080242,150,,Aggregated,41.000000,0.000000,82,110,150,170,220,300,440,540,880,1000,1100,22503,0,82,119.1669238449381,15.664862934499979,1111.5917859133333,6361.7391014531395
1788080243,150,,Aggregated,40.200000,0.000000,82,110,150,170,220,300,440,540,880,1000,1100,22543,0,82,119.13667025932132,15.664862934499979,1111.5917859133333,6360.8073903207205
1788080244,150,,Aggregated,40.800000,0.000000,82,110,150,170,220,310,450,540,880,1000,1100,22583,0,82,119.33683291540038,15.664862934499979,1111.5917859133333,6360.093300270115
1788080245,150,,Aggregated,41.400000,0.000000,82,110,150,170,220,310,450,540,880,1000,1100,22627,0,82,119.33098906266419,15.664862934499979,1111.5917859133333,6363.629645998144
1788080246,150,,Aggregated,40.000000,0.000000,82,110,150,170,220,310,450,540,880,1000,1100,22677,0,82,119.28314879960584,15.664862934499979,1111.5917859133333,6364.154694183534
1788080247,150,,Aggregated,40.900000,0.000000,82,110,150,170,220,300,450,540,880,1000,1100,22715,0,82,119.22209820621562,15.664862934499979,1111.5917859133333,6362.90411622276
1788080248,150,,Aggregated,41.000000,0.000000,82,110,150,170,220,300,450,540,880,1000,1100,22754,0,82,119.23853748511067,15.664862934499979,1111.5917859133333,6363.785795904017
1788080249,150,,Aggregated,41.600000,0.000000,82,110,150,170,220,300,450,540,880,1000,1100,22800,0,82,119.20658683875094,15.664862934499979,1111.5917859133333,6363.253596491228
1788080250,150,,Aggregated,41.800000,0.000000,82,110,150,170,220,300,450,540,880,1000,1100,22848,0,82,119.17259310568767,15.664862934499979,1111.5917859133333,6363.104166666667
1788080251,150,,Aggregated,42.000000,0.000000,82,110,150,170,220,300,450,540,880,1000,1100,22885,0,82,119.1697348998536,15.664862934499979,1111.5917859133333,6364.5701114266985
1788080252,150,,Aggregated,41.700000,0.000000,82,110,150,170,220,300,450,540,880,1000,1100,22916,0,82,119.12503012619254,15.664862934499979,1111.5917859133333,6363.255891080468
1788080253,150,,Aggregated,41.800000,0.000000,82,110,150,170,220,300,440,540,880,1000,1100,22966,0,82,119.12375924346854,15.664862934499979,1111.5917859133333,6367.5958808673695
1788080254,150,,Aggregated,40.900000,0.000000,82,110,150,170,220,300,440,540,880,1000,1100,23000,0,82,119.11837094610192,15.664862934499979,1111.5917859133333,6367.292217391304
1788080255,150,,Aggregated,41.500000,0.000000,82,110,150,170,220,300,440,540,880,1000,1100,23043,0,82,119.08561704430225,15.664862934499979,1111.5917859133333,6367.07238640802
1788080256,150,,Aggregated,41.900000,0.000000,82,110,150,170,220,300,440,540,880,1000,1100,23083,0,82,119.09077318964582,15.664862934499979,1111.5917859133333,6367.87358662219
1788080257,150,,Aggregated,40.800000,0.000000,82,110,150,170,220,300,440,540,880,1000,1100,23125,0,82,119.05405301491956,15.664862934499979,1111.5917859133333,6369.952778378379
1788080258,150,,Aggregated,40.500000,0.000000,82,110,150,170,220,300,440,540,880,1000,1100,23172,0,82,118.99678205586787,15.664862934499979,1111.5917859133333,6371.236319696185
1788080259,150,,Aggregated,40.900000,0.000000,82,110,150,170,220,300,440,530,880,1000,1100,23215,0,82,118.93164036859083,15.664862934499979,1111.5917859133333,6368.159207409003
1788080260,150,,Aggregated,41.500000,0.000000,82,110,150,170,220,300,440,530,880,1000,1100,23251,0,82,118.9590074681683,15.664862934499979,1111.5917859133333,6369.851963356415
1788080261,150,,Aggregated,41.300000,0.000000,82,110,150,170,220,300,440,530,880,1000,1100,23298,0,82,118.93485025390214,15.664862934499979,1111.5917859133333,6368.284230406043
1788080262,150,,Aggregated,40.700000,0.000000,82,110,150,170,220,300,440,530,880,1000,1100,23352,0,82,118.89470372606941,15.664862934499979,1111.5917859133333,6368.915210688592
1788080263,150,,Aggregated,40.300000,0.000000,82,110,150,170,220,300,440,530,880,1000,1100,23392,0,82,118.86562609404831,15.664862934499979,1111.5917859133333,6370.799119357045
1788080264,150,,Aggregated,42.300000,0.000000,82,110,150,170,220,300,440,530,880,1000,1100,23432,0,82,118.84918712107466,15.664862934499979,1111.5917859133333,6373.863007852509
1788080265,150,,Aggregated,41.800000,0.000000,82,110,150,170,220,300,440,540,880,1000,1100,23476,0,82,118.88864884442965,15.664862934499979,1111.5917859133333,6374.036036803544
1788080266,150,,Aggregated,41.900000,0.000000,82,110,150,170,220,300,440,530,880,1000,1100,23525,0,82,118.87604334250125,15.664862934499979,1111.5917859133333,6375.341934112646
1788080267,150,,Aggregated,42.700000,0.000000,82,110,150,170,220,300,440,530,880,1000,1100,23568,0,82,118.8929456121092,15.664862934499979,1111.5917859133333,6376.160683978275
1788080268,150,,Aggregated,42.900000,0.000000,82,110,150,170,220,300,440,530,880,1000,1100,23606,0,82,118.88793858227329,15.664862934499979,1111.5917859133333,6374.777429467084
1788080269,150,,Aggregated,42.800000,0.000000,82,110,150,170,220,300,440,530,880,1000,1100,23652,0,82,118.83156492068531,15.664862934499979,1111.5917859133333,6372.232453915102
1788080270,150,,Aggregated,41.900000,0.000000,82,110,150,170,220,300,440,530,880,1000,1100,23699,0,82,118.8877692252747,15.664862934499979,1111.5917859133333,6374.8921473479895
1788080271,150,,Aggregated,43.400000,0.000000,82,110,150,170,220,300,440,530,880,1000,1100,23745,0,82,118.86618550525417,15.664862934499979,1111.5917859133333,6377.082206780375
1788080272,150,,Aggregated,43.800000,0.000000,82,110,150,170,220,300,440,530,880,1000,1100,23785,0,82,118.8012215425138,15.664862934499979,1111.5917859133333,6374.80420433046
1788080273,150,,Aggregated,44.500000,0.000000,82,110,150,170,220,300,440,530,880,1000,1100,23833,0,82,118.76706386624942,15.664862934499979,1111.5917859133333,6374.765241471909
1788080274,150,,Aggregated,43.200000,0.000000,82,110,150,170,220,300,440,540,890,1000,1100,23883,0,82,118.924631925305,15.664862934499979,1111.5917859133333,6374.831511954109
1788080275,150,,Aggregated,44.000000,0.000000,82,110,150,170,220,300,440,540,890,1000,1100,23915,0,82,118.87376173335133,15.664862934499979,1111.5917859133333,6373.674263014845
1788080276,150,,Aggregated,43.700000,0.000000,82,110,150,170,220,300,440,540,890,1000,1100,23962,0,82,118.87197549705635,15.664862934499979,1111.5917859133333,6376.017026959353
1788080277,150,,Aggregated,43.900000,0.000000,82,110,150,170,220,300,440,540,890,1000,1100,24000,0,82,118.86471088734106,15.664862934499979,1111.5917859133333,6374.035208333334
1788080278,150,,Aggregated,43.600000,0.000000,82,110,150,170,220,300,440,540,880,1000,1100,24052,0,82,118.81040643706872,15.664862934499979,1111.5917859133333,6374.9035423249625
1788080279,150,,Aggregated,43.300000,0.000000,82,110,150,170,220,300,440,540,880,1000,1100,24089,0,82,118.76187196249697,15.664862934499979,1111.5917859133333,6373.325169164349
1788080280,150,,Aggregated,44.000000,0.000000,82,110,150,170,220,300,440,530,880,1000,1100,24135,0,82,118.82108914923839,15.664862934499979,1111.5917859133333,6374.227056142531
1788080281,150,,Aggregated,43.000000,0.000000,82,110,150,170,220,300,440,530,880,1000,1100,24167,0,82,118.78450376258479,15.664862934499979,1111.5917859133333,6374.33715397029
1788080282,150,,Aggregated,43.300000,0.000000,82,110,150,170,220,300,440,540,880,1000,1100,24213,0,82,118.88869413050567,15.664862934499979,1111.5917859133333,6375.1271217940775
1788080283,150,,Aggregated,42.400000,0.000000,82,110,150,170,220,300,440,540,880,1000,1100,24252,0,82,118.90644965147932,15.664862934499979,1111.5917859133333,6375.6677799769095
1788080284,150,,Aggregated,42.000000,0.000000,82,110,150,170,220,300,440,540,880,1000,1100,24295,0,82,118.86537512143325,15.664862934499979,1111.5917859133333,6373.45042189751
1788080285,150,,Aggregated,41.300000,0.000000,82,110,150,170,220,300,440,540,880,1000,1100,24333,0,82,118.8704720190209,15.664862934499979,1111.5917859133333,6370.7488595734185
1788080286,150,,Aggregated,41.500000,0.000000,82,110,150,170,220,300,440,540,880,1000,1100,24381,0,82,118.89572427880812,15.664862934499979,1111.5917859133333,6374.429965957098
1788080287,150,,Aggregated,41.100000,0.000000,82,110,150,170,220,300,440,530,880,1000,1100,24421,0,82,118.87033895361662,15.664862934499979,1111.5917859133333,6372.83243929405
1788080288,150,,Aggregated,41.700000,0.000000,82,110,150,170,220,300,440,530,880,1000,1100,24468,0,82,118.8738843188615,15.664862934499979,1111.5917859133333,6371.998978257316
1788080289,150,,Aggregated,41.300000,0.000000,82,110,150,170,220,300,440,530,880,1000,1100,24497,0,82,118.86674443583709,15.664862934499979,1111.5917859133333,6371.567947095563
1788080290,150,,Aggregated,41.600000,0.000000,82,110,150,170,220,300,440,530,880,1000,1100,24542,0,82,118.83730126724934,15.664862934499979,1111.5917859133333,6371.507456605003
1788080291,150,,Aggregated,40.700000,0.000000,82,110,150,170,220,300,440,530,880,1000,1100,24583,0,82,118.81490382080231,15.664862934499979,1111.5917859133333,6371.758532319082
1788080292,150,,Aggregated,39.800000,0.000000,82,110,150,170,220,300,440,530,880,1000,1100,24629,0,82,118.82201305436969,15.664862934499979,1111.5917859133333,6372.4062284299
1788080293,150,,Aggregated,40.600000,0.000000,82,110,150,170,220,300,440,530,880,1000,1100,24669,0,82,118.77395090869368,15.664862934499979,1111.5917859133333,6371.602132230735
1788080294,150,,Aggregated,41.400000,0.000000,82,110,150,170,220,300,440,530,880,1000,1100,24719,0,82,118.76476383757284,15.664862934499979,1111.5917859133333,6371.566001860917
1788080295,150,,Aggregated,41.200000,0.000000,82,110,150,170,220,300,440,530,880,1000,1100,24751,0,82,118.81105805512264,15.664862934499979,1111.5917859133333,6371.525554523049
1788080296,150,,Aggregated,41.700000,0.000000,82,110,150,170,220,300,440,530,880,1000,1100,24798,0,82,118.89295692376687,15.664862934499979,1111.5917859133333,6373.001532381643
1788080297,150,,Aggregated,41.600000,0.000000,82,110,150,170,220,300,440,530,880,1000,1100,24844,0,82,118.9065507911405,15.664862934499979,1111.5917859133333,6373.4644984704555
1788080298,150,,Aggregated,41.200000,0.000000,82,110,150,170,220,300,440,540,880,1000,1100,24886,0,82,118.94733098618374,15.664862934499979,1111.5917859133333,6372.7625572611105
1788080299,150,,Aggregated,41.100000,0.000000,82,110,150,170,220,300,440,540,880,1000,1100,24930,0,82,118.8962666315579,15.664862934499979,1111.5917859133333,6372.363096670678
1788080300,150,,Aggregated,41.400000,0.000000,82,110,150,170,220,300,440,540,880,1000,1100,24980,0,82,118.8705940313676,15.664862934499979,1111.5917859133333,6374.920216172938
1788080301,150,,Aggregated,42.300000,0.000000,82,110,150,170,220,300,440,530,880,1000,1100,25025,0,82,118.89837643286059,15.664862934499979,1111.5917859133333,6376.114365634366
1788080302,150,,Aggregated,43.300000,0.000000,82,110,150,170,220,300,440,530,880,1000,1100,25073,0,82,118.88620037807546,15.664862934499979,1111.5917859133333,6377.361624057751
1788080303,150,,Aggregated,43.100000,0.000000,82,110,150,170,220,300,440,530,880,1000,1100,25100,0,82,118.88833762017595,15.664862934499979,1111.5917859133333,6379.000916334661
1788080304,150,,Aggregated,43.600000,0.000000,82,110,150,170,220,300,440,530,880,1000,1100,25145,0,82,118.88722195054837,15.664862934499979,1111.5917859133333,6377.7451580831175
1788080305,150,,Aggregated,44.000000,0.000000,82,110,150,170,220,300,440,530,880,1000,1100,25189,0,82,118.85132609229213,15.664862934499979,1111.5917859133333,6378.434475366232
