Timestamp,User Count,Type,Name,Requests/s,Failures/s,50%,66%,75%,80%,90%,95%,98%,99%,99.9%,99.99%,100%,Total Request Count,Total Failure Count,Total Median Response Time,Total Average Response Time,Total Min Response Time,Total Max Response Time,Total Average Content Size
1788080512,0,,Aggregated,0.000000,0.000000,N/A,N/A,N/A,N/A,N/A,N/A,N/A,N/A,N/A,N/A,N/A,0,0,0,0.0,0,0,0
1788080513,5,,Aggregated,0.000000,0.000000,310,310,310,320,340,340,340,340,340,340,340,10,0,120.0,192.79801729135215,30.646621016785502,338.6057650204748,4069.9
1788080514,10,,Aggregated,0.000000,0.000000,310,310,330,330,330,340,340,340,340,340,340,18,0,300.0,208.88853101577195,30.646621016785502,338.6057650204748,5194.833333333333
1788080515,15,,Aggregated,0.000000,0.000000,310,320,330,330,330,340,340,340,340,340,340,27,0,310.0,209.98130612834186,30.646621016785502,338.6057650204748,4485.074074074074
1788080516,20,,Aggregated,5.000000,0.000000,310,330,330,340,350,380,390,390,390,390,390,35,0,310.0,219.12527053749986,30.646621016785502,391.74205902963877,3849.457142857143
1788080517,25,,Aggregated,6.000000,0.000000,160,320,330,330,350,380,390,390,390,390,390,51,0,160.0,201.16755868965652,30.646621016785502,391.74205902963877,4342.35294117647
1788080518,30,,Aggregated,6.750000,0.000000,160,320,330,330,340,370,390,390,390,390,390,64,0,160.0,198.78518202676787,30.646621016785502,391.74205902963877,4476.4375
1788080519,35,,Aggregated,7.000000,0.000000,170,320,330,340,350,370,390,390,390,390,390,78,0,160.0,200.27557730626984,30.646621016785502,391.74205902963877,4951.525641025641
1788080520,40,,Aggregated,8.833333,0.000000,200,330,330,340,370,390,540,540,540,540,540,97,0,200.0,209.91499585425962,23.8122649025172,540.8339169807732,4829.577319587629
1788080521,45,,Aggregated,9.142857,0.000000,160,320,330,340,370,380,410,540,540,540,540,115,0,160.0,200.50703545060495,23.8122649025172,540.8339169807732,4785.860869565217
1788080522,50,,Aggregated,9.875000,0.000000,150,320,330,340,370,380,410,540,540,540,540,137,0,150.0,192.99430019446532,23.8122649025172,540.8339169807732,5255.058394160584
1788080523,50,,Aggregated,11.000000,0.000000,130,310,330,340,360,380,390,540,540,540,540,152,0,130.0,181.81124236128343,23.8122649025172,540.8339169807732,5415.973684210527
1788080524,50,,Aggregated,11.500000,0.000000,110,220,330,330,350,380,390,540,540,540,540,165,0,110.0,174.22964898587176,23.8122649025172,540.8339169807732,5416.187878787879
1788080525,50,,Aggregated,13.700000,0.000000,120,220,320,330,350,380,410,540,540,540,540,184,0,120.0,174.86441069733067,23.8122649025172,540.8339169807732,5604.108695652174
1788080526,50,,Aggregated,14.200000,0.000000,120,200,320,330,350,380,410,540,540,540,540,197,0,120.0,172.61805168121373,23.8122649025172,540.8339169807732,5827.771573604061
1788080527,50,,Aggregated,14.800000,0.000000,110,190,310,330,350,380,390,430,540,540,540,210,0,110.0,169.45445365826822,23.8122649025172,540.8339169807732,5793.438095238095
1788080528,50,,Aggregated,15.700000,0.000000,110,180,310,330,350,370,390,430,540,540,540,222,0,110.0,165.10673965377782,23.8122649025172,540.8339169807732,5818.472972972973
1788080529,50,,Aggregated,16.200000,0.000000,110,180,310,320,350,370,390,430,540,540,540,231,0,110.0,162.03599799226856,23.8122649025172,540.8339169807732,5762.714285714285
1788080530,50,,Aggregated,15.800000,0.000000,96,170,300,320,350,370,390,430,540,540,540,245,0,96,157.75104455972965,23.8122649025172,540.8339169807732,5687.2
1788080531,50,,Aggregated,15.900000,0.000000,96,160,290,320,350,380,410,510,540,540,540,264,0,94,157.3161726798086,23.8122649025172,540.8339169807732,5742.541666666667
1788080532,50,,Aggregated,15.200000,0.000000,93,160,220,310,350,380,410,510,540,540,540,279,0,93,154.01333782781836,23.8122649025172,540.8339169807732,5692.1612903225805
1788080533,50,,Aggregated,14.800000,0.000000,93,160,200,310,340,370,410,510,540,540,540,289,0,93,152.86785876781238,23.8122649025172,540.8339169807732,5764.242214532872
1788080534,50,,Aggregated,14.900000,0.000000,92,150,200,310,340,370,410,510,540,540,540,297,0,92,150.92326367904215,23.8122649025172,540.8339169807732,5735.8249158249155
1788080535,50,,Aggregated,14.300000,0.000000,92,150,190,310,340,370,400,490,540,540,540,308,0,91,148.44892873706948,23.8122649025172,540.8339169807732,5695.87012987013
1788080536,50,,Aggregated,13.800000,0.000000,91,150,190,300,340,370,400,490,540,540,540,318,0,89,146.38948355326957,23.8122649025172,540.8339169807732,5733.411949685535
1788080537,50,,Aggregated,13.100000,0.000000,91,150,180,280,340,370,400,490,540,540,540,340,0,91,143.80327921552475,23.8122649025172,540.8339169807732,5763.864705882353
1788080538,50,,Aggregated,12.600000,0.000000,90,150,180,240,340,370,400,490,540,540,540,348,0,89,142.31904306724647,23.8122649025172,540.8339169807732,5863.666666666667
1788080539,50,,Aggregated,12.300000,0.000000,89,140,180,240,340,370,430,490,540,540,540,362,0,89,142.91078082828665,23.8122649025172,540.8339169807732,5965.883977900552
1788080540,50,,Aggregated,12.900000,0.000000,88,140,170,220,340,370,430,490,540,540,540,373,0,88,141.24338211736395,23.8122649025172,540.8339169807732,5961.922252010724
1788080541,50,,Aggregated,12.500000,0.000000,88,140,170,200,340,370,430,490,540,540,540,388,0,88,139.48338132798096,23.8122649025172,540.8339169807732,5971.182989690722
1788080542,50,,Aggregated,13.100000,0.000000,88,140,170,200,340,370,430,450,540,540,540,404,0,88,140.28120714142955,23.8122649025172,540.8339169807732,6084.732673267326
1788080544,50,,Aggregated,12.600000,0.000000,87,140,170,190,340,370,430,450,540,540,540,424,0,87,137.63014921305682,23.8122649025172,540.8339169807732,6047.641509433963
1788080545,50,,Aggregated,12.400000,0.000000,88,140,170,190,330,370,430,450,540,540,540,437,0,88,137.79381442670146,23.8122649025172,540.8339169807732,6093.544622425629
1788080546,50,,Aggregated,12.400000,0.000000,88,150,170,190,330,370,430,450,540,540,540,452,0,88,137.5785578944745,23.8122649025172,540.8339169807732,6087.327433628318
1788080547,50,,Aggregated,13.400000,0.000000,88,140,170,190,330,370,430,450,540,540,540,470,0,88,136.9634683065592,23.8122649025172,540.8339169807732,6202.557446808511
1788080548,50,,Aggregated,14.000000,0.000000,88,140,170,190,330,370,430,450,540,540,540,477,0,88,136.8883909800127,23.8122649025172,540.8339169807732,6227.637316561845
1788080549,50,,Aggregated,15.000000,0.000000,88,140,170,190,330,370,430,450,540,540,540,493,0,88,136.1844893304053,23.8122649025172,540.8339169807732,6196.156186612576
1788080550,50,,Aggregated,15.000000,0.000000,88,150,170,190,330,370,410,450,540,540,540,507,0,88,136.77981998716322,23.8122649025172,540.8339169807732,6210.905325443787
1788080551,50,,Aggregated,14.400000,0.000000,89,150,170,190,330,360,410,450,540,540,540,525,0,89,137.0663810929372,23.8122649025172,540.8339169807732,6212.424761904762
1788080552,50,,Aggregated,14.500000,0.000000,88,140,170,190,330,360,410,450,540,540,540,537,0,88,136.3105282674802,23.8122649025172,540.8339169807732,6200.696461824953
1788080553,50,,Aggregated,15.100000,0.000000,88,140,170,190,330,360,400,450,540,540,540,552,0,88,135.33371091530105,23.8122649025172,540.8339169807732,6263.882246376812
1788080554,50,,Aggregated,15.100000,0.000000,88,140,170,190,330,360,400,450,540,540,540,560,0,88,134.53305804744429,23.8122649025172,540.8339169807732,6246.521428571428
1788080555,50,,Aggregated,14.800000,0.000000,88,140,170,190,330,360,400,450,540,540,540,572,0,88,134.57090647889535,23.8122649025172,540.8339169807732,6252.4055944055945
1788080556,50,,Aggregated,14.700000,0.000000,88,140,170,190,330,360,400,450,540,540,540,588,0,88,134.38773187800774,23.8122649025172,540.8339169807732,6290.559523809524
1788080557,50,,Aggregated,13.500000,0.000000,88,140,170,190,330,360,410,450,540,540,540,606,0,88,134.3098973183779,23.8122649025172,540.8339169807732,6303.163366336634
1788080558,50,,Aggregated,13.600000,0.000000,88,140,170,190,330,360,410,450,540,540,540,620,0,88,133.90233106160116,23.8122649025172,540.8339169807732,6284.114516129032
1788080559,50,,Aggregated,13.400000,0.000000,88,140,160,190,330,360,410,450,540,540,540,637,0,88,133.50397713659288,23.8122649025172,540.8339169807732,6299.36420722135
1788080560,50,,Aggregated,14.100000,0.000000,88,140,160,190,320,350,410,450,540,540,540,650,0,87,132.70479746592733,23.8122649025172,540.8339169807732,6306.161538461539
1788080561,50,,Aggregated,14.100000,0.000000,87,140,160,180,320,350,400,450,540,540,540,667,0,87,131.53242574609547,23.8122649025172,540.8339169807732,6342.427286356821
1788080562,50,,Aggregated,14.400000,0.000000,87,140,160,180,320,350,400,450,540,540,540,675,0,87,131.87044315902446,23.8122649025172,540.8339169807732,6362.004444444445
1788080563,50,,Aggregated,14.300000,0.000000,88,140,160,180,320,350,400,450,540,540,540,690,0,88,131.66134268133158,23.8122649025172,540.8339169807732,6361.126086956522
1788080564,50,,Aggregated,13.900000,0.000000,88,140,160,190,320,350,410,450,540,540,540,708,0,88,132.65112428439224,23.8122649025172,540.8339169807732,6390.9816384180795
1788080565,50,,Aggregated,13.800000,0.000000,88,140,160,180,320,350,410,450,540,540,540,719,0,88,132.31390479256518,23.8122649025172,540.8339169807732,6375.0
1788080566,50,,Aggregated,14.600000,0.000000,88,140,160,180,320,350,410,450,540,540,540,737,0,88,132.23717801191995,23.8122649025172,540.8339169807732,6384.210312075984
1788080567,50,,Aggregated,14.600000,0.000000,88,140,170,190,320,350,400,450,540,540,540,756,0,88,131.72908355118508,23.8122649025172,540.8339169807732,6342.179894179894
1788080568,50,,Aggregated,14.800000,0.000000,88,140,170,190,320,350,430,460,640,640,640,772,0,88,132.9473471854104,23.8122649025172,635.9372299630195,6356.20725388601
1788080569,50,,Aggregated,14.800000,0.000000,89,140,170,190,320,350,430,460,640,640,640,781,0,89,132.72782551034064,23.8122649025172,635.9372299630195,6367.971830985915
1788080570,50,,Aggregated,15.300000,0.000000,89,140,170,190,310,350,430,460,640,640,640,799,0,89,132.40182187579555,23.8122649025172,635.9372299630195,6399.329161451815
1788080571,50,,Aggregated,14.500000,0.000000,89,140,170,190,310,350,410,450,640,640,640,813,0,89,132.02098263416158,23.8122649025172,635.9372299630195,6438.246002460025
1788080572,50,,Aggregated,14.600000,0.000000,89,140,170,180,310,350,410,450,640,640,640,829,0,89,131.65727129039794,23.8122649025172,635.9372299630195,6431.381182147165
1788080573,50,,Aggregated,14.300000,0.000000,89,140,170,180,310,350,410,450,640,640,640,845,0,89,131.66905041954882,23.8122649025172,635.9372299630195,6458.1029585798815
1788080574,50,,Aggregated,15.100000,0.000000,89,140,170,180,310,350,400,450,640,640,640,858,0,88,130.84744083551834,23.8122649025172,635.9372299630195,6413.047785547786
1788080575,50,,Aggregated,15.400000,0.000000,89,140,170,180,310,350,400,450,640,640,640,872,0,89,130.59640438413385,23.8122649025172,635.9372299630195,6390.548165137615
1788080576,50,,Aggregated,14.900000,0.000000,89,140,170,180,310,350,400,450,640,640,640,889,0,89,131.06083351159123,23.8122649025172,635.9372299630195,6407.259842519685
1788080577,50,,Aggregated,15.100000,0.000000,89,140,170,180,310,350,400,450,640,640,640,899,0,89,130.84752596003128,23.8122649025172,635.9372299630195,6411.124582869856
1788080578,50,,Aggregated,14.700000,0.000000,89,140,170,180,310,350,430,470,640,640,640,909,0,89,131.94129378683414,23.8122649025172,635.9372299630195,6433.57095709571
1788080579,50,,Aggregated,14.600000,0.000000,90,140,170,180,310,350,430,470,640,640,640,922,0,89,131.80539103925892,23.8122649025172,635.9372299630195,6436.2668112798265
1788080580,50,,Aggregated,13.700000,0.000000,90,140,170,180,310,350,430,470,640,640,640,947,0,90,132.15044778088205,23.8122649025172,635.9372299630195,6457.438225976769
1788080581,50,,Aggregated,13.800000,0.000000,90,140,170,180,310,350,410,470,640,640,640,958,0,90,131.89359445179306,23.8122649025172,635.9372299630195,6462.453027139874
1788080582,50,,Aggregated,13.800000,0.000000,90,150,170,190,310,350,430,470,640,640,640,969,0,90,133.6604583973855,23.8122649025172,635.9372299630195,6519.920536635707
1788080583,50,,Aggregated,14.600000,0.000000,90,150,170,190,310,350,430,470,640,640,640,978,0,90,133.1789468699335,23.8122649025172,635.9372299630195,6492.883435582822
1788080584,50,,Aggregated,14.300000,0.000000,90,140,170,190,310,350,430,470,640,640,640,998,0,90,132.32940099344876,23.8122649025172,635.9372299630195,6440.600200400801
1788080585,50,,Aggregated,13.100000,0.000000,89,140,170,190,300,350,430,470,560,640,640,1015,0,89,132.0412457870145,23.8122649025172,635.9372299630195,6418.771428571428
1788080586,50,,Aggregated,13.900000,0.000000,89,140,170,180,300,350,430,470,560,640,640,1026,0,89,131.25856605233156,23.8122649025172,635.9372299630195,6387.253411306043
1788080587,50,,Aggregated,14.100000,0.000000,89,140,170,180,300,350,430,470,560,640,640,1036,0,89,131.14600114836304,23.8122649025172,635.9372299630195,6400.875482625483
1788080588,50,,Aggregated,14.000000,0.000000,89,140,170,190,300,350,430,490,570,640,640,1051,0,89,132.22716973060398,23.8122649025172,635.9372299630195,6384.635585156993
1788080589,50,,Aggregated,13.700000,0.000000,89,140,170,180,300,350,430,490,570,640,640,1067,0,89,131.74171814382524,23.8122649025172,635.9372299630195,6388.764761012184
1788080590,50,,Aggregated,13.500000,0.000000,88,140,170,180,300,350,430,490,570,640,640,1079,0,88,131.11868144515333,23.8122649025172,635.9372299630195,6400.856348470807
1788080591,50,,Aggregated,14.300000,0.000000,88,140,170,180,300,350,430,490,570,640,640,1093,0,88,130.89412442099197,23.8122649025172,635.9372299630195,6438.161024702653
1788080592,50,,Aggregated,12.800000,0.000000,88,140,170,180,300,350,430,470,570,640,640,1108,0,88,130.17886596738566,23.8122649025172,635.9372299630195,6425.246389891697
1788080593,50,,Aggregated,13.100000,0.000000,88,140,170,180,300,350,430,470,570,640,640,1124,0,88,130.57558793757687,23.8122649025172,635.9372299630195,6479.860320284697
1788080594,50,,Aggregated,13.400000,0.000000,88,140,170,180,300,350,430,490,570,640,640,1139,0,88,131.118382965652,23.8122649025172,635.9372299630195,6455.770851624232
1788080595,50,,Aggregated,14.600000,0.000000,88,140,170,180,300,350,430,490,570,640,640,1153,0,88,130.7440212655551,23.8122649025172,635.9372299630195,6472.516912402429
1788080596,50,,Aggregated,14.000000,0.000000,88,140,170,180,290,350,430,490,570,640,640,1165,0,88,130.1828334129979,23.8122649025172,635.9372299630195,6452.612017167382
1788080597,50,,Aggregated,13.700000,0.000000,88,140,170,180,290,350,430,490,570,640,640,1176,0,88,130.0741318008644,23.8122649025172,635.9372299630195,6469.149659863946
1788080598,50,,Aggregated,13.900000,0.000000,88,140,170,180,290,350,430,490,570,640,640,1194,0,87,129.6758458396214,23.8122649025172,635.9372299630195,6452.913735343383
1788080599,50,,Aggregated,13.600000,0.000000,88,140,170,180,280,350,430,490,570,640,640,1213,0,88,129.61159417922443,23.8122649025172,635.9372299630195,6477.9455894476505
1788080600,50,,Aggregated,14.500000,0.000000,88,140,170,180,280,340,430,490,570,640,640,1231,0,88,129.45217759897713,23.8122649025172,635.9372299630195,6473.708367181153
1788080601,50,,Aggregated,14.900000,0.000000,88,140,170,180,280,340,430,490,570,640,640,1241,0,88,129.11728964754553,23.8122649025172,635.9372299630195,6464.058017727639
1788080602,50,,Aggregated,15.000000,0.000000,88,140,170,180,280,340,420,490,570,640,640,1256,0,88,129.00030311415043,23.8122649025172,635.9372299630195,6469.287420382166
1788080603,50,,Aggregated,15.300000,0.000000,88,140,160,180,280,340,420,490,570,640,640,1267,0,88,128.7331361242371,23.8122649025172,635.9372299630195,6461.659826361484
1788080604,50,,Aggregated,14.700000,0.000000,88,140,160,180,280,340,420,490,570,640,640,1282,0,88,128.31021375066416,23.8122649025172,635.9372299630195,6464.758970358815
1788080605,50,,Aggregated,14.500000,0.000000,88,130,160,180,280,340,420,490,570,640,640,1299,0,88,127.92059574333565,23.8122649025172,635.9372299630195,6478.371054657428
1788080606,50,,Aggregated,14.500000,0.000000,88,130,160,180,280,340,430,470,570,640,640,1312,0,88,128.20944890149914,23.8122649025172,635.9372299630195,6465.80868902439
1788080607,50,,Aggregated,14.700000,0.000000,87,130,160,180,280,340,430,470,570,640,640,1329,0,87,127.67623367185367,23.8122649025172,635.9372299630195,6455.373965387509
1788080608,50,,Aggregated,14.500000,0.000000,87,130,160,180,270,340,430,470,570,640,640,1344,0,87,127.39196555533756,23.8122649025172,635.9372299630195,6451.108630952381
1788080609,50,,Aggregated,15.200000,0.000000,87,130,160,180,270,340,420,470,570,640,640,1360,0,87,126.9479901635992,23.8122649025172,635.9372299630195,6445.392647058824
1788080610,50,,Aggregated,15.000000,0.000000,87,130,160,170,270,340,420,470,570,640,640,1378,0,87,126.56735577073127,23.8122649025172,635.9372299630195,6429.142235123367
1788080611,50,,Aggregated,13.900000,0.000000,87,130,160,170,270,340,420,470,570,640,640,1388,0,87,126.25285085865701,23.8122649025172,635.9372299630195,6414.010806916426
1788080612,50,,Aggregated,14.800000,0.000000,87,130,160,180,270,340,410,470,570,640,640,1401,0,87,126.52923264238268,23.8122649025172,635.9372299630195,6405.049250535332
1788080613,50,,Aggregated,14.400000,0.000000,87,130,160,180,270,340,410,470,570,640,640,1414,0,87,126.33163269175824,23.8122649025172,635.9372299630195,6402.8323903818955
1788080614,50,,Aggregated,14.800000,0.000000,87,130,160,170,260,340,410,470,570,640,640,1433,0,87,125.7432864895071,23.8122649025172,635.9372299630195,6380.041172365666
1788080615,50,,Aggregated,14.200000,0.000000,87,130,160,170,260,340,410,470,570,640,640,1442,0,87,125.66638092934083,23.8122649025172,635.9372299630195,6379.217753120665
1788080616,50,,Aggregated,14.500000,0.000000,87,130,160,170,260,340,410,470,570,640,640,1457,0,87,126.00895899808827,23.8122649025172,635.9372299630195,6377.128345916266
1788080617,50,,Aggregated,14.400000,0.000000,87,130,160,170,260,340,410,470,570,640,640,1470,0,87,125.80799689757175,23.8122649025172,635.9372299630195,6376.08231292517
1788080618,50,,Aggregated,14.400000,0.000000,87,130,160,170,260,340,410,470,570,640,640,1480,0,87,125.55548147600446,23.8122649025172,635.9372299630195,6369.139864864865
1788080619,50,,Aggregated,14.000000,0.000000,87,130,160,180,270,340,420,470,570,640,640,1500,0,87,126.72281603918721,23.8122649025172,635.9372299630195,6351.829333333333
1788080620,50,,Aggregated,14.000000,0.000000,87,130,160,170,270,340,410,470,570,640,640,1514,0,87,126.41215233284183,23.8122649025172,635.9372299630195,6344.511889035667
1788080621,50,,Aggregated,14.300000,0.000000,87,130,160,170,270,340,410,470,570,640,640,1528,0,87,126.12155387092733,23.8122649025172,635.9372299630195,6325.173429319371
1788080622,50,,Aggregated,13.300000,0.000000,87,130,160,170,270,340,430,490,590,640,640,1546,0,87,126.85405778145011,23.8122649025172,635.9372299630195,6345.849288486416
1788080623,50,,Aggregated,14.300000,0.000000,87,130,160,170,270,340,420,490,590,640,640,1552,0,87,126.75757636346124,23.8122649025172,635.9372299630195,6346.0122422680415
1788080624,50,,Aggregated,13.900000,0.000000,87,130,160,170,270,340,430,490,590,640,640,1577,0,87,126.858332037445,23.8122649025172,635.9372299630195,6333.244134432467
1788080625,50,,Aggregated,14.100000,0.000000,87,130,160,180,270,340,430,490,590,640,640,1583,0,87,126.95381860763531,23.8122649025172,635.9372299630195,6342.706253948199
1788080626,50,,Aggregated,14.100000,0.000000,87,130,160,180,270,340,430,510,590,640,640,1599,0,87,127.52040059540451,23.8122649025172,635.9372299630195,6338.488430268918
1788080627,50,,Aggregated,14.400000,0.000000,87,130,160,180,270,340,430,490,590,640,640,1609,0,87,127.41888907820223,23.8122649025172,635.9372299630195,6358.948415164698
1788080628,50,,Aggregated,14.000000,0.000000,87,130,160,180,270,340,430,490,590,640,640,1621,0,87,127.30250538086644,23.8122649025172,635.9372299630195,6363.73658235657
1788080629,50,,Aggregated,14.200000,0.000000,87,130,160,180,270,340,430,490,590,640,640,1641,0,87,127.15510558847754,23.8122649025172,635.9372299630195,6353.191346739793
1788080630,50,,Aggregated,13.700000,0.000000,87,130,160,170,270,340,420,490,590,640,640,1652,0,87,126.98796239019694,23.8122649025172,635.9372299630195,6376.713075060533
1788080631,50,,Aggregated,13.700000,0.000000,87,130,160,170,260,340,420,490,590,640,640,1665,0,87,127.02826728174524,23.8122649025172,635.9372299630195,6381.693693693694
1788080632,50,,Aggregated,14.000000,0.000000,87,130,160,170,260,340,420,490,590,640,640,1678,0,87,126.76719199026311,23.8122649025172,635.9372299630195,6374.376638855781
1788080633,50,,Aggregated,12.800000,0.000000,87,130,160,170,260,340,420,490,590,640,640,1692,0,87,126.36201137409327,23.8122649025172,635.9372299630195,6371.83865248227
1788080634,50,,Aggregated,13.500000,0.000000,87,130,160,170,260,340,420,490,590,640,640,1705,0,87,126.6007099998432,23.8122649025172,635.9372299630195,6385.646920821115
1788080635,50,,Aggregated,13.600000,0.000000,87,130,160,170,260,340,420,490,590,640,640,1714,0,87,126.45765576433378,23.8122649025172,635.9372299630195,6390.95682613769
1788080636,50,,Aggregated,13.500000,0.000000,87,130,160,170,260,340,430,510,590,640,640,1738,0,87,126.86912447492237,23.8122649025172,635.9372299630195,6389.617376294592
1788080637,50,,Aggregated,12.900000,0.000000,87,130,160,170,260,340,420,510,590,640,640,1751,0,87,126.60990852244551,23.8122649025172,635.9372299630195,6387.462592804112
1788080638,50,,Aggregated,13.200000,0.000000,87,130,160,170,260,340,420,510,590,640,640,1765,0,87,126.46494384752138,23.8122649025172,635.9372299630195,6393.277053824362
1788080639,50,,Aggregated,13.400000,0.000000,87,130,160,170,260,340,420,510,590,640,640,1777,0,87,126.32221429761799,23.8122649025172,635.9372299630195,6385.232976927406
1788080640,50,,Aggregated,14.200000,0.000000,87,130,160,170,260,340,420,510,590,640,640,1790,0,87,126.12270053941756,23.8122649025172,635.9372299630195,6383.864804469274
1788080641,50,,Aggregated,14.300000,0.000000,87,130,160,170,250,340,420,490,590,640,640,1803,0,87,125.90373654400953,23.8122649025172,635.9372299630195,6376.482529118137
1788080642,50,,Aggregated,13.700000,0.000000,87,130,160,170,260,340,430,500,590,640,640,1821,0,87,126.45739178533294,23.8122649025172,635.9372299630195,6382.7655134541465
1788080643,50,,Aggregated,14.400000,0.000000,88,130,160,170,260,340,430,500,590,640,640,1840,0,87,126.82367840759031,23.8122649025172,635.9372299630195,6399.258152173913
1788080644,50,,Aggregated,13.700000,0.000000,87,130,160,170,260,340,430,500,590,640,640,1854,0,87,126.63970347943474,23.8122649025172,635.9372299630195,6407.887270765911
1788080645,50,,Aggregated,14.700000,0.000000,88,130,160,170,260,340,430,500,590,640,640,1870,0,88,126.81350422759147,23.8122649025172,635.9372299630195,6407.3598930481285
1788080646,50,,Aggregated,14.600000,0.000000,88,130,160,170,260,340,430,500,590,640,640,1877,0,88,126.70929172794747,23.8122649025172,635.9372299630195,6404.53862546617
1788080647,50,,Aggregated,14.900000,0.000000,88,130,160,170,260,340,430,500,590,640,640,1895,0,88,126.40779935840841,23.605282185599208,635.9372299630195,6399.3387862796835
1788080648,50,,Aggregated,15.000000,0.000000,87,130,160,170,250,340,420,490,590,640,640,1907,0,87,126.22427320699722,23.605282185599208,635.9372299630195,6400.799160985842
1788080649,50,,Aggregated,15.000000,0.000000,87,130,160,170,250,340,420,490,590,640,640,1926,0,87,125.88978574204096,23.605282185599208,635.9372299630195,6398.472481827622
1788080650,50,,Aggregated,14.200000,0.000000,87,130,160,170,250,340,420,490,590,640,640,1937,0,87,125.92745441729448,23.605282185599208,635.9372299630195,6406.294269488901
1788080651,50,,Aggregated,14.200000,0.000000,87,130,160,170,250,340,420,490,590,640,640,1955,0,87,125.72661296707456,23.605282185599208,635.9372299630195,6413.681841432225
1788080652,50,,Aggregated,14.700000,0.000000,87,130,160,170,250,340,420,490,590,640,640,1960,0,87,125.57096623159869,23.605282185599208,635.9372299630195,6403.567857142857
1788080653,50,,Aggregated,14.400000,0.000000,87,130,160,170,250,340,420,490,590,640,640,1979,0,87,125.55957438274578,23.605282185599208,635.9372299630195,6413.088428499242
1788080654,50,,Aggregated,14.800000,0.000000,87,130,160,170,250,340,420,490,590,640,640,1997,0,87,125.31511648966146,23.605282185599208,635.9372299630195,6397.50075112669
1788080655,50,,Aggregated,13.600000,0.000000,87,130,160,170,250,340,420,490,580,640,640,2010,0,87,125.20041701624828,23.605282185599208,635.9372299630195,6396.822388059702
1788080656,50,,Aggregated,13.500000,0.000000,87,130,160,170,250,340,420,490,580,640,640,2017,0,87,125.10926986850122,23.605282185599208,635.9372299630195,6393.828953891919
1788080657,50,,Aggregated,13.900000,0.000000,88,130,160,170,250,340,430,510,640,810,810,2039,0,88,126.99867156322803,23.605282185599208,811.4535370841622,6393.066699362433
1788080658,50,,Aggregated,13.900000,0.000000,88,130,160,170,250,340,430,510,640,810,810,2049,0,88,126.83590257148545,23.605282185599208,811.4535370841622,6390.522205954124
1788080659,50,,Aggregated,13.800000,0.000000,87,130,160,170,250,340,430,510,640,810,810,2055,0,87,126.71396258398165,23.605282185599208,811.4535370841622,6381.542092457421
1788080660,50,,Aggregated,14.100000,0.000000,87,130,160,170,250,340,430,510,640,810,810,2073,0,87,126.48481821813843,23.605282185599208,811.4535370841622,6377.048721659431
1788080661,50,,Aggregated,13.500000,0.000000,88,130,160,170,250,340,430,510,640,810,810,2084,0,87,126.37911654033228,23.605282185599208,811.4535370841622,6391.927543186181
1788080662,50,,Aggregated,13.100000,0.000000,87,130,160,170,250,340,430,510,640,810,810,2100,0,87,126.30100730496149,23.605282185599208,811.4535370841622,6392.91619047619
1788080663,50,,Aggregated,13.600000,0.000000,87,130,160,170,250,340,430,510,640,810,810,2109,0,87,126.20653061387418,23.605282185599208,811.4535370841622,6402.54528212423
1788080664,50,,Aggregated,12.900000,0.000000,87,130,160,170,250,340,430,510,640,810,810,2125,0,87,126.74505715028329,23.605282185599208,811.4535370841622,6400.558117647059
1788080665,50,,Aggregated,13.500000,0.000000,87,130,160,170,250,340,430,510,640,810,810,2144,0,87,126.62431345624873,23.605282185599208,811.4535370841622,6391.202425373134
1788080666,50,,Aggregated,13.200000,0.000000,88,130,160,170,260,340,450,520,820,910,910,2157,0,88,128.1501025956264,23.605282185599208,906.4008300192654,6401.570700046361
1788080667,50,,Aggregated,13.500000,0.000000,88,130,160,170,250,340,450,520,820,910,910,2170,0,88,127.89846047252622,23.605282185599208,906.4008300192654,6409.515207373272
1788080668,50,,Aggregated,13.300000,0.000000,88,130,160,170,250,340,450,520,820,910,910,2186,0,88,127.82898216107,23.605282185599208,906.4008300192654,6409.975297346752
1788080669,50,,Aggregated,13.600000,0.000000,88,130,160,170,250,340,450,520,820,910,910,2196,0,88,127.74632047210397,23.605282185599208,906.4008300192654,6408.972677595629
1788080670,50,,Aggregated,13.300000,0.000000,88,130,160,170,250,340,440,520,820,910,910,2211,0,88,127.50334562158801,23.605282185599208,906.4008300192654,6417.58842152872
1788080671,50,,Aggregated,13.900000,0.000000,88,130,160,170,250,340,440,520,820,910,910,2223,0,88,127.41993615270546,23.605282185599208,906.4008300192654,6422.61853351327
1788080672,50,,Aggregated,13.800000,0.000000,88,130,160,170,250,340,450,520,820,910,910,2239,0,88,127.73231670995422,23.605282185599208,906.4008300192654,6426.647163912461
1788080673,50,,Aggregated,13.500000,0.000000,87,130,160,170,250,340,450,520,820,910,910,2255,0,87,127.4068652950599,23.605282185599208,906.4008300192654,6405.229268292683
1788080674,50,,Aggregated,13.900000,0.000000,87,130,160,170,250,340,450,520,820,910,910,2271,0,87,127.1415585552546,23.605282185599208,906.4008300192654,6413.819462791722
1788080675,50,,Aggregated,14.000000,0.000000,87,130,160,170,250,340,450,520,820,910,910,2285,0,87,126.92076438340956,23.605282185599208,906.4008300192654,6416.57943107221
1788080676,50,,Aggregated,14.300000,0.000000,88,130,160,170,250,340,440,520,820,910,910,2302,0,88,126.91742186774407,23.605282185599208,906.4008300192654,6437.82493483927
1788080677,50,,Aggregated,13.900000,0.000000,88,130,160,170,250,340,440,520,820,910,910,2310,0,88,126.91158351077178,23.605282185599208,906.4008300192654,6442.625974025974
1788080678,50,,Aggregated,14.300000,0.000000,87,120,160,170,250,340,440,520,820,910,910,2328,0,87,126.56082016629122,23.605282185599208,906.4008300192654,6429.8857388316155
1788080679,50,,Aggregated,13.900000,0.000000,87,120,160,170,250,340,440,520,820,910,910,2339,0,87,126.45158065162845,23.605282185599208,906.4008300192654,6426.897819581018
1788080680,50,,Aggregated,14.100000,0.000000,87,120,160,170,250,340,430,520,820,910,910,2359,0,87,126.13836122546843,23.605282185599208,906.4008300192654,6418.324713861806
1788080681,50,,Aggregated,14.000000,0.000000,87,120,160,170,250,340,430,520,820,910,910,2369,0,87,125.87610783378577,23.605282185599208,906.4008300192654,6407.900379907134
1788080682,50,,Aggregated,14.200000,0.000000,87,120,160,170,250,340,430,520,820,910,910,2385,0,87,125.62585750573258,23.605282185599208,906.4008300192654,6408.971488469601
1788080683,50,,Aggregated,14.500000,0.000000,87,120,160,170,250,340,430,520,820,910,910,2400,0,87,125.41162004539122,23.605282185599208,906.4008300192654,6411.23
1788080684,50,,Aggregated,14.700000,0.000000,87,120,160,170,250,340,440,520,820,910,910,2417,0,87,125.6538666416781,23.605282185599208,906.4008300192654,6416.828713280926
1788080685,50,,Aggregated,14.700000,0.000000,87,120,160,170,250,340,440,520,820,910,910,2428,0,87,125.5411821581681,23.605282185599208,906.4008300192654,6421.063838550247
1788080686,50,,Aggregated,14.400000,0.000000,87,120,160,170,240,340,440,520,820,910,910,2444,0,87,125.31316785628445,23.605282185599208,906.4008300192654,6413.734451718495
1788080687,50,,Aggregated,14.400000,0.000000,87,120,160,170,240,340,430,520,820,910,910,2463,0,87,125.37143735634409,23.605282185599208,906.4008300192654,6420.995533901746
1788080688,50,,Aggregated,14.100000,0.000000,87,120,160,170,240,340,430,520,820,910,910,2481,0,87,125.42347044005302,23.605282185599208,906.4008300192654,6423.643288996373
1788080689,50,,Aggregated,14.500000,0.000000,87,120,160,170,240,340,430,520,820,910,910,2496,0,87,125.21590695345927,23.605282185599208,906.4008300192654,6422.035657051282
1788080690,50,,Aggregated,15.000000,0.000000,87,120,160,170,240,340,430,520,820,910,910,2511,0,87,124.93679312709459,23.605282185599208,906.4008300192654,6411.5479888490645
1788080691,50,,Aggregated,15.300000,0.000000,87,120,160,170,240,340,430,520,820,910,910,2523,0,87,124.96476254532622,23.605282185599208,906.4008300192654,6399.378517637733
1788080692,50,,Aggregated,15.700000,0.000000,87,120,160,170,250,340,450,530,880,910,910,2541,0,87,126.22442813234646,23.605282185599208,906.4008300192654,6416.399842581661
1788080693,50,,Aggregated,15.300000,0.000000,87,120,160,170,250,340,450,530,880,910,910,2549,0,87,126.1253363163115,23.605282185599208,906.4008300192654,6416.659081992939
1788080694,50,,Aggregated,15.300000,0.000000,87,120,160,170,240,340,450,530,880,910,910,2564,0,87,126.01053538812505,23.605282185599208,906.4008300192654,6418.404446177847
1788080695,50,,Aggregated,15.200000,0.000000,87,120,160,170,240,340,450,530,880,910,910,2583,0,87,125.79883823571117,23.605282185599208,906.4008300192654,6411.38443670151
1788080696,50,,Aggregated,15.000000,0.000000,87,120,160,170,240,340,450,530,880,910,910,2597,0,87,125.58097309283382,23.605282185599208,906.4008300192654,6414.702733923758
1788080697,50,,Aggregated,14.800000,0.000000,87,120,160,170,240,340,450,530,880,910,910,2609,0,87,125.35543608575226,23.605282185599208,906.4008300192654,6403.637408968953
1788080699,50,,Aggregated,15.100000,0.000000,87,120,160,170,250,340,450,540,880,910,910,2627,0,87,126.08892672169112,23.605282185599208,906.4008300192654,6414.7072706509325
1788080700,50,,Aggregated,15.100000,0.000000,87,120,160,170,240,340,450,540,880,910,910,2640,0,87,125.95619543492582,23.605282185599208,906.4008300192654,6419.45606060606
1788080701,50,,Aggregated,14.500000,0.000000,87,120,160,170,240,340,450,540,880,910,910,2658,0,87,126.06308565974695,23.605282185599208,906.4008300192654,6405.288562829195
1788080702,50,,Aggregated,14.400000,0.000000,87,120,160,170,250,340,450,540,880,910,910,2670,0,87,125.96858463900631,18.863962031900883,906.4008300192654,6405.721722846442
1788080703,50,,Aggregated,14.300000,0.000000,87,120,160,170,240,340,450,540,880,910,910,2689,0,87,125.69266296704963,18.863962031900883,906.4008300192654,6393.29899590926
1788080704,50,,Aggregated,14.600000,0.000000,87,120,160,170,240,340,450,540,880,910,910,2699,0,87,125.56642274813613,18.863962031900883,906.4008300192654,6395.5483512412
1788080705,50,,Aggregated,14.500000,0.000000,87,120,160,170,240,340,450,530,880,910,910,2714,0,87,125.36156991381382,18.863962031900883,906.4008300192654,6388.983787767133
1788080706,50,,Aggregated,14.800000,0.000000,87,120,160,170,240,340,450,530,880,910,910,2731,0,87,125.16226656533742,18.863962031900883,906.4008300192654,6383.982424020505
1788080707,50,,Aggregated,14.900000,0.000000,87,120,160,170,240,340,450,530,880,910,910,2744,0,87,124.92522309261372,18.863962031900883,906.4008300192654,6372.494897959184
1788080708,50,,Aggregated,14.700000,0.000000,87,120,160,170,240,340,450,530,880,910,910,2758,0,87,124.98188073967366,18.863962031900883,906.4008300192654,6377.436910804931
1788080709,50,,Aggregated,14.700000,0.000000,87,120,160,170,240,340,450,540,880,910,910,2771,0,87,125.41695117208675,18.863962031900883,906.4008300192654,6385.407795019848
1788080710,50,,Aggregated,14.800000,0.000000,87,120,160,170,240,340,450,540,880,910,910,2791,0,87,125.19625255303136,18.863962031900883,906.4008300192654,6375.698316015765
1788080711,50,,Aggregated,14.500000,0.000000,87,120,160,170,240,340,450,540,880,910,910,2799,0,87,125.16741883154411,18.863962031900883,906.4008300192654,6382.953554841015
1788080712,50,,Aggregated,14.900000,0.000000,87,120,160,170,240,340,450,540,880,910,910,2812,0,87,125.24221045027022,18.863962031900883,906.4008300192654,6381.758890469417
1788080713,50,,Aggregated,14.000000,0.000000,87,120,160,170,240,340,450,540,880,910,910,2819,0,87,125.13287638597528,18.863962031900883,906.4008300192654,6382.811635331678
1788080714,50,,Aggregated,14.000000,0.000000,87,120,160,170,240,340,450,540,880,910,910,2833,0,87,124.95440701098354,18.863962031900883,906.4008300192654,6372.916696081892
1788080715,50,,Aggregated,12.900000,0.000000,87,120,160,170,240,340,450,540,880,910,910,2847,0,87,125.11571247333777,18.863962031900883,906.4008300192654,6368.133473832104
1788080716,50,,Aggregated,13.300000,0.000000,87,120,160,170,240,340,450,540,880,910,910,2865,0,87,125.09856714979205,18.863962031900883,906.4008300192654,6365.274694589878
1788080717,50,,Aggregated,13.200000,0.000000,87,120,160,170,240,340,450,540,880,910,910,2879,0,87,125.05449225479745,18.863962031900883,906.4008300192654,6379.081972907259
1788080718,50,,Aggregated,13.000000,0.000000,87,120,160,170,240,340,450,540,880,910,910,2891,0,87,125.04628183365587,18.863962031900883,906.4008300192654,6372.156001383604
1788080719,50,,Aggregated,13.400000,0.000000,87,120,160,170,240,340,460,540,880,910,910,2908,0,87,125.85146151307876,18.863962031900883,906.4008300192654,6373.575997248969
1788080720,50,,Aggregated,13.100000,0.000000,87,120,160,170,240,340,460,540,880,910,910,2920,0,87,125.78297663808559,18.863962031900883,906.4008300192654,6372.908219178083
1788080721,50,,Aggregated,13.400000,0.000000,87,120,160,170,240,340,460,540,880,910,910,2932,0,87,125.62816442066034,18.863962031900883,906.4008300192654,6364.369372442019
1788080722,50,,Aggregated,13.000000,0.000000,87,120,160,170,240,340,460,540,880,910,910,2948,0,87,126.04269232757937,18.863962031900883,906.4008300192654,6373.0071234735415
1788080723,50,,Aggregated,13.200000,0.000000,87,120,160,170,240,340,460,540,880,910,910,2959,0,87,126.02465201649864,18.863962031900883,906.4008300192654,6371.894896924637
1788080724,50,,Aggregated,13.400000,0.000000,87,120,160,170,240,340,460,540,880,910,910,2970,0,87,125.9008065120063,18.863962031900883,906.4008300192654,6363.945454545455
1788080725,50,,Aggregated,13.900000,0.000000,87,120,160,170,240,340,460,540,880,910,910,2981,0,87,125.81584294579976,18.863962031900883,906.4008300192654,6361.761489433076
1788080726,50,,Aggregated,13.700000,0.000000,87,120,160,170,250,340,470,560,890,920,920,3003,0,87,126.87414977777051,18.863962031900883,921.2175130378455,6368.160839160839
1788080727,50,,Aggregated,13.200000,0.000000,87,120,160,170,240,340,470,560,890,920,920,3014,0,87,126.74781684371301,18.863962031900883,921.2175130378455,6370.50398142004
1788080728,50,,Aggregated,14.000000,0.000000,87,120,160,170,250,340,470,560,890,920,920,3025,0,87,127.15947503370256,18.863962031900883,921.2175130378455,6368.392396694215
1788080729,50,,Aggregated,13.200000,0.000000,87,120,160,170,250,340,470,560,890,920,920,3041,0,87,127.10018044811407,18.863962031900883,921.2175130378455,6358.885563959224
1788080730,50,,Aggregated,13.600000,0.000000,87,120,160,170,250,340,470,560,890,920,920,3055,0,87,126.90981414653788,18.863962031900883,921.2175130378455,6350.160065466448
1788080731,50,,Aggregated,13.400000,0.000000,87,120,160,170,250,340,470,560,890,920,920,3066,0,87,126.87731515667818,18.863962031900883,921.2175130378455,6349.186888454012
1788080732,50,,Aggregated,13.000000,0.000000,87,120,160,170,250,340,470,560,890,920,920,3083,0,87,126.83170112648914,18.863962031900883,921.2175130378455,6348.26889393448
1788080733,50,,Aggregated,13.300000,0.000000,87,120,160,170,250,340,470,560,890,920,920,3100,0,87,126.55713712451079,18.863962031900883,921.2175130378455,6334.648709677419
1788080734,50,,Aggregated,13.100000,0.000000,87,120,160,170,240,340,470,560,890,920,920,3112,0,87,126.37858357622257,18.863962031900883,921.2175130378455,6327.162596401028
1788080735,50,,Aggregated,13.600000,0.000000,87,120,160,170,240,340,470,560,890,920,920,3126,0,87,126.4698017744308,18.863962031900883,921.2175130378455,6328.691938579655
1788080736,50,,Aggregated,14.000000,0.000000,87,120,160,170,250,340,490,570,890,920,920,3143,0,87,127.4716942711113,18.863962031900883,921.2175130378455,6337.320076360165
1788080737,50,,Aggregated,14.300000,0.000000,87,120,160,170,250,340,470,570,890,920,920,3154,0,87,127.40716582474806,18.863962031900883,921.2175130378455,6332.972098922004
1788080738,50,,Aggregated,13.400000,0.000000,87,120,160,170,250,340,470,570,890,920,920,3166,0,87,127.31589115503057,18.863962031900883,921.2175130378455,6335.820277953253
1788080739,50,,Aggregated,14.000000,0.000000,87,120,160,170,250,340,490,570,890,920,920,3180,0,87,127.69810302408541,18.863962031900883,921.2175130378455,6339.231446540881
1788080740,50,,Aggregated,13.700000,0.000000,87,120,160,170,250,340,490,570,890,920,920,3190,0,87,127.59194494623597,18.863962031900883,921.2175130378455,6335.802194357367
1788080741,50,,Aggregated,13.600000,0.000000,87,120,160,170,250,340,490,580,890,920,920,3208,0,87,127.82736044354444,18.863962031900883,921.2175130378455,6332.352556109726
1788080742,50,,Aggregated,13.700000,0.000000,87,120,160,170,250,340,490,580,890,920,920,3221,0,87,127.69840596514375,18.863962031900883,921.2175130378455,6327.972989754735
1788080743,50,,Aggregated,13.300000,0.000000,87,120,160,170,250,340,490,580,890,920,920,3239,0,87,127.73409321124677,18.863962031900883,921.2175130378455,6324.473602963878
1788080744,50,,Aggregated,14.100000,0.000000,87,120,160,170,250,340,490,580,890,920,920,3258,0,87,127.70375064604197,18.863962031900883,921.2175130378455,6322.103437691835
1788080745,50,,Aggregated,13.900000,0.000000,87,120,160,170,250,340,490,580,890,920,920,3269,0,87,127.5692339191705,18.863962031900883,921.2175130378455,6316.6784949525845
1788080746,50,,Aggregated,14.200000,0.000000,87,120,160,170,250,340,490,580,890,920,920,3281,0,87,127.47943216541096,18.863962031900883,921.2175130378455,6318.689423956111
1788080747,50,,Aggregated,14.400000,0.000000,87,120,160,170,250,340,490,580,890,920,920,3300,0,87,127.65655532747394,18.863962031900883,921.2175130378455,6324.909393939394
1788080748,50,,Aggregated,14.200000,0.000000,87,120,160,170,250,340,490,570,890,920,920,3314,0,87,127.51857927846108,18.863962031900883,921.2175130378455,6321.588111044056
1788080749,50,,Aggregated,14.500000,0.000000,87,120,160,170,250,340,490,570,890,920,920,3327,0,87,127.43099208060134,18.863962031900883,921.2175130378455,6319.386233844304
1788080750,50,,Aggregated,14.600000,0.000000,87,120,160,170,240,340,490,570,890,920,920,3338,0,87,127.34426194535476,18.863962031900883,921.2175130378455,6315.985020970641
1788080751,50,,Aggregated,14.900000,0.000000,87,120,160,170,250,340,490,580,890,920,920,3352,0,87,127.81850887261896,18.863962031900883,921.2175130378455,6315.005966587112
1788080752,50,,Aggregated,14.600000,0.000000,87,120,160,170,250,350,500,590,900,940,940,3367,0,87,128.58124255016833,18.863962031900883,938.5720791760832,6317.376893376893
1788080753,50,,Aggregated,14.900000,0.000000,87,120,160,170,250,350,500,590,900,940,940,3379,0,87,128.402352462335,18.863962031900883,938.5720791760832,6315.711157147085
1788080754,50,,Aggregated,14.700000,0.000000,87,120,160,170,250,350,500,590,900,940,940,3394,0,87,128.35383266420473,18.863962031900883,938.5720791760832,6326.729228049499
1788080755,50,,Aggregated,14.000000,0.000000,87,120,160,170,250,350,500,580,900,940,940,3406,0,87,128.28864223631103,18.863962031900883,938.5720791760832,6325.503229594833
1788080756,50,,Aggregated,13.800000,0.000000,87,120,160,170,250,350,500,580,900,940,940,3420,0,87,128.44292800982444,18.863962031900883,938.5720791760832,6319.956432748538
1788080757,50,,Aggregated,13.500000,0.000000,87,120,160,170,250,350,510,620,900,940,940,3435,0,87,129.57545219957177,18.863962031900883,938.5720791760832,6327.262590975255
1788080758,50,,Aggregated,14.000000,0.000000,87,120,160,170,250,350,510,620,900,940,940,3456,0,87,129.47985905285114,18.863962031900883,938.5720791760832,6322.029513888889
1788080759,50,,Aggregated,13.200000,0.000000,87,120,160,170,250,350,510,620,900,940,940,3467,0,87,129.32654854963485,18.863962031900883,938.5720791760832,6320.197577156043
1788080760,50,,Aggregated,13.600000,0.000000,87,120,160,170,250,350,510,620,900,940,940,3479,0,87,129.28859478690705,18.863962031900883,938.5720791760832,6319.585513078471
1788080761,50,,Aggregated,13.600000,0.000000,87,120,160,170,250,350,510,620,900,940,940,3491,0,87,129.09104473443622,18.863962031900883,938.5720791760832,6309.103981667144
1788080762,50,,Aggregated,14.200000,0.000000,87,120,160,170,250,350,510,620,900,940,940,3505,0,87,129.00045857447253,18.863962031900883,938.5720791760832,6321.271611982882
1788080763,50,,Aggregated,14.200000,0.000000,87,120,160,170,250,350,510,620,900,940,940,3519,0,87,128.95736080372316,18.863962031900883,938.5720791760832,6317.585677749361
1788080764,50,,Aggregated,13.700000,0.000000,87,120,160,170,250,350,510,620,900,940,940,3530,0,87,128.89413408283409,18.863962031900883,938.5720791760832,6316.148441926345
1788080765,50,,Aggregated,14.100000,0.000000,87,120,160,170,250,350,510,620,900,940,940,3548,0,87,128.64640697610082,18.863962031900883,938.5720791760832,6312.074971815107
1788080766,50,,Aggregated,13.400000,0.000000,87,120,160,170,250,350,510,620,900,940,940,3565,0,87,128.6452879716458,18.863962031900883,938.5720791760832,6308.732959326789
1788080767,50,,Aggregated,13.900000,0.000000,87,120,160,170,250,350,510,620,900,940,940,3577,0,87,128.5117305705867,18.863962031900883,938.5720791760832,6303.122448979592
1788080768,50,,Aggregated,13.800000,0.000000,87,120,160,170,250,350,510,620,900,940,940,3593,1,87,128.47245457237952,11.179457884281874,938.5720791760832,6307.281937099917
1788080769,50,,Aggregated,14.000000,0.000000,87,120,160,170,240,340,500,610,900,940,940,3611,1,87,128.34543465457165,11.179457884281874,938.5720791760832,6305.900858487954
1788080770,50,,Aggregated,14.500000,0.100000,87,120,160,170,240,340,500,610,900,940,940,3627,1,87,128.18807523814704,11.179457884281874,938.5720791760832,6297.729804245933
1788080771,50,,Aggregated,13.900000,0.100000,87,120,160,170,240,340,500,610,900,940,940,3637,1,87,128.14212946007672,11.179457884281874,938.5720791760832,6295.957657409953
1788080772,50,,Aggregated,14.100000,0.100000,87,120,160,170,240,340,500,610,900,940,940,3648,1,87,128.02997110268558,11.179457884281874,938.5720791760832,6294.852796052632
1788080773,50,,Aggregated,14.500000,0.100000,87,120,160,170,240,340,500,610,900,940,940,3659,1,87,127.90478842208749,11.179457884281874,938.5720791760832,6290.978409401476
1788080774,50,,Aggregated,14.100000,0.100000,87,120,160,170,240,340,500,610,900,940,940,3676,1,87,127.74286766942404,11.179457884281874,938.5720791760832,6287.66050054407
1788080775,50,,Aggregated,13.700000,0.100000,87,120,160,170,240,340,500,610,900,940,940,3689,1,87,127.68111705274353,11.179457884281874,938.5720791760832,6296.02141501762
1788080776,50,,Aggregated,14.100000,0.100000,87,120,160,170,240,340,490,600,900,940,940,3703,1,87,127.70333051156628,11.179457884281874,938.5720791760832,6295.123143397245
1788080777,50,,Aggregated,14.300000,0.100000,87,120,160,170,240,340,490,600,900,940,940,3719,1,87,127.51568883467635,11.179457884281874,938.5720791760832,6287.8878730841625
1788080778,50,,Aggregated,13.800000,0.100000,86,120,160,170,240,340,490,600,900,940,940,3735,1,86,127.37437855144351,11.179457884281874,938.5720791760832,6288.246854082999
1788080779,50,,Aggregated,14.000000,0.100000,86,120,160,170,240,340,490,600,900,940,940,3749,1,86,127.28714507795318,11.179457884281874,938.5720791760832,6293.528941050947
1788080780,50,,Aggregated,13.500000,0.000000,86,120,160,170,240,340,490,600,900,940,940,3758,1,86,127.15972363074003,11.179457884281874,938.5720791760832,6290.323044172432
1788080781,50,,Aggregated,14.000000,0.000000,86,120,160,170,240,340,490,600,900,940,940,3778,1,86,127.14029077855626,11.179457884281874,938.5720791760832,6302.067760719958
1788080782,50,,Aggregated,13.600000,0.000000,86,120,160,170,240,340,490,600,900,940,940,3793,1,86,126.97696310732952,11.179457884281874,938.5720791760832,6292.141576588452
1788080783,50,,Aggregated,13.400000,0.000000,86,120,160,170,240,340,490,590,900,940,940,3805,1,86,127.02617098090242,11.179457884281874,938.5720791760832,6298.886465177398
1788080784,50,,Aggregated,14.200000,0.000000,86,120,160,170,240,340,490,590,900,940,940,3820,1,86,126.8738566490051,11.179457884281874,938.5720791760832,6294.715968586387
1788080785,50,,Aggregated,14.700000,0.000000,86,120,160,170,240,340,490,590,900,940,940,3834,1,86,126.81674354794218,11.179457884281874,938.5720791760832,6302.242566510172
1788080786,50,,Aggregated,14.500000,0.000000,86,120,160,170,240,340,490,590,900,940,940,3846,1,86,126.64526285643839,11.179457884281874,938.5720791760832,6295.345033801352
1788080787,50,,Aggregated,14.300000,0.000000,86,110,160,170,240,340,490,590,900,940,940,3857,1,86,126.48920195927181,11.179457884281874,938.5720791760832,6290.048483277158
1788080788,50,,Aggregated,14.500000,0.000000,86,110,160,170,240,340,490,590,900,940,940,3874,1,86,126.41084839149475,11.179457884281874,938.5720791760832,6288.336344863191
1788080789,50,,Aggregated,14.400000,0.000000,86,110,160,170,240,340,490,590,900,940,940,3889,1,86,126.33073485986128,11.179457884281874,938.5720791760832,6287.294163023914
1788080790,50,,Aggregated,14.100000,0.000000,86,110,160,170,240,340,490,580,900,940,940,3902,1,86,126.18480250895738,11.179457884281874,938.5720791760832,6283.679395181958
1788080791,50,,Aggregated,13.800000,0.000000,86,110,160,170,240,340,490,580,900,940,940,3922,1,86,126.1103528915429,11.179457884281874,938.5720791760832,6294.842427332994
1788080792,50,,Aggregated,14.100000,0.000000,86,110,160,170,230,340,490,580,900,940,940,3937,1,86,125.9495605323,11.179457884281874,938.5720791760832,6290.427482854966
1788080793,50,,Aggregated,14.100000,0.000000,86,110,160,170,230,340,490,580,900,940,940,3948,1,86,125.82624943936602,11.179457884281874,938.5720791760832,6292.415906788247
1788080794,50,,Aggregated,14.100000,0.000000,86,110,160,170,230,340,480,580,900,940,940,3962,1,86,125.6922516683991,11.179457884281874,938.5720791760832,6291.978798586572
1788080795,50,,Aggregated,14.500000,0.000000,86,110,160,170,230,340,480,580,900,940,940,3977,1,86,125.5602886019097,11.179457884281874,938.5720791760832,6296.824490822228
1788080796,50,,Aggregated,13.900000,0.000000,86,110,160,170,230,340,480,580,900,940,940,3993,1,86,125.46929447159951,11.179457884281874,938.5720791760832,6296.021287252692
1788080797,50,,Aggregated,14.300000,0.000000,86,110,160,170,230,340,480,580,900,940,940,4009,1,86,125.39875085059536,11.179457884281874,938.5720791760832,6286.940384135694
1788080798,50,,Aggregated,14.200000,0.000000,86,110,160,170,230,340,480,580,900,940,940,4016,1,86,125.32104424720879,11.179457884281874,938.5720791760832,6288.232071713147
1788080799,50,,Aggregated,14.600000,0.000000,86,110,160,170,230,340,490,590,900,940,940,4030,1,86,125.57733010722524,11.179457884281874,938.5720791760832,6291.5893300248135
1788080800,50,,Aggregated,14.700000,0.000000,85,110,160,170,230,340,490,590,900,940,940,4049,1,85,125.36661145393478,11.179457884281874,938.5720791760832,6285.508520622376
1788080801,50,,Aggregated,14.000000,0.000000,85,110,160,170,230,340,490,590,900,940,940,4059,1,85,125.28350223646248,11.179457884281874,938.5720791760832,6282.060606060606
1788080802,50,,Aggregated,14.100000,0.000000,85,110,160,170,230,340,490,590,900,940,940,4076,1,85,125.07037481101608,11.179457884281874,938.5720791760832,6267.462953876349
1788080803,50,,Aggregated,14.200000,0.000000,85,110,160,170,230,340,490,590,900,940,940,4094,1,85,124.95752470397208,11.179457884281874,938.5720791760832,6277.774548119199
1788080804,50,,Aggregated,13.800000,0.000000,85,110,160,170,230,340,480,580,900,940,940,4103,1,85,124.97265461614151,11.179457884281874,938.5720791760832,6280.021691445284
1788080805,50,,Aggregated,13.600000,0.000000,85,110,160,170,230,340,480,580,900,940,940,4118,1,85,125.00421872254843,11.179457884281874,938.5720791760832,6288.210539096649
1788080806,50,,Aggregated,14.700000,0.000000,85,110,160,170,230,340,480,580,900,940,940,4135,1,85,124.85553256411696,11.179457884281874,938.5720791760832,6280.159613059251
1788080807,50,,Aggregated,14.000000,0.000000,85,110,160,170,230,330,480,580,900,940,940,4147,1,85,124.78321331468047,11.179457884281874,938.5720791760832,6278.819869785387
1788080808,50,,Aggregated,13.900000,0.000000,85,110,160,170,230,330,480,580,900,940,940,4161,1,85,124.68340355387896,11.179457884281874,938.5720791760832,6276.568132660418
1788080809,50,,Aggregated,14.000000,0.000000,85,110,160,170,230,330,480,580,900,940,940,4172,1,85,124.58435354515694,11.179457884281874,938.5720791760832,6275.33125599233
1788080810,50,,Aggregated,13.800000,0.000000,85,110,160,170,230,330,480,580,900,940,940,4188,1,85,124.5816422001714,11.179457884281874,938.5720791760832,6285.899713467049
1788080811,50,,Aggregated,14.600000,0.000000,85,110,160,170,230,330,480,580,900,940,940,4198,1,85,124.49476136189271,11.179457884281874,938.5720791760832,6285.43711291091
1788080812,50,,Aggregated,14.000000,0.000000,85,110,160,170,230,330,470,580,900,940,940,4211,1,85,124.37795554313166,11.179457884281874,938.5720791760832,6289.772500593684
1788080813,50,,Aggregated,14.000000,0.000000,85,110,160,170,230,330,470,580,900,940,940,4221,1,85,124.28533149875649,11.179457884281874,938.5720791760832,6288.628050225065
1788080814,50,,Aggregated,13.600000,0.000000,85,110,160,170,230,330,470,580,900,940,940,4239,1,85,124.08727821069004,11.179457884281874,938.5720791760832,6275.311394196745
1788080815,50,,Aggregated,13.300000,0.000000,85,110,160,170,230,330,470,580,900,940,940,4251,1,85,123.99451471757827,11.179457884281874,938.5720791760832,6274.625735121148
1788080816,50,,Aggregated,12.700000,0.000000,85,110,160,170,230,330,470,580,900,940,940,4263,1,85,123.89917957964379,11.179457884281874,938.5720791760832,6280.699741965752
1788080817,50,,Aggregated,13.100000,0.000000,85,110,160,170,220,330,470,580,900,940,940,4282,1,85,123.85710024054995,11.179457884281874,938.5720791760832,6296.120737972909
1788080819,50,,Aggregated,13.400000,0.000000,85,110,160,170,220,330,470,580,900,940,940,4301,1,85,123.83849795151374,11.179457884281874,938.5720791760832,6305.012787723786
1788080820,50,,Aggregated,12.600000,0.000000,85,110,160,170,220,330,470,580,900,940,940,4311,1,85,123.77641306181398,11.179457884281874,938.5720791760832,6303.024820227325
1788080821,50,,Aggregated,13.300000,0.000000,85,110,160,170,220,330,470,580,900,940,940,4323,1,85,123.6954357043312,11.179457884281874,938.5720791760832,6308.989821882951
1788080822,50,,Aggregated,13.800000,0.000000,85,110,160,170,220,330,470,580,900,940,940,4337,1,85,123.59669380936172,11.179457884281874,938.5720791760832,6302.299285220199
1788080823,50,,Aggregated,13.800000,0.000000,85,110,160,170,220,330,470,580,900,940,940,4349,1,85,123.48798939144031,11.179457884281874,938.5720791760832,6300.445159806852
1788080824,50,,Aggregated,13.400000,0.000000,85,110,160,170,220,330,470,580,900,940,940,4369,1,85,123.35369592431475,11.179457884281874,938.5720791760832,6294.287479972534
1788080825,50,,Aggregated,13.900000,0.000000,85,110,160,170,220,330,470,580,900,940,940,4377,1,85,123.260182496722,11.179457884281874,938.5720791760832,6295.726525017135
1788080826,50,,Aggregated,14.700000,0.000000,85,110,160,170,220,330,470,580,900,940,940,4389,1,85,123.22560269951074,11.179457884281874,938.5720791760832,6299.349054454317
1788080827,50,,Aggregated,14.700000,0.000000,85,110,160,170,220,330,470,570,900,940,940,4401,1,85,123.17484612260297,11.179457884281874,938.5720791760832,6299.486025903204
1788080828,50,,Aggregated,13.500000,0.000000,85,110,160,170,220,330,470,570,900,940,940,4417,1,85,123.15242921972327,11.179457884281874,938.5720791760832,6306.525696173873
1788080829,50,,Aggregated,13.800000,0.000000,85,110,160,170,220,330,470,570,900,940,940,4433,1,85,123.09008997962923,11.179457884281874,938.5720791760832,6319.079630047372
1788080830,50,,Aggregated,13.200000,0.000000,85,110,160,170,220,330,470,570,900,940,940,4449,1,85,122.95927284571165,11.179457884281874,938.5720791760832,6318.42076871207
1788080831,50,,Aggregated,13.000000,0.000000,85,110,160,170,220,330,470,570,900,940,940,4460,1,85,122.89867355292998,11.179457884281874,938.5720791760832,6318.354035874439
1788080832,50,,Aggregated,13.600000,0.000000,85,110,160,170,220,330,470,570,900,940,940,4471,1,85,122.93055704325101,11.179457884281874,938.5720791760832,6322.728919704764
1788080833,50,,Aggregated,13.600000,0.000000,85,110,160,170,220,330,470,570,900,940,940,4486,1,85,122.81463802492141,11.179457884281874,938.5720791760832,6319.989300044583
1788080834,50,,Aggregated,13.200000,0.000000,85,110,160,170,220,330,470,570,900,940,940,4500,1,85,122.75136921746243,11.179457884281874,938.5720791760832,6319.274666666666
1788080835,50,,Aggregated,13.500000,0.000000,85,110,160,170,220,330,470,570,900,940,940,4512,1,85,122.60426431330802,11.179457884281874,938.5720791760832,6310.9086879432625
1788080836,50,,Aggregated,12.900000,0.000000,85,110,160,170,220,330,470,570,900,940,940,4522,1,85,122.51899188553502,11.179457884281874,938.5720791760832,6314.5446704997785
1788080837,50,,Aggregated,13.300000,0.000000,85,110,160,170,220,330,470,570,900,940,940,4539,1,85,122.3955543840636,11.179457884281874,938.5720791760832,6319.328706763605
1788080838,50,,Aggregated,13.300000,0.000000,85,110,160,170,220,330,470,570,900,940,940,4553,1,85,122.24790992412872,11.179457884281874,938.5720791760832,6311.772457720184
1788080839,50,,Aggregated,13.700000,0.000000,84,110,160,170,220,330,470,570,900,940,940,4570,1,84,122.12658704113811,11.179457884281874,938.5720791760832,6309.892778993435
1788080840,50,,Aggregated,13.400000,0.000000,84,110,160,170,220,320,470,570,900,940,940,4581,1,84,122.11158629112423,11.179457884281874,938.5720791760832,6317.336171141672
1788080841,50,,Aggregated,13.600000,0.000000,84,110,160,170,220,320,470,570,900,940,940,4593,1,84,122.08168343466481,11.179457884281874,938.5720791760832,6321.973437840192
1788080842,50,,Aggregated,13.200000,0.000000,84,110,160,170,220,320,470,570,900,940,940,4604,1,84,122.01067184015734,11.179457884281874,938.5720791760832,6320.274326672458
1788080843,50,,Aggregated,13.000000,0.000000,84,110,160,170,220,320,470,570,900,940,940,4616,1,84,121.89247105372513,11.179457884281874,938.5720791760832,6314.843587521664
1788080844,50,,Aggregated,13.300000,0.000000,84,110,160,170,220,320,470,570,900,940,940,4635,1,84,121.93543281453384,11.179457884281874,938.5720791760832,6317.617044228695
1788080845,50,,Aggregated,13.100000,0.000000,84,110,160,170,220,320,470,570,900,940,940,4648,1,84,121.88799571825581,11.179457884281874,938.5720791760832,6319.611015490534
1788080846,50,,Aggregated,13.000000,0.000000,84,110,160,170,220,320,470,570,900,940,940,4665,1,84,121.82960561052413,11.179457884281874,938.5720791760832,6317.55498392283
1788080847,50,,Aggregated,13.300000,0.000000,84,110,160,170,210,320,470,570,900,940,940,4676,1,84,121.84954921670547,11.179457884281874,938.5720791760832,6329.2686056458515
1788080848,50,,Aggregated,14.300000,0.000000,84,110,160,170,210,320,470,570,900,940,940,4692,1,84,121.78867329047986,11.179457884281874,938.5720791760832,6333.8725490196075
1788080849,50,,Aggregated,13.600000,0.000000,84,110,160,170,210,320,460,560,900,940,940,4701,1,84,121.68583194137814,11.179457884281874,938.5720791760832,6332.047223994895
1788080850,50,,Aggregated,14.200000,0.000000,84,110,160,170,210,320,460,560,900,940,940,4715,1,84,121.53459775028503,11.179457884281874,938.5720791760832,6329.23690349947
1788080851,50,,Aggregated,13.200000,0.000000,84,110,160,170,210,320,460,560,900,940,940,4733,1,84,121.40477937533066,11.179457884281874,938.5720791760832,6327.8930910627505
1788080852,50,,Aggregated,13.300000,0.000000,84,110,160,170,210,320,460,560,900,940,940,4748,1,84,121.35242657406803,11.179457884281874,938.5720791760832,6327.857834877844
1788080853,50,,Aggregated,14.000000,0.000000,84,110,160,170,210,320,460,560,900,940,940,4761,1,84,121.29667520541068,11.179457884281874,938.5720791760832,6339.349926486032
1788080854,50,,Aggregated,14.300000,0.000000,84,110,160,170,210,320,460,560,900,940,940,4774,1,84,121.23432693873062,11.179457884281874,938.5720791760832,6342.790950984499
1788080855,50,,Aggregated,14.300000,0.000000,84,110,160,170,210,320,460,560,900,940,940,4786,1,84,121.20280162953004,11.179457884281874,938.5720791760832,6345.02026744672
1788080856,50,,Aggregated,14.300000,0.000000,84,110,160,170,210,320,460,560,900,940,940,4800,1,84,121.13116137232282,11.179457884281874,938.5720791760832,6342.40625
1788080857,50,,Aggregated,14.000000,0.000000,84,110,160,170,210,320,460,560,900,940,940,4814,1,84,121.06508718454134,11.179457884281874,938.5720791760832,6344.3221852928955
1788080858,50,,Aggregated,13.100000,0.000000,84,110,160,170,210,320,460,560,900,940,940,4821,1,84,121.1544484593298,11.179457884281874,938.5720791760832,6346.113876789048
1788080859,50,,Aggregated,13.700000,0.000000,84,110,160,170,210,320,460,560,900,940,940,4838,1,84,121.1722658432361,11.179457884281874,938.5720791760832,6353.301364200082
1788080860,50,,Aggregated,12.700000,0.000000,84,110,160,170,210,320,450,560,900,940,940,4852,1,84,121.14993295200807,11.179457884281874,938.5720791760832,6361.090890354493
1788080861,50,,Aggregated,13.000000,0.000000,84,110,160,170,210,320,450,560,900,940,940,4866,1,84,121.08250119148433,11.179457884281874,938.5720791760832,6356.339498561447
1788080862,50,,Aggregated,13.600000,0.000000,84,110,160,170,210,320,450,560,900,940,940,4876,1,84,121.07954298660245,11.179457884281874,938.5720791760832,6360.271739130435
1788080863,50,,Aggregated,13.400000,0.000000,84,110,160,170,210,320,450,560,900,940,940,4895,1,84,120.98591624701109,11.179457884281874,938.5720791760832,6356.33544433095
1788080864,50,,Aggregated,12.800000,0.000000,84,110,160,170,210,320,450,560,900,940,940,4909,1,84,120.9799538687688,11.179457884281874,938.5720791760832,6366.4371562436345
1788080865,50,,Aggregated,12.600000,0.000000,84,110,160,170,210,320,450,560,900,940,940,4923,1,84,120.9279740772284,11.179457884281874,938.5720791760832,6369.702620353443
1788080866,50,,Aggregated,13.400000,0.000000,84,110,160,170,210,320,450,560,900,940,940,4936,1,84,120.87860182622966,11.179457884281874,938.5720791760832,6366.572325769854
1788080867,50,,Aggregated,13.300000,0.000000,84,110,160,170,210,320,450,560,900,940,940,4946,1,84,120.85063519188664,11.179457884281874,938.5720791760832,6365.115042458552
1788080868,50,,Aggregated,13.600000,0.000000,84,110,160,170,210,320,450,560,900,940,940,4957,1,84,120.80038662758254,11.179457884281874,938.5720791760832,6371.187210006052
1788080869,50,,Aggregated,12.900000,0.000000,84,110,160,170,210,320,450,560,900,940,940,4971,1,84,120.82211276398475,11.179457884281874,938.5720791760832,6379.8652182659425
1788080870,50,,Aggregated,13.600000,0.000000,84,110,160,170,210,320,450,560,900,940,940,4984,1,84,120.73910664096191,11.179457884281874,938.5720791760832,6384.084871589085
1788080871,50,,Aggregated,13.900000,0.000000,84,110,160,170,210,320,450,560,890,940,940,5002,1,84,120.61977568419515,11.179457884281874,938.5720791760832,6381.775289884046
1788080872,50,,Aggregated,13.100000,0.000000,84,110,160,170,210,320,450,560,890,940,940,5019,1,84,120.49895902030677,11.179457884281874,938.5720791760832,6382.450288902171
1788080873,50,,Aggregated,13.000000,0.000000,84,110,160,170,210,320,450,560,890,940,940,5026,1,84,120.48909015185653,11.179457884281874,938.5720791760832,6386.710107441305
1788080874,50,,Aggregated,13.600000,0.000000,84,110,160,170,210,320,450,560,890,940,940,5047,1,84,120.34318309411265,11.179457884281874,938.5720791760832,6383.335248662572
1788080875,50,,Aggregated,13.700000,0.000000,84,110,160,170,210,320,450,560,890,940,940,5060,1,84,120.30697603716438,11.179457884281874,938.5720791760832,6388.008300395257
1788080876,50,,Aggregated,13.300000,0.000000,84,110,160,170,210,320,450,560,890,940,940,5075,1,84,120.32115063038219,11.179457884281874,938.5720791760832,6387.891034482758
1788080877,50,,Aggregated,13.900000,0.000000,84,110,160,170,210,320,450,560,890,940,940,5090,1,84,120.25213440228802,11.179457884281874,938.5720791760832,6386.454223968566
1788080878,50,,Aggregated,13.600000,0.000000,84,110,160,170,210,320,450,550,890,940,940,5106,1,84,120.2017650868389,11.179457884281874,938.5720791760832,6385.0654132393265
1788080879,50,,Aggregated,14.500000,0.000000,84,110,160,170,210,320,450,550,890,940,940,5119,1,84,120.2122991188977,11.179457884281874,938.5720791760832,6388.284039851534
1788080880,50,,Aggregated,14.700000,0.000000,84,110,160,170,210,320,450,550,890,940,940,5133,1,84,120.2020672522449,11.179457884281874,938.5720791760832,6390.199493473602
1788080881,50,,Aggregated,14.500000,0.000000,84,110,160,170,210,310,450,550,890,940,940,5147,1,84,120.13132595251764,11.179457884281874,938.5720791760832,6389.116184184963
1788080882,50,,Aggregated,14.500000,0.000000,84,110,160,170,210,310,440,550,890,940,940,5169,1,84,120.0315587874448,11.179457884281874,938.5720791760832,6390.1597988005415
1788080883,50,,Aggregated,14.900000,0.000000,84,110,160,170,210,310,440,550,890,940,940,5179,1,84,119.95662428501782,11.179457884281874,938.5720791760832,6385.425950955783
1788080884,50,,Aggregated,15.000000,0.000000,84,110,160,170,210,310,440,550,890,940,940,5192,1,84,119.9521996016838,11.179457884281874,938.5720791760832,6393.135400616333
1788080885,50,,Aggregated,15.100000,0.000000,84,110,160,170,210,310,440,540,890,940,940,5211,1,84,119.9606130500754,11.179457884281874,938.5720791760832,6401.042026482441
1788080886,50,,Aggregated,14.300000,0.000000,84,110,160,170,210,310,440,540,890,940,940,5221,1,84,119.90736179659206,11.179457884281874,938.5720791760832,6405.681478643938
1788080887,50,,Aggregated,14.400000,0.000000,84,110,160,170,210,310,440,540,890,940,940,5233,1,84,119.87366523986447,11.179457884281874,938.5720791760832,6409.412382954329
1788080888,50,,Aggregated,14.600000,0.000000,84,110,160,170,210,310,440,540,890,940,940,5250,1,84,119.83737377902227,11.179457884281874,938.5720791760832,6411.924952380952
1788080889,50,,Aggregated,14.000000,0.000000,84,110,160,170,210,310,440,540,890,940,940,5263,1,84,119.81014520900139,11.179457884281874,938.5720791760832,6409.459053771613
1788080890,50,,Aggregated,14.000000,0.000000,84,110,160,170,210,310,440,540,890,940,940,5274,1,84,119.73564080666372,11.179457884281874,938.5720791760832,6404.950132726583
1788080891,50,,Aggregated,14.000000,0.000000,84,110,160,170,210,310,440,540,890,940,940,5290,1,84,119.66762587935126,11.179457884281874,938.5720791760832,6401.796786389414
1788080892,50,,Aggregated,14.100000,0.000000,84,110,160,170,210,310,440,540,890,940,940,5309,1,84,119.6443575216774,11.179457884281874,938.5720791760832,6405.887926163119
1788080893,50,,Aggregated,13.600000,0.000000,84,110,160,170,210,310,440,540,890,940,940,5320,1,84,119.56451478430868,11.179457884281874,938.5720791760832,6404.621428571429
1788080894,50,,Aggregated,13.400000,0.000000,84,110,160,170,210,310,440,540,890,940,940,5329,1,84,119.52307028158539,11.179457884281874,938.5720791760832,6407.492963032464
1788080895,50,,Aggregated,14.200000,0.000000,84,110,160,170,200,310,440,540,890,940,940,5343,1,84,119.47260740417558,11.179457884281874,938.5720791760832,6406.201759311249
1788080896,50,,Aggregated,14.200000,0.000000,84,110,160,170,200,310,440,540,890,940,940,5360,1,84,119.39882953432318,11.179457884281874,938.5720791760832,6402.913805970149
1788080897,50,,Aggregated,13.500000,0.000000,84,110,160,170,200,310,440,540,890,940,940,5369,1,84,119.347007242655,11.179457884281874,938.5720791760832,6399.391879307133
1788080898,50,,Aggregated,13.500000,0.000000,84,110,160,170,200,310,440,540,890,940,940,5382,1,84,119.30563091170644,11.179457884281874,938.5720791760832,6398.282051282052
1788080899,50,,Aggregated,13.600000,0.000000,84,110,160,170,200,310,430,540,890,940,940,5401,1,84,119.1699683908587,11.179457884281874,938.5720791760832,6391.502869838919
1788080900,50,,Aggregated,13.800000,0.000000,84,110,160,170,200,310,430,540,890,940,940,5415,1,84,119.08322293577942,11.179457884281874,938.5720791760832,6388.387072945522
1788080901,50,,Aggregated,13.500000,0.000000,84,110,160,170,200,310,430,540,890,940,940,5432,1,83,118.97707202312172,11.179457884281874,938.5720791760832,6387.397275405007
1788080902,50,,Aggregated,14.100000,0.000000,84,110,160,170,200,310,430,540,890,940,940,5446,1,83,118.91592777625043,11.179457884281874,938.5720791760832,6383.778369445465
1788080903,50,,Aggregated,14.200000,0.000000,84,110,160,170,200,310,430,540,890,940,940,5460,1,84,118.8939958630853,11.179457884281874,938.5720791760832,6382.750915750916
1788080904,50,,Aggregated,14.200000,0.000000,83,110,160,170,200,310,430,540,890,940,940,5473,1,83,118.80911632879844,11.179457884281874,938.5720791760832,6377.993604969852
1788080905,50,,Aggregated,13.400000,0.000000,83,110,160,170,200,310,430,540,890,940,940,5491,1,83,118.793689999207,11.179457884281874,938.5720791760832,6379.104170460754
1788080906,50,,Aggregated,13.900000,0.000000,84,110,160,170,200,310,430,540,890,940,940,5508,1,84,118.74437191968813,11.179457884281874,938.5720791760832,6378.211510530138
1788080907,50,,Aggregated,14.400000,0.000000,84,110,160,170,200,310,430,540,890,940,940,5521,1,84,118.75397603226911,11.179457884281874,938.5720791760832,6383.957616373846
1788080908,50,,Aggregated,14.600000,0.000000,84,110,160,170,200,310,430,540,890,940,940,5534,1,84,118.72257675065443,11.179457884281874,938.5720791760832,6382.316226960607
1788080909,50,,Aggregated,14.800000,0.000000,84,110,160,170,200,310,430,540,890,940,940,5543,1,84,118.76828778232192,11.179457884281874,938.5720791760832,6384.3730831679595
1788080910,50,,Aggregated,14.300000,0.000000,84,110,160,170,200,310,430,540,890,940,940,5562,1,84,118.6985377729152,11.179457884281874,938.5720791760832,6383.836389787846
1788080911,50,,Aggregated,14.700000,0.000000,84,110,160,170,200,310,430,540,890,940,940,5574,1,84,118.64876384999079,11.179457884281874,938.5720791760832,6382.03049874417
1788080912,50,,Aggregated,14.200000,0.000000,84,110,160,170,200,310,430,540,890,940,940,5586,1,84,118.58987036172628,11.179457884281874,938.5720791760832,6378.886143931257
1788080913,50,,Aggregated,14.500000,0.000000,83,110,160,170,200,310,430,540,890,940,940,5598,1,83,118.49609365927674,11.179457884281874,938.5720791760832,6378.923365487674
1788080914,50,,Aggregated,14.200000,0.000000,83,110,160,170,200,310,430,540,890,940,940,5617,1,83,118.47680681782201,11.179457884281874,938.5720791760832,6372.412853836568
1788080915,50,,Aggregated,14.000000,0.000000,83,110,160,170,200,310,430,540,890,940,940,5628,1,83,118.41642757624192,11.179457884281874,938.5720791760832,6370.160447761194
1788080916,50,,Aggregated,13.800000,0.000000,83,110,160,170,200,310,430,540,890,940,940,5643,1,83,118.35361198265844,11.179457884281874,938.5720791760832,6367.508063087011
1788080917,50,,Aggregated,14.000000,0.000000,83,110,160,170,200,310,430,540,890,940,940,5654,1,83,118.31127540284994,11.179457884281874,938.5720791760832,6366.187654757694
1788080918,50,,Aggregated,13.800000,0.000000,83,110,160,170,200,310,430,540,890,940,940,5669,1,83,118.35227245303102,11.179457884281874,938.5720791760832,6374.777385782325
1788080919,50,,Aggregated,13.600000,0.000000,83,110,160,170,200,310,430,540,890,940,940,5683,1,83,118.35405030565576,11.179457884281874,938.5720791760832,6379.020411754355
1788080920,50,,Aggregated,13.600000,0.000000,83,110,160,170,200,310,430,540,890,940,940,5699,1,83,118.36252605948962,11.179457884281874,938.5720791760832,6377.924197227584
1788080921,50,,Aggregated,13.500000,0.000000,83,110,160,170,200,310,430,540,890,940,940,5717,1,83,118.27173601131081,11.179457884281874,938.5720791760832,6375.0808116144835
1788080922,50,,Aggregated,13.600000,0.000000,83,110,160,170,200,310,430,540,890,940,940,5728,1,83,118.22534482654603,11.179457884281874,938.5720791760832,6378.478701117318
1788080923,50,,Aggregated,13.700000,0.000000,83,100,160,170,200,310,430,540,890,940,940,5748,1,83,118.11714433202464,11.179457884281874,938.5720791760832,6371.307411273487
1788080924,50,,Aggregated,14.100000,0.000000,83,100,160,170,200,310,430,540,890,940,940,5758,1,83,118.05256691049803,11.179457884281874,938.5720791760832,6371.593608891976
1788080925,50,,Aggregated,14.100000,0.000000,83,100,160,170,200,310,430,540,890,940,940,5774,1,83,117.99244721682054,11.179457884281874,938.5720791760832,6370.392275718739
1788080926,50,,Aggregated,14.800000,0.000000,83,100,160,170,200,310,430,540,890,940,940,5785,1,83,117.91851712139638,11.179457884281874,938.5720791760832,6364.775626620571
1788080927,50,,Aggregated,14.000000,0.000000,83,100,160,170,200,310,430,540,890,940,940,5803,1,83,117.75737085668382,11.179457884281874,938.5720791760832,6355.90435981389
1788080928,50,,Aggregated,14.200000,0.000000,83,100,160,170,200,310,430,540,890,940,940,5818,1,83,117.70115548443215,11.179457884281874,938.5720791760832,6356.735819869371
1788080930,50,,Aggregated,14.200000,0.000000,83,100,160,170,200,300,430,540,890,940,940,5832,1,83,117.71694976049642,11.179457884281874,938.5720791760832,6360.530178326475
1788080931,50,,Aggregated,14.700000,0.000000,83,100,160,170,200,300,430,540,890,940,940,5845,1,83,117.68941930371717,11.179457884281874,938.5720791760832,6360.884687767322
1788080932,50,,Aggregated,14.800000,0.000000,83,100,160,170,200,300,420,540,890,940,940,5863,1,83,117.61663646719023,11.179457884281874,938.5720791760832,6355.215418727614
1788080933,50,,Aggregated,14.800000,0.000000,83,100,160,170,200,300,420,540,890,940,940,5878,1,83,117.57383236064861,11.179457884281874,938.5720791760832,6354.557502551888
1788080934,50,,Aggregated,14.500000,0.000000,83,100,160,170,200,300,420,540,890,940,940,5894,1,83,117.46298125688263,11.179457884281874,938.5720791760832,6350.431116389549
1788080935,50,,Aggregated,14.900000,0.000000,83,100,160,170,200,300,420,530,890,940,940,5905,1,83,117.48485311812182,11.179457884281874,938.5720791760832,6351.297713801863
1788080936,50,,Aggregated,14.900000,0.000000,83,100,160,170,200,300,420,530,890,940,940,5924,1,83,117.42980443713884,11.179457884281874,938.5720791760832,6352.103477380148
1788080937,50,,Aggregated,14.600000,0.000000,83,100,160,170,200,300,420,530,890,940,940,5936,1,83,117.38417713182433,11.179457884281874,938.5720791760832,6352.320417789758
1788080938,50,,Aggregated,15.000000,0.000000,83,100,160,170,200,300,420,530,890,940,940,5953,1,83,117.31938795365241,11.179457884281874,938.5720791760832,6350.5672770031915
1788080939,50,,Aggregated,14.800000,0.000000,83,100,160,170,200,300,420,530,890,940,940,5967,1,83,117.26478975194735,11.179457884281874,938.5720791760832,6348.063013239484
1788080940,50,,Aggregated,14.700000,0.000000,83,100,160,170,200,300,420,530,890,940,940,5989,1,83,117.16409919567786,11.179457884281874,938.5720791760832,6344.44748705961
1788080941,50,,Aggregated,14.800000,0.000000,83,100,160,170,200,300,420,530,880,940,940,6002,1,83,117.11191182919015,11.179457884281874,938.5720791760832,6342.034321892703
1788080942,50,,Aggregated,15.400000,0.000000,83,100,150,170,200,300,420,530,880,940,940,6016,1,83,117.01850311653695,11.179457884281874,938.5720791760832,6334.878656914893
1788080943,50,,Aggregated,15.600000,0.000000,83,100,150,170,200,300,420,530,880,940,940,6026,1,83,116.93914848088617,11.179457884281874,938.5720791760832,6330.593262529041
1788080944,50,,Aggregated,15.000000,0.000000,83,100,150,170,200,300,420,530,880,940,940,6044,1,83,116.93656973102858,11.179457884281874,938.5720791760832,6334.34281932495
1788080945,50,,Aggregated,14.500000,0.000000,83,100,150,170,200,300,410,530,880,940,940,6056,1,83,116.8854108692025,11.179457884281874,938.5720791760832,6334.913639365918
1788080946,50,,Aggregated,14.900000,0.000000,83,100,150,170,200,300,410,530,880,940,940,6069,1,83,116.81143427559236,11.179457884281874,938.5720791760832,6335.007249958807
1788080947,50,,Aggregated,15.100000,0.000000,83,100,150,170,200,300,410,530,880,940,940,6082,1,83,116.76559222929347,11.179457884281874,938.5720791760832,6334.093719171326
1788080948,50,,Aggregated,14.200000,0.000000,83,100,150,170,200,300,410,530,880,940,940,6098,1,83,116.7126448352926,11.179457884281874,938.5720791760832,6333.9877008855365
1788080949,50,,Aggregated,14.500000,0.000000,83,100,150,170,200,300,410,530,880,940,940,6114,1,83,116.75260526331925,11.179457884281874,938.5720791760832,6336.482989859339
1788080950,50,,Aggregated,14.200000,0.000000,83,100,150,170,200,300,410,530,880,940,940,6122,1,83,116.71711757241503,11.179457884281874,938.5720791760832,6335.227703364913
1788080951,50,,Aggregated,14.400000,0.000000,83,100,150,170,200,300,410,530,880,940,940,6146,1,83,116.66328575378154,11.179457884281874,938.5720791760832,6331.880898145135
1788080952,50,,Aggregated,13.300000,0.000000,83,100,150,170,200,300,410,530,880,940,940,6158,1,83,116.61752120407341,11.179457884281874,938.5720791760832,6329.068528743099
1788080953,50,,Aggregated,14.100000,0.000000,83,100,150,170,200,300,410,530,880,940,940,6171,1,83,116.54358287130606,11.179457884281874,938.5720791760832,6327.8343866472205
1788080954,50,,Aggregated,14.200000,0.000000,83,100,150,170,200,300,410,530,880,940,940,6186,1,83,116.54432073563417,11.179457884281874,938.5720791760832,6331.310539928872
1788080955,50,,Aggregated,14.500000,0.000000,83,100,150,170,200,300,410,530,880,940,940,6199,1,83,116.56034838353095,11.179457884281874,938.5720791760832,6336.477335054041
1788080956,50,,Aggregated,14.000000,0.000000,83,100,150,170,200,300,410,520,880,940,940,6214,1,83,116.55168387724736,11.179457884281874,938.5720791760832,6337.388960411973
1788080957,50,,Aggregated,13.900000,0.000000,83,100,150,170,200,300,410,520,880,940,940,6230,1,83,116.5084907829905,11.179457884281874,938.5720791760832,6336.800160513643
1788080958,50,,Aggregated,14.700000,0.000000,83,100,150,170,200,290,410,520,880,940,940,6244,1,83,116.52468356361594,11.179457884281874,938.5720791760832,6341.443305573351
1788080959,50,,Aggregated,14.600000,0.000000,83,100,150,170,200,290,410,520,880,940,940,6259,1,83,116.47507256462505,11.179457884281874,938.5720791760832,6343.495446556958
1788080960,50,,Aggregated,14.800000,0.000000,83,100,150,170,200,290,410,520,880,940,940,6272,1,83,116.39651924566834,11.179457884281874,938.5720791760832,6341.035554846939
1788080961,50,,Aggregated,14.200000,0.000000,83,100,150,170,200,290,410,520,880,940,940,6288,1,83,116.37758004550795,11.179457884281874,938.5720791760832,6340.052480916031
1788080962,50,,Aggregated,15.000000,0.000000,83,100,150,170,200,290,410,520,880,940,940,6296,1,83,116.34640172939704,11.179457884281874,938.5720791760832,6338.192344345616
1788080963,50,,Aggregated,14.100000,0.000000,83,100,150,170,200,290,410,520,880,940,940,6315,1,83,116.29700097804763,11.179457884281874,938.5720791760832,6334.359461599367
1788080964,50,,Aggregated,14.000000,0.000000,83,100,150,170,200,290,410,520,880,940,940,6332,1,83,116.2075053206842,11.179457884281874,938.5720791760832,6330.981522425774
1788080965,50,,Aggregated,14.200000,0.000000,83,100,150,170,200,290,410,520,880,940,940,6347,1,83,116.20206704656842,11.179457884281874,938.5720791760832,6330.363951473137
1788080966,50,,Aggregated,13.900000,0.000000,83,100,150,170,200,290,410,520,880,940,940,6357,1,83,116.18072133665426,11.179457884281874,938.5720791760832,6328.887682869278
1788080967,50,,Aggregated,14.700000,0.000000,83,100,150,170,200,290,410,520,880,940,940,6371,1,83,116.17037252241752,11.179457884281874,938.5720791760832,6326.959660963742
1788080968,50,,Aggregated,14.100000,0.000000,83,100,150,170,200,290,410,520,880,940,940,6385,1,83,116.10708267004254,11.179457884281874,938.5720791760832,6326.851213782303
1788080969,50,,Aggregated,14.000000,0.000000,83,100,150,170,200,290,410,520,880,940,940,6398,1,83,116.09982958904992,11.179457884281874,938.5720791760832,6328.319631134729
1788080970,50,,Aggregated,13.700000,0.000000,83,100,150,170,200,290,400,520,880,940,940,6410,1,83,116.11657089295153,11.179457884281874,938.5720791760832,6328.346177847114
1788080971,50,,Aggregated,14.300000,0.000000,82,100,150,170,200,290,400,520,880,940,940,6426,1,82,116.00657738154621,11.179457884281874,938.5720791760832,6320.704637410519
1788080972,50,,Aggregated,13.700000,0.000000,82,100,150,170,200,290,400,520,880,940,940,6445,1,82,115.97437197143823,11.179457884281874,938.5720791760832,6317.9373157486425
1788080973,50,,Aggregated,13.900000,0.000000,82,100,150,170,200,290,400,520,880,940,940,6458,1,82,115.92398861212729,11.179457884281874,938.5720791760832,6317.277949829669
1788080974,50,,Aggregated,14.000000,0.000000,82,100,150,170,200,290,400,520,880,940,940,6471,1,82,115.87575607839699,11.179457884281874,938.5720791760832,6316.252665739453
1788080975,50,,Aggregated,14.200000,0.000000,82,100,150,170,200,290,400,520,880,940,940,6480,1,82,115.86072360579338,11.179457884281874,938.5720791760832,6322.216203703703
1788080976,50,,Aggregated,14.300000,0.000000,82,100,150,170,200,290,400,520,880,940,940,6497,1,82,115.7900466571413,11.179457884281874,938.5720791760832,6319.4511312913655
1788080977,50,,Aggregated,13.400000,0.000000,82,100,150,170,200,290,400,520,880,940,940,6515,1,82,115.76983023750083,11.179457884281874,938.5720791760832,6317.892248656945
1788080978,50,,Aggregated,13.800000,0.000000,82,100,150,170,200,290,400,520,880,940,940,6527,1,82,115.71235943210937,11.179457884281874,938.5720791760832,6316.46744292937
1788080979,50,,Aggregated,14.100000,0.000000,82,100,150,170,200,290,400,520,880,940,940,6540,1,82,115.66397868248488,11.179457884281874,938.5720791760832,6313.718348623853
1788080980,50,,Aggregated,14.400000,0.000000,82,100,150,170,200,280,400,520,880,940,940,6555,1,82,115.63050371952053,11.179457884281874,938.5720791760832,6312.788558352403
1788080981,50,,Aggregated,13.800000,0.000000,82,100,150,170,200,280,400,520,880,940,940,6567,1,82,115.59132295211819,11.179457884281874,938.5720791760832,6313.524288107203
1788080982,50,,Aggregated,13.800000,0.000000,82,100,150,170,200,280,400,520,880,940,940,6582,1,82,115.56710513693228,11.179457884281874,938.5720791760832,6312.30127620784
1788080983,50,,Aggregated,14.000000,0.000000,82,100,150,170,200,280,400,520,880,940,940,6597,1,82,115.5509375433449,11.179457884281874,938.5720791760832,6313.877065332727
1788080984,50,,Aggregated,13.800000,0.000000,82,100,150,170,200,280,400,520,880,940,940,6608,1,82,115.49566731771728,11.179457884281874,938.5720791760832,6310.767857142857
1788080985,50,,Aggregated,13.400000,0.000000,82,100,150,170,200,280,400,520,880,940,940,6630,1,82,115.40641553990042,11.179457884281874,938.5720791760832,6306.928657616893
1788080986,50,,Aggregated,14.200000,0.000000,82,100,150,170,200,280,400,520,880,940,940,6645,1,82,115.42599884322946,11.179457884281874,938.5720791760832,6303.401956358164
1788080987,50,,Aggregated,14.400000,0.000000,82,100,150,170,200,280,400,520,880,940,940,6656,1,82,115.41138252068077,11.179457884281874,938.5720791760832,6304.063852163462
1788080988,50,,Aggregated,14.800000,0.000000,82,100,150,170,200,280,400,520,880,940,940,6676,1,82,115.36344769246872,11.179457884281874,938.5720791760832,6302.367735170761
1788080989,50,,Aggregated,14.500000,0.000000,82,100,150,170,200,280,400,520,880,940,940,6691,1,82,115.30017137233496,11.179457884281874,938.5720791760832,6299.661037214169
1788080990,50,,Aggregated,14.000000,0.000000,82,100,150,170,200,280,400,510,880,940,940,6703,1,82,115.26384062235712,11.179457884281874,938.5720791760832,6300.112188572281
1788080991,50,,Aggregated,15.200000,0.000000,82,100,150,170,200,280,400,510,880,940,940,6719,1,82,115.1727539345662,11.179457884281874,938.5720791760832,6296.488316713797
1788080992,50,,Aggregated,15.500000,0.000000,82,100,150,170,200,280,400,510,880,940,940,6735,1,82,115.0813266781519,11.179457884281874,938.5720791760832,6300.61707498144
1788080993,50,,Aggregated,14.800000,0.000000,82,100,150,170,200,280,400,510,880,940,940,6746,1,82,115.0344283718438,11.179457884281874,938.5720791760832,6300.290542543729
1788080994,50,,Aggregated,15.400000,0.000000,82,100,150,170,200,280,390,510,880,940,940,6763,1,82,114.98557179559639,11.179457884281874,938.5720791760832,6300.191335206269
1788080995,50,,Aggregated,15.500000,0.000000,82,100,150,170,200,280,390,510,880,940,940,6778,1,82,114.95341110006403,11.179457884281874,938.5720791760832,6299.5528179403955
1788080996,50,,Aggregated,14.800000,0.000000,82,100,150,170,200,280,390,510,880,940,940,6793,1,82,114.8877881438757,11.179457884281874,938.5720791760832,6301.040777270719
1788080997,50,,Aggregated,15.300000,0.000000,82,100,150,170,200,280,390,510,880,940,940,6803,1,82,114.84843176370946,11.179457884281874,938.5720791760832,6297.968984271645
1788080998,50,,Aggregated,14.700000,0.000000,82,100,150,170,200,280,390,510,880,940,940,6818,1,82,114.81547589961168,11.179457884281874,938.5720791760832,6301.230419477853
1788080999,50,,Aggregated,14.600000,0.000000,82,100,150,170,200,280,390,510,880,940,940,6833,1,82,114.77147962399984,11.179457884281874,938.5720791760832,6299.309380945412
1788081000,50,,Aggregated,14.800000,0.000000,82,100,150,170,200,280,390,510,880,940,940,6853,1,82,114.79532576765277,11.179457884281874,938.5720791760832,6297.861082737487
1788081001,50,,Aggregated,13.800000,0.000000,82,100,150,170,200,280,390,510,880,940,940,6866,1,82,114.73831016718994,11.179457884281874,938.5720791760832,6297.93169239732
1788081002,50,,Aggregated,14.400000,0.000000,82,100,150,170,200,280,390,510,880,940,940,6883,1,82,114.65675764409742,11.179457884281874,938.5720791760832,6296.556443411303
1788081003,50,,Aggregated,15.000000,0.000000,82,100,150,170,200,280,390,510,880,940,940,6903,1,82,114.67368819580312,11.179457884281874,938.5720791760832,6300.204114153266
1788081004,50,,Aggregated,14.400000,0.000000,82,100,150,170,200,280,390,510,880,940,940,6913,1,82,114.63630729601186,11.179457884281874,938.5720791760832,6300.55865760162
1788081005,50,,Aggregated,14.900000,0.000000,82,100,150,170,200,280,390,510,880,940,940,6927,1,82,114.59962626539603,11.179457884281874,938.5720791760832,6305.1004763967085
1788081006,50,,Aggregated,15.300000,0.000000,82,100,150,170,200,280,390,510,880,940,940,6942,1,82,114.56500906415404,11.179457884281874,938.5720791760832,6304.084557764333
1788081007,50,,Aggregated,14.400000,0.000000,81,100,150,170,200,280,390,510,880,940,940,6963,1,81,114.43631742549513,11.179457884281874,938.5720791760832,6298.044377423525
1788081008,50,,Aggregated,14.600000,0.000000,81,100,150,170,200,280,390,510,880,940,940,6979,1,81,114.36783558578163,11.179457884281874,938.5720791760832,6298.328127238859
1788081009,50,,Aggregated,14.800000,0.000000,81,100,150,170,200,280,390,510,880,940,940,6994,1,81,114.30671733374872,11.179457884281874,938.5720791760832,6295.553760366028
1788081010,50,,Aggregated,15.800000,0.000000,81,100,150,170,200,280,390,510,880,940,940,7003,1,81,114.30819060952807,11.179457884281874,938.5720791760832,6298.346994145366
1788081011,50,,Aggregated,16.300000,0.000000,81,100,150,170,200,280,390,510,880,940,940,7017,1,81,114.28172205180223,11.179457884281874,938.5720791760832,6296.700014251104
1788081012,50,,Aggregated,15.300000,0.000000,81,100,150,170,200,280,390,510,880,940,940,7031,1,81,114.18754895299973,11.179457884281874,938.5720791760832,6293.144076233822
1788081013,50,,Aggregated,15.000000,0.000000,81,100,150,170,200,280,390,510,880,940,940,7046,1,81,114.14007707577613,11.179457884281874,938.5720791760832,6293.946352540448
1788081014,50,,Aggregated,15.000000,0.000000,81,100,150,170,200,280,390,510,880,940,940,7055,1,81,114.11430833162905,11.179457884281874,938.5720791760832,6295.281077250177
1788081015,50,,Aggregated,14.300000,0.000000,81,100,150,160,200,280,390,510,880,940,940,7072,1,81,114.01779673498032,11.179457884281874,938.5720791760832,6297.502828054298
1788081016,50,,Aggregated,14.400000,0.000000,81,100,150,160,200,280,390,510,880,940,940,7082,1,81,113.98362633476964,11.179457884281874,938.5720791760832,6296.012849477549
1788081017,50,,Aggregated,14.400000,0.000000,81,100,150,160,190,280,390,510,880,940,940,7097,1,81,113.93551935692568,11.179457884281874,938.5720791760832,6296.075947583486
1788081018,50,,Aggregated,14.100000,0.000000,81,100,150,160,190,270,390,510,880,940,940,7112,1,81,113.8658730904556,11.179457884281874,938.5720791760832,6295.295838020247
1788081019,50,,Aggregated,13.700000,0.000000,81,100,150,160,190,270,390,510,880,940,940,7126,1,81,113.81555126076593,11.179457884281874,938.5720791760832,6296.312938534942
1788081020,50,,Aggregated,13.300000,0.000000,81,100,150,160,190,280,390,510,880,940,940,7139,1,81,113.87526203878485,11.179457884281874,938.5720791760832,6301.355371900827
1788081021,50,,Aggregated,12.900000,0.000000,81,100,150,160,190,270,390,510,880,940,940,7158,1,81,113.82762236057069,11.179457884281874,938.5720791760832,6299.611204246997
1788081022,50,,Aggregated,13.200000,0.000000,81,100,150,160,190,270,390,510,880,940,940,7168,1,81,113.79640564067424,11.179457884281874,938.5720791760832,6299.782645089285
1788081023,50,,Aggregated,13.000000,0.000000,81,100,150,160,190,270,390,510,880,940,940,7183,1,81,113.73626144722049,11.179457884281874,938.5720791760832,6300.529026868996
1788081024,50,,Aggregated,13.900000,0.000000,81,100,150,160,190,270,390,510,880,940,940,7198,1,81,113.67046558267118,11.179457884281874,938.5720791760832,6302.633370380661
1788081025,50,,Aggregated,14.000000,0.000000,81,100,150,160,190,270,380,510,880,940,940,7211,1,81,113.64124885519635,11.179457884281874,938.5720791760832,6305.436000554708
1788081026,50,,Aggregated,13.400000,0.000000,81,100,150,160,190,270,380,510,880,940,940,7224,1,81,113.6621092125136,11.179457884281874,938.5720791760832,6304.177187153931
1788081027,50,,Aggregated,13.900000,0.000000,81,100,150,160,190,270,380,510,880,940,940,7235,1,81,113.649382457522,11.179457884281874,938.5720791760832,6304.302833448514
1788081028,50,,Aggregated,13.700000,0.000000,81,100,150,160,190,270,380,510,880,940,940,7252,1,81,113.54968209352326,11.179457884281874,938.5720791760832,6301.389685603971
1788081029,50,,Aggregated,14.300000,0.000000,81,100,150,160,190,270,380,510,880,940,940,7269,1,81,113.52772558435838,11.179457884281874,938.5720791760832,6296.07126152153
1788081030,50,,Aggregated,13.600000,0.000000,81,100,150,160,190,270,380,510,880,940,940,7281,1,81,113.49397951468688,11.179457884281874,938.5720791760832,6295.757725587145
1788081031,50,,Aggregated,13.800000,0.000000,81,100,150,160,190,270,380,510,880,940,940,7292,1,81,113.44778245434756,11.179457884281874,938.5720791760832,6292.542512342293
1788081032,50,,Aggregated,14.100000,0.000000,81,100,150,160,190,270,380,510,880,940,940,7306,1,81,113.44080061616457,11.179457884281874,938.5720791760832,6292.217218724336
1788081033,50,,Aggregated,14.100000,0.000000,81,100,150,160,190,270,380,510,880,940,940,7322,1,81,113.4682134218281,11.179457884281874,938.5720791760832,6296.567741054357
1788081034,50,,Aggregated,13.200000,0.000000,81,100,150,160,190,270,380,510,880,940,940,7335,1,81,113.44474395679916,11.179457884281874,938.5720791760832,6294.14614860259
1788081035,50,,Aggregated,13.500000,0.000000,81,100,150,160,190,270,380,510,880,940,940,7352,1,81,113.39761374353724,11.179457884281874,938.5720791760832,6298.748095756257
1788081036,50,,Aggregated,13.800000,0.000000,81,100,150,160,190,270,380,510,880,940,940,7364,1,81,113.38217916462995,11.179457884281874,938.5720791760832,6298.154671374253
1788081038,50,,Aggregated,13.600000,0.000000,81,100,150,160,190,270,380,510,880,940,940,7382,1,81,113.40823884764109,11.179457884281874,938.5720791760832,6299.260092115957
1788081039,50,,Aggregated,14.100000,0.000000,81,100,150,160,190,270,380,510,880,940,940,7396,1,81,113.41346271657558,11.179457884281874,938.5720791760832,6298.128988642509
1788081040,50,,Aggregated,14.500000,0.000000,81,100,150,160,190,270,380,500,880,940,940,7409,1,81,113.40264635892022,11.179457884281874,938.5720791760832,6301.0637063031445
1788081041,50,,Aggregated,14.300000,0.000000,81,100,150,160,190,270,380,500,880,940,940,7421,1,81,113.34031729728285,11.179457884281874,938.5720791760832,6298.013340520146
1788081042,50,,Aggregated,14.300000,0.000000,81,100,150,160,190,270,380,500,880,940,940,7437,1,81,113.33419388542431,11.179457884281874,938.5720791760832,6297.412263009278
1788081043,50,,Aggregated,13.900000,0.000000,81,100,150,160,190,270,380,500,880,940,940,7450,1,81,113.29870787892966,11.179457884281874,938.5720791760832,6297.000939597316
1788081044,50,,Aggregated,13.900000,0.000000,81,100,150,160,190,270,380,500,880,940,940,7466,1,81,113.24512529826332,11.179457884281874,938.5720791760832,6291.6572461826945
1788081045,50,,Aggregated,14.100000,0.000000,81,100,150,160,190,270,380,500,880,940,940,7480,1,81,113.20754393065512,11.179457884281874,938.5720791760832,6291.235427807486
1788081046,50,,Aggregated,14.100000,0.000000,81,100,150,160,190,270,380,500,880,940,940,7494,1,81,113.16752866411859,11.179457884281874,938.5720791760832,6293.1623965839335
1788081047,50,,Aggregated,14.400000,0.000000,81,100,150,160,190,270,380,500,880,940,940,7509,1,81,113.22058432697426,11.179457884281874,938.5720791760832,6291.989346117992
1788081048,50,,Aggregated,14.300000,0.000000,81,100,150,160,190,270,380,500,880,940,940,7519,1,81,113.22271622609496,11.179457884281874,938.5720791760832,6295.105732145232
1788081049,50,,Aggregated,14.500000,0.000000,81,100,150,160,190,270,380,500,880,940,940,7533,1,81,113.18866559406294,11.179457884281874,938.5720791760832,6298.082304526749
1788081050,50,,Aggregated,13.700000,0.000000,81,100,150,160,190,270,380,500,880,940,940,7548,1,81,113.15116820020738,11.179457884281874,938.5720791760832,6296.838765235824
1788081051,50,,Aggregated,13.500000,0.000000,81,100,150,160,190,270,380,500,880,940,940,7561,1,81,113.09823901263802,11.179457884281874,938.5720791760832,6292.833223118635
1788081052,50,,Aggregated,13.900000,0.000000,81,100,150,160,190,270,380,500,880,940,940,7579,1,81,113.05463059635387,11.179457884281874,938.5720791760832,6294.094339622641
1788081053,50,,Aggregated,13.900000,0.000000,81,100,150,160,190,270,380,500,880,940,940,7597,1,81,113.08176110575717,11.179457884281874,938.5720791760832,6297.260892457549
1788081054,50,,Aggregated,13.800000,0.000000,81,100,150,160,190,270,380,500,880,940,940,7607,1,81,113.04234671166486,11.179457884281874,938.5720791760832,6296.144998028132
1788081055,50,,Aggregated,14.600000,0.000000,81,100,150,160,190,270,380,500,880,940,940,7621,1,81,112.96393795578908,11.179457884281874,938.5720791760832,6291.747277260202
1788081056,50,,Aggregated,14.000000,0.000000,81,100,150,160,190,270,380,500,880,940,940,7641,1,81,112.96452422225437,11.179457884281874,938.5720791760832,6298.646250490773
1788081057,50,,Aggregated,14.200000,0.000000,81,100,150,160,190,270,380,500,880,940,940,7659,1,81,112.94247744840116,11.179457884281874,938.5720791760832,6301.608695652174
1788081058,50,,Aggregated,14.200000,0.000000,81,100,150,160,190,270,380,500,880,940,940,7672,1,81,112.88984074427628,11.179457884281874,938.5720791760832,6302.364833159541
1788081059,50,,Aggregated,14.800000,0.000000,81,100,150,160,190,270,380,500,880,940,940,7686,1,81,112.83918141379284,11.179457884281874,938.5720791760832,6301.529794431433
1788081060,50,,Aggregated,14.900000,0.000000,81,100,150,160,190,270,380,500,880,940,940,7695,1,81,112.80493055717793,11.179457884281874,938.5720791760832,6300.671604938271
1788081061,50,,Aggregated,15.300000,0.000000,81,100,150,160,190,270,380,490,880,940,940,7711,1,81,112.7904663646876,11.179457884281874,938.5720791760832,6301.828167552847
1788081062,50,,Aggregated,14.600000,0.000000,81,100,150,160,190,270,380,490,880,940,940,7728,1,81,112.73366518197055,11.179457884281874,938.5720791760832,6304.403079710145
1788081063,50,,Aggregated,15.000000,0.000000,81,100,150,160,190,270,380,490,880,940,940,7746,1,81,112.74032184436702,11.179457884281874,938.5720791760832,6304.609088561839
1788081064,50,,Aggregated,15.100000,0.000000,81,100,150,160,190,270,380,490,880,940,940,7758,1,81,112.6746112309933,11.179457884281874,938.5720791760832,6301.958494457334
1788081065,50,,Aggregated,14.400000,0.000000,81,100,150,160,190,270,380,490,880,940,940,7770,1,81,112.63317631037985,11.179457884281874,938.5720791760832,6302.7589446589445
1788081066,50,,Aggregated,14.900000,0.000000,81,100,150,160,190,270,380,490,880,940,940,7788,1,81,112.54282545966934,11.179457884281874,938.5720791760832,6300.029019003595
1788081067,50,,Aggregated,14.700000,0.000000,81,100,150,160,190,270,370,490,880,940,940,7803,1,81,112.4920259697947,11.179457884281874,938.5720791760832,6297.192874535435
1788081068,50,,Aggregated,14.700000,0.000000,81,100,150,160,190,270,370,490,880,940,940,7818,1,81,112.48879267718098,11.179457884281874,938.5720791760832,6298.169352775646
1788081069,50,,Aggregated,14.700000,0.000000,81,100,150,160,190,270,370,490,880,940,940,7827,1,81,112.44553849643059,11.179457884281874,938.5720791760832,6295.828925514245
1788081070,50,,Aggregated,14.500000,0.000000,81,100,150,160,190,270,370,490,880,940,940,7842,1,81,112.41098446890264,11.179457884281874,938.5720791760832,6293.9608518235145
1788081071,50,,Aggregated,14.300000,0.000000,81,100,150,160,190,270,370,490,880,940,940,7858,1,81,112.49818559279716,11.179457884281874,938.5720791760832,6296.7489182998215
1788081072,50,,Aggregated,14.200000,0.000000,81,100,150,160,190,270,370,490,880,940,940,7875,1,81,112.47876718930073,11.179457884281874,938.5720791760832,6298.024761904762
1788081073,50,,Aggregated,14.400000,0.000000,81,100,150,160,190,270,370,490,880,940,940,7886,1,81,112.44950395304451,11.179457884281874,938.5720791760832,6298.62490489475
1788081074,50,,Aggregated,14.100000,0.000000,81,100,150,160,190,270,370,490,880,940,940,7896,1,81,112.41293896676471,11.179457884281874,938.5720791760832,6297.80002532928
1788081075,50,,Aggregated,14.400000,0.000000,81,100,150,160,190,270,370,490,880,940,940,7917,1,81,112.45066439515283,11.179457884281874,938.5720791760832,6302.67929771378
1788081076,50,,Aggregated,13.800000,0.000000,81,100,150,160,190,270,370,490,880,940,940,7926,1,81,112.41593152327393,11.179457884281874,938.5720791760832,6302.67335352006
1788081077,50,,Aggregated,14.400000,0.000000,81,100,150,160,190,270,370,490,880,940,940,7943,1,81,112.36558242352291,11.179457884281874,938.5720791760832,6297.415208359562
1788081078,50,,Aggregated,14.200000,0.000000,81,100,150,160,190,270,370,490,880,940,940,7957,1,81,112.35526603286314,11.179457884281874,938.5720791760832,6296.624355913033
1788081079,50,,Aggregated,13.500000,0.000000,81,100,150,160,190,270,370,490,880,940,940,7970,1,81,112.32554434668366,11.179457884281874,938.5720791760832,6296.172396486825
1788081080,50,,Aggregated,14.000000,0.000000,81,100,150,160,190,270,370,490,880,940,940,7990,1,81,112.30341001971507,11.179457884281874,938.5720791760832,6296.738673341677
1788081081,50,,Aggregated,13.900000,0.000000,81,100,150,160,190,270,380,500,850,940,940,8005,1,81,112.5124575403565,11.179457884281874,938.5720791760832,6300.188382261087
1788081082,50,,Aggregated,14.700000,0.000000,81,100,150,160,190,270,380,500,850,940,940,8016,1,81,112.50457253182556,11.179457884281874,938.5720791760832,6299.553018962076
1788081083,50,,Aggregated,14.300000,0.000000,81,100,150,160,190,270,380,500,850,940,940,8028,1,81,112.49836229928735,11.179457884281874,938.5720791760832,6302.613353263578
1788081084,50,,Aggregated,14.400000,0.000000,81,100,150,160,190,270,380,500,850,940,940,8043,1,81,112.46660836387194,11.179457884281874,938.5720791760832,6301.9065025488
1788081085,50,,Aggregated,14.200000,0.000000,81,100,150,160,190,270,370,500,850,940,940,8051,1,81,112.43937564188982,11.179457884281874,938.5720791760832,6300.818035026705
1788081086,50,,Aggregated,14.100000,0.000000,81,100,150,160,190,270,370,500,850,940,940,8068,1,81,112.44376325618751,11.179457884281874,938.5720791760832,6304.092588001983
1788081087,50,,Aggregated,13.700000,0.000000,81,100,150,160,190,260,370,500,850,940,940,8085,1,81,112.39159652501363,11.179457884281874,938.5720791760832,6301.9118119975265
1788081088,50,,Aggregated,13.600000,0.000000,81,100,150,160,190,260,370,490,850,940,940,8104,1,81,112.35698705198595,11.179457884281874,938.5720791760832,6301.586253701876
1788081089,50,,Aggregated,14.200000,0.000000,81,100,150,160,190,260,370,490,850,940,940,8114,1,81,112.36111457017267,11.179457884281874,938.5720791760832,6303.269287650974
1788081090,50,,Aggregated,14.000000,0.000000,81,100,150,160,190,260,370,490,850,940,940,8129,1,81,112.31454513228189,11.179457884281874,938.5720791760832,6300.221306433756
1788081091,50,,Aggregated,14.000000,0.000000,81,100,150,160,190,260,370,490,850,940,940,8141,1,81,112.26315624865376,11.179457884281874,938.5720791760832,6298.483601523154
1788081092,50,,Aggregated,13.700000,0.000000,80,100,150,160,190,260,370,490,850,940,940,8159,1,80,112.1978151857342,11.179457884281874,938.5720791760832,6294.680475548474
1788081093,50,,Aggregated,13.700000,0.000000,80,100,150,160,190,260,370,490,850,940,940,8175,1,80,112.1538463318635,11.179457884281874,938.5720791760832,6294.574556574924
1788081094,50,,Aggregated,13.800000,0.000000,80,100,150,160,190,260,370,490,850,940,940,8188,1,80,112.10255908978735,11.179457884281874,938.5720791760832,6291.707132388862
1788081095,50,,Aggregated,14.000000,0.000000,80,99,150,160,190,260,370,490,850,940,940,8198,1,80,112.06790219469141,11.179457884281874,938.5720791760832,6290.301171017321
1788081096,50,,Aggregated,14.500000,0.000000,80,99,150,160,190,260,370,490,850,940,940,8212,1,80,112.0461394730343,11.179457884281874,938.5720791760832,6288.48830979055
1788081097,50,,Aggregated,14.300000,0.000000,80,100,150,160,190,260,370,490,850,940,940,8224,1,80,112.05518154260601,11.179457884281874,938.5720791760832,6291.963886186771
1788081098,50,,Aggregated,14.200000,0.000000,80,99,150,160,190,260,370,490,850,940,940,8241,1,80,112.01160581770706,11.179457884281874,938.5720791760832,6290.029001334789
1788081099,50,,Aggregated,13.800000,0.000000,80,100,150,160,190,260,370,490,850,940,940,8258,1,80,112.04069894249602,11.179457884281874,938.5720791760832,6290.3784209251635
1788081100,50,,Aggregated,13.700000,0.000000,80,100,150,160,190,260,370,490,850,940,940,8277,1,80,112.0434970185316,11.179457884281874,938.5720791760832,6291.315694092063
1788081101,50,,Aggregated,14.000000,0.000000,80,100,150,160,190,260,370,490,850,940,940,8286,1,80,112.02201743892545,11.179457884281874,938.5720791760832,6290.684769490707
1788081102,50,,Aggregated,14.400000,0.000000,80,100,150,160,190,260,370,490,850,940,940,8297,1,80,111.99833285721279,11.179457884281874,938.5720791760832,6289.996022658793
1788081103,50,,Aggregated,14.700000,0.000000,80,99,150,160,190,260,370,490,850,940,940,8310,1,80,111.96591148570978,11.179457884281874,938.5720791760832,6285.973044524669
1788081104,50,,Aggregated,14.000000,0.000000,80,99,150,160,190,260,370,490,850,940,940,8326,1,80,111.92244058651073,11.179457884281874,938.5720791760832,6287.26579389863
1788081105,50,,Aggregated,13.700000,0.000000,80,100,150,160,190,260,370,490,850,940,940,8343,1,80,111.94288042083943,11.179457884281874,938.5720791760832,6290.128371089536
1788081106,50,,Aggregated,13.900000,0.000000,80,100,150,160,190,260,370,490,850,940,940,8353,1,80,111.98457785289234,11.179457884281874,938.5720791760832,6292.269723452651
1788081107,50,,Aggregated,13.700000,0.000000,80,100,150,160,190,260,370,490,850,940,940,8368,1,80,111.97016812314726,11.179457884281874,938.5720791760832,6291.542184512428
1788081108,50,,Aggregated,14.400000,0.000000,80,99,150,160,190,260,370,490,850,940,940,8386,1,80,111.9163718304781,11.179457884281874,938.5720791760832,6288.396374910565
1788081109,50,,Aggregated,13.800000,0.000000,80,99,150,160,190,260,370,490,850,940,940,8398,1,80,111.88597412010627,11.179457884281874,938.5720791760832,6288.7426768278165
1788081110,50,,Aggregated,14.100000,0.000000,80,99,150,160,190,260,370,490,850,940,940,8414,1,80,111.87474468796215,11.179457884281874,938.5720791760832,6289.543974328501
1788081111,50,,Aggregated,14.300000,0.000000,80,99,150,160,190,260,370,490,850,940,940,8430,1,80,111.8261860505692,11.179457884281874,938.5720791760832,6286.220403321471
1788081112,50,,Aggregated,13.900000,0.000000,80,99,150,160,190,260,370,490,850,940,940,8447,1,80,111.77504193469947,11.179457884281874,938.5720791760832,6284.860778974784
1788081113,50,,Aggregated,13.700000,0.000000,80,99,150,160,190,260,370,490,850,940,940,8460,1,80,111.73077927336502,11.179457884281874,938.5720791760832,6281.791962174941
1788081114,50,,Aggregated,14.500000,0.000000,80,99,150,160,190,260,370,490,850,940,940,8476,1,80,111.68761239693104,11.179457884281874,938.5720791760832,6283.341080698443
1788081115,50,,Aggregated,14.800000,0.000000,80,99,150,160,190,260,370,490,850,940,940,8485,1,80,111.65011587300825,11.179457884281874,938.5720791760832,6282.742133176193
1788081116,50,,Aggregated,14.700000,0.000000,80,99,150,160,190,260,370,490,850,940,940,8503,1,80,111.5933615865954,11.179457884281874,938.5720791760832,6281.67188051276
1788081117,50,,Aggregated,15.000000,0.000000,80,99,150,160,190,260,370,490,850,940,940,8517,1,80,111.55701138702891,11.179457884281874,938.5720791760832,6280.948925678055
1788081118,50,,Aggregated,14.200000,0.000000,80,99,150,160,190,260,370,490,850,940,940,8530,1,80,111.48435533202853,11.179457884281874,938.5720791760832,6276.182415005862
1788081119,50,,Aggregated,15.200000,0.000000,80,99,150,160,190,260,370,490,850,940,940,8542,1,80,111.43763742971798,11.179457884281874,938.5720791760832,6275.282018262702
1788081120,50,,Aggregated,14.900000,0.000000,80,99,150,160,190,260,370,490,850,940,940,8562,1,80,111.35959202059081,11.179457884281874,938.5720791760832,6270.444989488437
1788081121,50,,Aggregated,14.200000,0.000000,80,99,150,160,190,260,370,490,850,940,940,8573,1,80,111.33937102192913,11.179457884281874,938.5720791760832,6271.569228974688
1788081122,50,,Aggregated,14.600000,0.000000,80,99,150,160,190,260,370,490,850,940,940,8589,1,80,111.34895696731961,11.179457884281874,938.5720791760832,6276.360228198859
1788081123,50,,Aggregated,14.700000,0.000000,80,99,150,160,190,260,360,480,850,940,940,8605,1,80,111.34017664313593,11.179457884281874,938.5720791760832,6277.940034863452
1788081124,50,,Aggregated,14.100000,0.000000,80,99,150,160,190,260,360,480,850,940,940,8621,1,80,111.30012071748385,11.179457884281874,938.5720791760832,6276.543208444496
1788081125,50,,Aggregated,13.900000,0.000000,80,99,150,160,190,260,360,480,850,940,940,8636,1,80,111.24865110535882,11.179457884281874,938.5720791760832,6277.077929597036
1788081126,50,,Aggregated,14.500000,0.000000,80,99,150,160,190,260,360,480,850,940,940,8645,1,80,111.21909965549855,11.179457884281874,938.5720791760832,6281.042452284558
1788081127,50,,Aggregated,14.600000,0.000000,80,99,150,160,190,260,360,480,850,940,940,8655,1,80,111.2314081623567,11.179457884281874,938.5720791760832,6285.788099364529
1788081128,50,,Aggregated,14.800000,0.000000,80,99,150,160,190,260,360,480,850,940,940,8677,1,80,111.23116716236551,11.179457884281874,938.5720791760832,6285.37259421459
1788081129,50,,Aggregated,13.900000,0.000000,80,99,150,160,190,260,360,480,850,940,940,8691,1,80,111.21206612605569,11.179457884281874,938.5720791760832,6287.002531354275
1788081130,50,,Aggregated,13.800000,0.000000,80,99,150,160,190,260,360,480,850,940,940,8708,1,80,111.15418645686658,11.179457884281874,938.5720791760832,6286.275838309601
1788081131,50,,Aggregated,14.700000,0.000000,80,99,150,160,190,260,360,480,850,940,940,8719,1,80,111.12721219526614,11.179457884281874,938.5720791760832,6285.428489505677
1788081132,50,,Aggregated,14.500000,0.000000,80,99,150,160,190,260,360,480,850,940,940,8737,1,80,111.04699012977859,11.179457884281874,938.5720791760832,6278.459654343596
1788081133,50,,Aggregated,14.400000,0.000000,80,99,150,160,190,260,360,480,850,940,940,8752,1,80,111.02376214976225,11.179457884281874,938.5720791760832,6279.642595978062
1788081134,50,,Aggregated,14.500000,0.000000,80,99,150,160,190,260,360,480,850,940,940,8766,1,80,110.9952265119421,11.179457884281874,938.5720791760832,6279.857403604837
1788081135,50,,Aggregated,14.900000,0.000000,80,99,150,160,190,260,360,480,850,940,940,8780,1,80,110.9556831399314,11.179457884281874,938.5720791760832,6284.273576309795
1788081136,50,,Aggregated,14.300000,0.000000,80,99,150,160,190,260,360,480,850,940,940,8796,1,80,110.91247394649955,11.179457884281874,938.5720791760832,6281.507048658481
1788081137,50,,Aggregated,14.400000,0.000000,80,99,150,160,190,260,360,470,850,940,940,8808,1,80,110.93744137710858,11.179457884281874,938.5720791760832,6280.939940962761
1788081139,50,,Aggregated,15.100000,0.000000,80,99,150,160,190,260,360,470,850,940,940,8822,1,80,110.97925718914594,11.179457884281874,938.5720791760832,6282.312514169123
1788081140,50,,Aggregated,15.100000,0.000000,80,99,150,160,190,260,360,470,850,940,940,8838,1,80,111.01477738893665,11.179457884281874,938.5720791760832,6282.756732292374
1788081141,50,,Aggregated,14.300000,0.000000,80,99,150,160,190,260,360,470,850,940,940,8846,1,80,110.99831044687396,11.179457884281874,938.5720791760832,6282.0108523626495
1788081142,50,,Aggregated,14.300000,0.000000,80,99,150,160,190,260,360,470,850,940,940,8862,1,80,111.06651787936379,11.179457884281874,938.5720791760832,6285.851049424509
1788081143,50,,Aggregated,14.500000,0.000000,80,99,150,160,190,260,360,470,850,940,940,8872,1,80,111.04901479497846,11.179457884281874,938.5720791760832,6286.180342651037
1788081144,50,,Aggregated,14.200000,0.000000,80,99,150,160,190,260,360,470,850,940,940,8888,1,80,111.03839670384636,11.179457884281874,938.5720791760832,6284.3065931593155
1788081145,50,,Aggregated,13.400000,0.000000,80,99,150,160,190,260,360,470,850,940,940,8904,1,80,111.02934862311925,11.179457884281874,938.5720791760832,6282.368598382749
1788081146,50,,Aggregated,13.400000,0.000000,80,99,150,160,190,260,360,470,850,940,940,8920,1,80,111.02821594339089,11.179457884281874,938.5720791760832,6286.5522421524665
1788081147,50,,Aggregated,13.400000,0.000000,80,99,150,160,190,260,360,470,850,940,940,8936,1,80,111.02315326210969,11.179457884281874,938.5720791760832,6286.460496866607
1788081148,50,,Aggregated,13.500000,0.000000,80,99,150,160,190,260,360,470,850,940,940,8949,1,80,111.04677202674777,11.179457884281874,938.5720791760832,6289.550452564532
1788081149,50,,Aggregated,13.900000,0.000000,80,99,150,160,190,260,360,470,850,940,940,8962,1,80,111.07121909608163,11.179457884281874,938.5720791760832,6294.783418879714
1788081150,50,,Aggregated,14.000000,0.000000,80,99,150,160,190,260,360,470,850,940,940,8978,1,80,111.04289486283952,11.179457884281874,938.5720791760832,6292.63366005792
1788081151,50,,Aggregated,14.100000,0.000000,80,99,150,160,190,260,360,470,850,940,940,8988,1,80,111.07837301287277,11.179457884281874,938.5720791760832,6291.927458834001
1788081152,50,,Aggregated,14.000000,0.000000,80,99,150,160,190,260,360,470,850,940,940,9008,1,80,111.01533811613128,11.179457884281874,938.5720791760832,6287.933170515098
1788081153,50,,Aggregated,14.100000,0.000000,80,99,150,160,190,260,360,470,850,940,940,9016,1,80,111.00380643367079,11.179457884281874,938.5720791760832,6287.7470053238685
1788081154,50,,Aggregated,14.300000,0.000000,80,99,150,160,190,260,360,470,850,940,940,9029,1,80,110.9488008649885,11.179457884281874,938.5720791760832,6287.00819581349
1788081155,50,,Aggregated,14.200000,0.000000,80,99,150,160,190,260,360,470,850,940,940,9047,1,80,110.89813065280407,11.179457884281874,938.5720791760832,6289.452083563612
1788081156,50,,Aggregated,14.100000,0.000000,80,99,150,160,190,260,360,470,850,940,940,9061,1,80,110.96737232037553,11.179457884281874,938.5720791760832,6292.803774417835
1788081157,50,,Aggregated,14.100000,0.000000,80,99,150,160,190,260,360,470,850,940,940,9073,1,80,110.96770717953541,11.179457884281874,938.5720791760832,6297.090929130387
1788081158,50,,Aggregated,14.100000,0.000000,80,99,150,160,190,260,360,470,850,940,940,9082,1,80,110.95563431094143,11.179457884281874,938.5720791760832,6298.579718123761
1788081159,50,,Aggregated,13.300000,0.000000,80,99,150,160,190,260,360,470,850,940,940,9097,1,80,110.96450709126135,11.179457884281874,938.5720791760832,6300.773881499395
1788081160,50,,Aggregated,13.200000,0.000000,80,99,150,160,190,260,360,470,850,940,940,9112,1,80,110.90506114733272,11.179457884281874,938.5720791760832,6297.449517120281
1788081161,50,,Aggregated,13.000000,0.000000,80,99,150,160,190,250,360,470,850,940,940,9122,1,80,110.8677828217818,11.179457884281874,938.5720791760832,6295.792150844113
1788081162,50,,Aggregated,13.000000,0.000000,80,99,150,160,190,250,360,470,850,940,940,9138,1,80,110.85419940484394,11.179457884281874,938.5720791760832,6296.67016852703
1788081163,50,,Aggregated,13.400000,0.000000,80,99,150,160,190,250,360,470,850,940,940,9151,1,80,110.85366452087962,11.179457884281874,938.5720791760832,6297.666047426511
1788081164,50,,Aggregated,13.100000,0.000000,80,99,150,160,190,250,360,470,850,940,940,9170,1,80,110.82978659807608,11.179457884281874,938.5720791760832,6297.664667393675
1788081165,50,,Aggregated,13.300000,0.000000,80,99,150,160,190,250,360,470,850,940,940,9186,1,80,110.83874922868144,11.179457884281874,938.5720791760832,6298.340409318528
1788081166,50,,Aggregated,13.800000,0.000000,80,99,150,160,190,250,360,470,850,940,940,9195,1,80,110.83138958483129,11.179457884281874,938.5720791760832,6300.374442631865
1788081167,50,,Aggregated,13.400000,0.000000,80,99,150,160,190,250,360,470,850,940,940,9211,1,80,110.81178702032145,11.179457884281874,938.5720791760832,6297.62794484855
1788081168,50,,Aggregated,13.400000,0.000000,80,99,150,160,190,250,360,470,850,940,940,9226,1,80,110.77438009287674,11.179457884281874,938.5720791760832,6295.759809234772
1788081169,50,,Aggregated,13.600000,0.000000,80,99,150,160,190,250,360,470,850,940,940,9241,1,80,110.77875208690422,11.179457884281874,938.5720791760832,6298.463045124987
1788081170,50,,Aggregated,14.100000,0.000000,80,99,150,160,190,250,360,470,850,940,940,9257,1,80,110.73521594265415,11.179457884281874,938.5720791760832,6297.494112563466
1788081171,50,,Aggregated,14.600000,0.000000,80,99,150,160,190,250,360,470,850,940,940,9273,1,80,110.69759115030685,11.179457884281874,938.5720791760832,6299.768683274021
1788081172,50,,Aggregated,14.400000,0.000000,80,99,150,160,190,250,360,470,850,940,940,9291,1,80,110.65383918586701,11.179457884281874,938.5720791760832,6297.82068668604
1788081173,50,,Aggregated,14.900000,0.000000,80,99,150,160,190,250,360,470,850,940,940,9302,1,80,110.65805778722354,11.179457884281874,938.5720791760832,6304.132874650612
1788081174,50,,Aggregated,14.900000,0.000000,80,99,150,160,190,250,360,470,850,940,940,9320,1,80,110.62949471020283,11.179457884281874,938.5720791760832,6303.574892703863
1788081175,50,,Aggregated,15.200000,0.000000,80,99,150,160,190,250,360,470,850,940,940,9336,1,80,110.6069887266634,11.179457884281874,938.5720791760832,6303.704155955441
1788081176,50,,Aggregated,14.700000,0.000000,80,99,150,160,190,250,360,470,850,940,940,9353,1,80,110.6025548614225,11.179457884281874,938.5720791760832,6304.718058376991
1788081177,50,,Aggregated,15.300000,0.000000,80,99,150,160,190,250,360,470,850,940,940,9373,1,80,110.54739420720826,11.179457884281874,938.5720791760832,6306.822362103915
1788081178,50,,Aggregated,15.400000,0.000000,80,99,150,160,190,250,360,470,850,940,940,9386,1,80,110.52275699001812,11.179457884281874,938.5720791760832,6308.567867036011
1788081179,50,,Aggregated,15.900000,0.000000,80,99,150,160,190,250,360,470,850,940,940,9393,1,80,110.50981507895588,11.179457884281874,938.5720791760832,6307.6435643564355
1788081180,50,,Aggregated,16.100000,0.000000,80,99,150,160,190,250,360,470,850,940,940,9413,1,80,110.65161989167338,11.179457884281874,938.5720791760832,6311.125358546691
1788081181,50,,Aggregated,15.300000,0.000000,80,99,150,160,190,250,360,470,850,940,940,9422,1,80,110.67147811808915,11.179457884281874,938.5720791760832,6310.665039269794
1788081182,50,,Aggregated,15.300000,0.000000,80,99,150,160,190,250,360,470,850,940,940,9438,1,80,110.66153076935511,11.179457884281874,938.5720791760832,6315.23532528078
1788081183,50,,Aggregated,14.800000,0.000000,80,99,150,160,190,250,360,470,850,940,940,9451,1,80,110.72210652503709,11.179457884281874,938.5720791760832,6320.654745529574
1788081184,50,,Aggregated,14.800000,0.000000,80,99,150,160,190,250,360,470,850,940,940,9465,1,80,110.7224372242136,11.179457884281874,938.5720791760832,6323.1216059165345
1788081185,50,,Aggregated,14.600000,0.000000,80,99,150,160,190,250,360,470,850,940,940,9475,1,80,110.7150984430897,11.179457884281874,938.5720791760832,6322.500158311345
1788081186,50,,Aggregated,14.600000,0.000000,80,99,150,160,190,250,360,470,850,940,940,9494,1,80,110.88837868035603,11.179457884281874,938.5720791760832,6325.683484305878
1788081187,50,,Aggregated,14.200000,0.000000,80,99,150,160,190,250,360,470,850,940,940,9504,1,80,110.87584645318918,11.179457884281874,938.5720791760832,6324.951494107744
1788081188,50,,Aggregated,14.000000,0.000000,80,99,150,160,190,250,360,470,850,940,940,9523,1,80,110.90591659643356,11.179457884281874,938.5720791760832,6327.106899086422
1788081189,50,,Aggregated,13.700000,0.000000,80,99,150,160,190,250,360,470,850,940,940,9534,1,80,110.87858507447594,11.179457884281874,938.5720791760832,6325.686175791902
1788081190,50,,Aggregated,13.100000,0.000000,80,99,150,160,190,250,360,470,850,940,940,9545,1,80,110.83122470726894,11.179457884281874,938.5720791760832,6323.044316396019
1788081191,50,,Aggregated,13.700000,0.000000,80,99,150,160,190,250,360,470,850,940,940,9567,1,80,110.81631405823602,11.179457884281874,938.5720791760832,6326.230375248249
1788081192,50,,Aggregated,13.200000,0.000000,80,99,150,160,190,250,360,470,850,940,940,9579,1,80,110.8074295728281,11.179457884281874,938.5720791760832,6327.408706545569
1788081193,50,,Aggregated,13.400000,0.000000,80,99,150,160,190,250,360,470,850,940,940,9593,1,80,110.77134915811318,11.179457884281874,938.5720791760832,6325.7821328051705
1788081194,50,,Aggregated,13.900000,0.000000,80,99,150,160,190,250,360,470,850,940,940,9609,1,80,110.75325546462858,11.179457884281874,938.5720791760832,6329.98449370382
1788081195,50,,Aggregated,13.800000,0.000000,80,99,150,160,190,250,360,470,850,940,940,9621,1,80,110.74309675747031,11.179457884281874,938.5720791760832,6331.714270865815
1788081196,50,,Aggregated,13.700000,0.000000,80,99,150,160,190,250,360,470,850,940,940,9637,1,80,110.72416324504269,11.179457884281874,938.5720791760832,6332.698453875688
1788081197,50,,Aggregated,14.300000,0.000000,80,99,150,160,190,250,360,470,850,940,940,9648,1,80,110.7726917492512,11.179457884281874,938.5720791760832,6338.706053067994
1788081198,50,,Aggregated,13.900000,0.000000,80,99,150,160,190,250,360,470,850,940,940,9669,1,80,110.7691813587373,11.179457884281874,938.5720791760832,6341.446685282863
1788081199,50,,Aggregated,13.900000,0.000000,80,99,150,160,190,250,360,470,850,940,940,9681,1,80,110.78160133599245,11.179457884281874,938.5720791760832,6341.141514306373
1788081200,50,,Aggregated,14.700000,0.000000,80,99,150,160,190,250,360,470,850,940,940,9692,1,80,110.74546728247805,11.179457884281874,938.5720791760832,6342.0082542302935
1788081201,50,,Aggregated,14.300000,0.000000,80,99,150,160,190,250,360,470,850,940,940,9706,1,80,110.74040451052706,11.179457884281874,938.5720791760832,6343.8123840923145
1788081202,50,,Aggregated,14.600000,0.000000,80,99,150,160,190,250,360,470,850,940,940,9721,1,80,110.7339343058382,11.179457884281874,938.5720791760832,6346.532969859068
1788081203,50,,Aggregated,14.800000,0.000000,80,99,150,160,190,250,360,470,850,940,940,9733,1,80,110.70744422080486,11.179457884281874,938.5720791760832,6344.9511969588
1788081204,50,,Aggregated,14.000000,0.000000,80,99,150,160,190,250,360,470,850,940,940,9750,1,80,110.65004986398017,11.179457884281874,938.5720791760832,6340.763384615385
1788081205,50,,Aggregated,14.500000,0.000000,80,99,150,160,190,250,360,470,850,940,940,9767,1,80,110.62214856651613,11.179457884281874,938.5720791760832,6339.375038394594
1788081206,50,,Aggregated,14.100000,0.000000,80,99,150,160,190,250,360,470,850,940,940,9776,1,80,110.6355970710127,11.179457884281874,938.5720791760832,6339.85883797054
1788081207,50,,Aggregated,14.000000,0.000000,80,99,150,160,190,250,360,470,850,940,940,9798,1,80,110.59205033093524,11.179457884281874,938.5720791760832,6337.845478669116
1788081208,50,,Aggregated,14.400000,0.000000,80,99,150,160,190,250,360,470,850,940,940,9811,1,80,110.53757935338749,11.179457884281874,938.5720791760832,6334.604933238202
1788081209,50,,Aggregated,14.400000,0.000000,80,99,150,160,190,250,360,470,850,940,940,9822,1,80,110.51607470854364,11.179457884281874,938.5720791760832,6334.6302178782325
1788081210,50,,Aggregated,14.500000,0.000000,80,99,150,160,190,250,360,470,850,940,940,9839,1,80,110.4684957141576,11.179457884281874,938.5720791760832,6332.909035471084
1788081211,50,,Aggregated,14.600000,0.000000,80,99,150,160,190,250,360,470,850,940,940,9849,1,80,110.46117550166942,11.179457884281874,938.5720791760832,6335.216773276475
1788081212,50,,Aggregated,14.600000,0.000000,80,99,150,160,190,250,360,470,850,940,940,9869,1,80,110.42804334558791,11.179457884281874,938.5720791760832,6336.3239436619715
1788081213,50,,Aggregated,14.100000,0.000000,80,99,150,160,190,250,360,470,850,940,940,9884,1,80,110.3918877059625,11.179457884281874,938.5720791760832,6335.282072035613
1788081214,50,,Aggregated,14.400000,0.000000,80,99,150,160,190,250,350,470,850,940,940,9901,1,80,110.39984415694184,11.179457884281874,938.5720791760832,6339.7743662256335
1788081215,50,,Aggregated,14.500000,0.000000,80,99,150,160,190,250,350,470,850,940,940,9919,1,80,110.3388005439684,11.179457884281874,938.5720791760832,6336.606109486844
1788081216,50,,Aggregated,15.000000,0.000000,80,99,150,160,190,250,350,470,850,940,940,9928,1,80,110.31264679961482,11.179457884281874,938.5720791760832,6335.995970991136
1788081217,50,,Aggregated,14.800000,0.000000,80,99,150,160,190,250,350,470,850,940,940,9950,1,80,110.32282591846551,11.179457884281874,938.5720791760832,6334.5849246231155
1788081218,50,,Aggregated,14.900000,0.000000,80,99,150,160,190,250,350,470,850,940,940,9961,1,80,110.3109946149204,11.179457884281874,938.5720791760832,6334.639192852123
1788081219,50,,Aggregated,14.600000,0.000000,80,99,150,160,190,250,350,470,850,940,940,9971,1,80,110.27869507794628,11.179457884281874,938.5720791760832,6334.1370975829905
1788081220,50,,Aggregated,14.600000,0.000000,80,99,150,160,190,250,350,470,850,940,940,9993,1,80,110.22459239111616,11.179457884281874,938.5720791760832,6332.25497848494
1788081221,50,,Aggregated,14.600000,0.000000,80,99,150,160,190,250,350,470,850,920,940,10008,1,80,110.18898356795705,11.179457884281874,938.5720791760832,6333.661071143086
1788081222,50,,Aggregated,14.300000,0.000000,80,99,150,160,190,250,350,470,850,920,940,10020,1,80,110.1794107309394,11.179457884281874,938.5720791760832,6334.698902195609
1788081223,50,,Aggregated,15.700000,0.000000,80,99,150,160,190,250,350,470,850,920,940,10031,1,80,110.19585496401459,11.179457884281874,938.5720791760832,6334.891137473831
1788081224,50,,Aggregated,15.400000,0.000000,80,98,150,160,190,250,350,470,850,920,940,10043,1,80,110.17110462032109,11.179457884281874,938.5720791760832,6333.212088021508
1788081225,50,,Aggregated,15.000000,0.000000,80,99,150,160,190,250,350,470,850,920,940,10061,1,80,110.16508419267169,11.179457884281874,938.5720791760832,6335.140145114799
1788081226,50,,Aggregated,14.600000,0.000000,80,99,150,160,190,250,350,470,850,920,940,10072,1,80,110.15128990136604,11.179457884281874,938.5720791760832,6335.778594122319
1788081227,50,,Aggregated,14.200000,0.000000,80,98,150,160,190,250,350,470,850,920,940,10089,1,80,110.0867461951178,11.179457884281874,938.5720791760832,6330.950143720884
1788081228,50,,Aggregated,14.200000,0.000000,80,98,150,160,190,250,350,470,850,920,940,10104,1,80,110.04410500263778,11.179457884281874,938.5720791760832,6327.7394101346
1788081229,50,,Aggregated,14.500000,0.000000,80,98,150,160,190,250,350,470,850,920,940,10125,1,80,109.9970898206955,11.179457884281874,938.5720791760832,6323.571654320987
1788081230,50,,Aggregated,13.700000,0.000000,80,98,150,160,190,250,350,470,850,920,940,10132,1,80,109.98166069230105,11.179457884281874,938.5720791760832,6323.2999407816815
1788081231,50,,Aggregated,14.100000,0.000000,80,98,150,160,190,250,350,470,850,920,940,10145,1,80,109.98651802885456,11.179457884281874,938.5720791760832,6324.603351404633
1788081232,50,,Aggregated,15.300000,0.000000,80,98,150,160,190,250,350,470,850,920,940,10161,1,80,109.97961330454496,11.179457884281874,938.5720791760832,6325.551422104124
1788081233,50,,Aggregated,13.600000,0.000000,80,98,150,160,190,250,350,470,850,920,940,10175,1,80,109.92341783131114,11.179457884281874,938.5720791760832,6322.142211302211
1788081234,50,,Aggregated,13.500000,0.000000,80,98,150,160,190,250,350,470,850,920,940,10186,1,80,109.89985254586976,11.179457884281874,938.5720791760832,6322.171411741606
1788081235,50,,Aggregated,13.800000,0.000000,80,98,150,160,190,250,350,470,850,920,940,10199,1,80,109.88662940357693,11.179457884281874,938.5720791760832,6322.893224825963
1788081236,50,,Aggregated,14.200000,0.000000,80,98,150,160,190,250,350,470,850,920,940,10218,1,80,109.81054268884922,11.179457884281874,938.5720791760832,6320.4358974358975
1788081237,50,,Aggregated,14.000000,0.000000,80,98,150,160,190,250,350,470,850,920,940,10228,1,80,109.80203380863506,11.179457884281874,938.5720791760832,6321.2380719593275
1788081239,50,,Aggregated,13.800000,0.000000,80,98,150,160,190,250,350,470,850,920,940,10242,1,80,109.8221567083811,11.179457884281874,938.5720791760832,6321.792423354814
1788081240,50,,Aggregated,14.400000,0.000000,80,98,150,160,190,250,350,470,850,920,940,10255,1,80,109.86365485513653,11.179457884281874,938.5720791760832,6323.839492930278
1788081241,50,,Aggregated,13.900000,0.000000,80,98,150,160,190,250,350,470,850,920,940,10270,1,80,109.87170018872814,11.179457884281874,938.5720791760832,6324.492697176242
1788081242,50,,Aggregated,13.000000,0.000000,80,98,150,160,190,250,350,470,850,920,940,10284,1,80,109.82975249854016,11.179457884281874,938.5720791760832,6322.507195643719
1788081243,50,,Aggregated,13.700000,0.000000,80,98,150,160,190,250,350,470,850,920,940,10299,1,80,109.79573558436343,11.179457884281874,938.5720791760832,6326.176910379649
1788081244,50,,Aggregated,13.800000,0.000000,80,98,150,160,190,250,350,470,850,920,940,10314,1,80,109.82741469547871,11.179457884281874,938.5720791760832,6329.490886174132
1788081245,50,,Aggregated,13.800000,0.000000,80,98,150,160,190,250,350,470,850,920,940,10326,1,80,109.8869768463199,11.179457884281874,938.5720791760832,6331.144005423203
1788081246,50,,Aggregated,13.800000,0.000000,80,98,150,160,190,250,350,470,850,920,940,10341,1,80,109.8679708709679,11.179457884281874,938.5720791760832,6331.634561454405
1788081247,50,,Aggregated,14.000000,0.000000,80,98,150,160,190,250,350,470,850,920,940,10355,1,80,109.86220817097819,11.179457884281874,938.5720791760832,6334.379333655239
1788081248,50,,Aggregated,13.900000,0.000000,80,98,150,160,190,250,350,470,850,920,940,10368,1,80,109.86552334080768,11.179457884281874,938.5720791760832,6335.521026234568
1788081249,50,,Aggregated,13.500000,0.000000,80,98,150,160,190,250,350,470,850,920,940,10388,1,80,109.90772399649975,11.179457884281874,938.5720791760832,6335.885829803619
1788081250,50,,Aggregated,13.900000,0.000000,80,98,150,160,190,250,350,470,850,920,940,10399,1,80,109.90708306985603,11.179457884281874,938.5720791760832,6338.6663140686605
1788081251,50,,Aggregated,14.500000,0.000000,80,98,150,160,190,250,350,460,850,920,940,10412,1,80,109.87204804630912,11.179457884281874,938.5720791760832,6336.529581252401
1788081252,50,,Aggregated,14.500000,0.000000,80,98,150,160,190,250,350,460,850,920,940,10424,1,80,109.84443621406619,11.179457884281874,938.5720791760832,6337.420567920184
1788081253,50,,Aggregated,14.100000,0.000000,80,98,150,160,190,250,350,460,850,920,940,10439,1,80,109.83639863474573,11.179457884281874,938.5720791760832,6334.435386531277
1788081254,50,,Aggregated,14.100000,0.000000,80,98,150,160,190,250,350,460,850,920,940,10452,1,80,109.83025398232536,11.179457884281874,938.5720791760832,6334.599024110218
1788081255,50,,Aggregated,13.800000,0.000000,80,98,150,160,190,250,350,460,850,920,940,10465,1,80,109.80673372786451,11.179457884281874,938.5720791760832,6331.099378881988
1788081256,50,,Aggregated,13.600000,0.000000,80,98,150,160,190,250,350,460,850,920,940,10478,1,80,109.82326506051739,11.179457884281874,938.5720791760832,6332.809314754724
1788081257,50,,Aggregated,13.600000,0.000000,80,98,150,160,190,250,350,460,850,920,940,10492,1,80,109.8002325032651,11.179457884281874,938.5720791760832,6332.366755623332
1788081258,50,,Aggregated,13.600000,0.000000,80,98,150,160,190,250,350,460,850,920,940,10508,1,80,109.78476410036993,11.179457884281874,938.5720791760832,6331.247811191473
1788081259,50,,Aggregated,13.600000,0.000000,80,98,150,160,190,250,350,460,850,920,940,10524,1,80,109.79754365720007,11.179457884281874,938.5720791760832,6329.809673128088
1788081260,50,,Aggregated,13.600000,0.000000,80,98,150,160,190,250,350,460,850,920,940,10539,1,80,109.7674030532762,11.179457884281874,938.5720791760832,6328.952746939937
1788081261,50,,Aggregated,13.300000,0.000000,80,98,150,160,190,250,350,460,850,920,940,10547,1,80,109.75372050929897,11.179457884281874,938.5720791760832,6327.7590784109225
1788081262,50,,Aggregated,13.900000,0.000000,80,98,150,160,190,250,350,460,850,920,940,10559,1,80,109.73988527130257,11.179457884281874,938.5720791760832,6327.568330334312
1788081263,50,,Aggregated,13.300000,0.000000,80,98,150,160,190,250,350,460,850,920,940,10574,1,80,109.67418108340152,11.179457884281874,938.5720791760832,6322.848496311708
1788081264,50,,Aggregated,13.300000,0.000000,80,98,150,160,190,250,350,460,850,920,940,10587,1,80,109.64608578335293,11.179457884281874,938.5720791760832,6323.055634268442
1788081265,50,,Aggregated,13.700000,0.000000,80,98,150,160,190,250,350,460,850,920,940,10601,1,80,109.67285715465852,11.179457884281874,938.5720791760832,6323.6686161682865
1788081266,50,,Aggregated,13.300000,0.000000,80,98,150,160,190,250,350,460,850,920,940,10614,1,80,109.64706318602734,11.179457884281874,938.5720791760832,6321.399755040513
1788081267,50,,Aggregated,13.800000,0.000000,80,98,150,160,190,250,350,460,850,920,940,10628,1,80,109.62175092533968,11.179457884281874,938.5720791760832,6320.035942792623
1788081268,50,,Aggregated,13.600000,0.000000,80,98,150,160,190,250,350,460,850,920,940,10646,1,80,109.6347709105324,11.179457884281874,938.5720791760832,6319.24694721022
1788081269,50,,Aggregated,13.100000,0.000000,80,98,150,160,190,250,350,460,850,920,940,10656,1,80,109.60578117819833,11.179457884281874,938.5720791760832,6317.395082582582
1788081270,50,,Aggregated,13.800000,0.000000,80,98,150,160,190,250,350,460,850,920,940,10669,1,80,109.56907607131394,11.179457884281874,938.5720791760832,6314.576155216047
1788081271,50,,Aggregated,13.100000,0.000000,80,98,150,160,190,250,350,460,850,920,940,10689,1,80,109.56212735538142,11.179457884281874,938.5720791760832,6314.835999625783
1788081272,50,,Aggregated,12.900000,0.000000,80,98,150,160,190,250,350,450,850,920,940,10701,1,80,109.55500265623604,11.179457884281874,938.5720791760832,6314.6119988786095
1788081273,50,,Aggregated,13.700000,0.000000,80,98,150,160,190,250,350,450,850,920,940,10716,1,80,109.67930485250218,11.179457884281874,938.5720791760832,6323.836132885405
1788081274,50,,Aggregated,13.900000,0.000000,80,98,150,160,190,250,350,450,850,920,940,10726,1,80,109.65985979306325,11.179457884281874,938.5720791760832,6326.718814096588
1788081275,50,,Aggregated,13.700000,0.000000,80,98,150,160,190,250,350,450,850,920,940,10744,1,80,109.64335708760872,11.179457884281874,938.5720791760832,6329.093819806403
1788081276,50,,Aggregated,13.900000,0.000000,80,98,150,160,190,250,350,450,850,920,940,10759,1,80,109.6026088597885,11.179457884281874,938.5720791760832,6326.175388047216
1788081277,50,,Aggregated,14.100000,0.000000,80,98,150,160,190,250,350,450,850,920,940,10773,1,80,109.56665886360985,11.179457884281874,938.5720791760832,6323.67112225007
1788081278,50,,Aggregated,14.000000,0.000000,80,98,150,160,190,250,350,450,850,920,940,10790,1,80,109.53505491568993,11.179457884281874,938.5720791760832,6325.3948100092675
1788081279,50,,Aggregated,14.400000,0.000000,80,98,150,160,190,250,350,450,850,920,940,10802,1,80,109.50547547537093,11.179457884281874,938.5720791760832,6324.142936493242
1788081280,50,,Aggregated,14.100000,0.000000,80,98,150,160,190,250,350,450,850,920,940,10824,1,80,109.48150580654183,11.179457884281874,938.5720791760832,6329.004896526238
1788081281,50,,Aggregated,14.600000,0.000000,80,98,150,160,190,250,350,450,850,920,940,10831,1,80,109.4560244701455,11.179457884281874,938.5720791760832,6327.572523312713
1788081282,50,,Aggregated,15.100000,0.000000,80,98,150,160,190,250,350,450,850,920,940,10848,1,80,109.42463337466177,11.179457884281874,938.5720791760832,6324.815081120944
1788081283,50,,Aggregated,14.700000,0.000000,80,98,150,160,190,250,350,450,850,920,940,10865,1,80,109.42743843009038,11.179457884281874,938.5720791760832,6325.4301886792455
1788081284,50,,Aggregated,14.300000,0.000000,80,98,150,160,190,250,350,450,850,920,940,10870,1,80,109.41851907857396,11.179457884281874,938.5720791760832,6325.1476540938365
1788081285,50,,Aggregated,15.000000,0.000000,80,98,150,160,190,250,350,450,850,920,940,10881,1,80,109.40881717509137,11.179457884281874,938.5720791760832,6326.345096958
1788081286,50,,Aggregated,14.700000,0.000000,80,98,150,160,190,250,350,450,850,920,940,10897,1,80,109.40534833956188,11.179457884281874,938.5720791760832,6324.69477837937
1788081287,50,,Aggregated,13.300000,0.000000,80,98,150,160,190,250,350,450,850,920,940,10914,1,80,109.36058543321951,11.179457884281874,938.5720791760832,6321.407458310427
1788081288,50,,Aggregated,14.100000,0.000000,80,98,150,160,190,250,350,450,850,920,940,10935,1,80,109.36030427832455,11.179457884281874,938.5720791760832,6322.763054412437
1788081289,50,,Aggregated,13.900000,0.000000,80,98,150,160,190,250,350,450,850,920,940,10947,1,80,109.35627758246713,11.179457884281874,938.5720791760832,6323.301178405042
1788081290,50,,Aggregated,13.900000,0.000000,80,98,150,160,190,250,350,450,850,920,940,10964,1,80,109.31337866402104,11.179457884281874,938.5720791760832,6320.240149580445
1788081291,50,,Aggregated,14.400000,0.000000,80,98,150,160,190,250,350,450,850,920,940,10975,1,80,109.2934864818634,11.179457884281874,938.5720791760832,6323.287653758543
1788081292,50,,Aggregated,14.200000,0.000000,80,98,150,160,190,240,350,450,850,920,940,10990,1,80,109.27988025042025,11.179457884281874,938.5720791760832,6322.484167424932
1788081293,50,,Aggregated,14.300000,0.000000,80,98,150,160,190,240,350,450,850,920,940,11006,1,80,109.26287727237192,11.179457884281874,938.5720791760832,6322.463292749409
1788081294,50,,Aggregated,14.300000,0.000000,80,98,150,160,190,240,350,450,850,920,940,11017,1,80,109.25660550562968,11.179457884281874,938.5720791760832,6321.433239538895
1788081295,50,,Aggregated,13.600000,0.000000,80,98,150,160,190,240,350,450,850,920,940,11037,1,80,109.24140810969867,11.179457884281874,938.5720791760832,6324.43000815439
1788081296,50,,Aggregated,14.200000,0.000000,80,98,150,160,190,240,350,450,850,920,940,11047,1,80,109.21158733604622,11.179457884281874,938.5720791760832,6321.9807187471715
1788081297,50,,Aggregated,15.800000,0.000000,80,98,150,160,190,240,350,450,850,920,940,11060,1,80,109.17935385886634,11.179457884281874,938.5720791760832,6319.674141048825
1788081298,50,,Aggregated,15.100000,0.000000,80,98,150,160,190,240,350,450,850,920,940,11077,1,80,109.15490038449715,11.179457884281874,938.5720791760832,6319.9015076284195
1788081299,50,,Aggregated,15.100000,0.000000,79,98,150,160,190,240,350,450,850,920,940,11091,1,79,109.12104997699173,11.179457884281874,938.5720791760832,6318.71914164638
1788081300,50,,Aggregated,14.600000,0.000000,79,98,150,160,190,240,350,450,850,920,940,11110,1,79,109.11134965445353,11.179457884281874,938.5720791760832,6319.2700270027
1788081301,50,,Aggregated,14.200000,0.000000,79,98,150,160,190,240,350,450,850,920,940,11123,1,79,109.08106328653437,11.179457884281874,938.5720791760832,6318.278342173874
1788081302,50,,Aggregated,14.200000,0.000000,79,98,150,160,190,240,350,450,850,920,940,11135,1,79,109.0829581682385,11.179457884281874,938.5720791760832,6320.870318814549
1788081303,50,,Aggregated,14.600000,0.000000,79,98,150,160,190,240,350,450,850,920,940,11149,1,79,109.06212596137637,11.179457884281874,938.5720791760832,6320.68589111131
1788081304,50,,Aggregated,14.600000,0.000000,79,98,150,160,190,240,350,450,850,920,940,11162,1,79,109.0385296769032,11.179457884281874,938.5720791760832,6319.606253359613
1788081305,50,,Aggregated,14.700000,0.000000,79,98,150,160,190,240,350,450,850,920,940,11176,1,79,108.99709158952604,11.179457884281874,938.5720791760832,6317.604688618469
1788081306,50,,Aggregated,14.200000,0.000000,79,98,150,160,190,240,350,450,850,920,940,11197,1,79,108.96882989221426,11.179457884281874,938.5720791760832,6319.102259533804
1788081307,50,,Aggregated,13.400000,0.000000,79,98,150,160,190,240,350,450,850,920,940,11212,1,79,109.00892383634779,11.179457884281874,938.5720791760832,6320.204423831609
1788081308,50,,Aggregated,14.100000,0.000000,79,98,150,160,190,240,350,450,850,920,940,11228,1,79,108.98365693421995,11.179457884281874,938.5720791760832,6319.163608835055
1788081309,50,,Aggregated,14.600000,0.000000,79,98,150,160,190,240,350,450,850,920,940,11241,1,79,108.94485782285011,11.179457884281874,938.5720791760832,6314.207899653055
1788081310,50,,Aggregated,14.500000,0.000000,79,98,150,160,190,240,350,450,850,920,940,11258,1,79,108.90983800731532,11.179457884281874,938.5720791760832,6312.876621069462
1788081311,50,,Aggregated,14.500000,0.000000,79,98,150,160,190,240,350,450,850,920,940,11271,1,79,108.86871206668175,11.179457884281874,938.5720791760832,6309.905243545382
1788081312,50,,Aggregated,14.700000,0.000000,79,98,150,160,190,240,350,450,850,920,940,11285,1,79,108.83377189129033,11.179457884281874,938.5720791760832,6310.010190518387
1788081313,50,,Aggregated,14.700000,0.000000,79,98,150,160,190,240,350,450,850,920,940,11295,1,79,108.80670120043746,11.179457884281874,938.5720791760832,6309.1550243470565
1788081314,50,,Aggregated,14.500000,0.000000,79,98,150,160,190,240,350,440,850,920,940,11310,1,79,108.80700625490749,11.179457884281874,938.5720791760832,6309.977895667551
1788081315,50,,Aggregated,14.200000,0.000000,79,98,150,160,190,240,350,440,850,920,940,11322,1,79,108.78856111649948,11.179457884281874,938.5720791760832,6309.684949655538
1788081316,50,,Aggregated,15.000000,0.000000,79,98,150,160,190,240,350,440,850,920,940,11339,1,79,108.78815236964634,11.179457884281874,938.5720791760832,6310.258047446865
1788081317,50,,Aggregated,14.500000,0.000000,79,98,150,160,190,240,350,440,850,920,940,11353,1,79,108.74823759978764,11.179457884281874,938.5720791760832,6307.3495992248745
1788081318,50,,Aggregated,14.100000,0.000000,79,98,150,160,190,240,350,440,850,920,940,11369,1,79,108.70376624850486,11.179457884281874,938.5720791760832,6303.373823555282
1788081319,50,,Aggregated,14.000000,0.000000,79,98,150,160,190,240,350,440,850,920,940,11384,1,79,108.67047012891658,11.179457884281874,938.5720791760832,6301.111823612087
1788081320,50,,Aggregated,14.400000,0.000000,79,98,150,160,190,240,350,440,850,920,940,11398,1,79,108.6536271950767,11.179457884281874,938.5720791760832,6300.674241094929
1788081321,50,,Aggregated,14.300000,0.000000,79,98,150,160,190,240,350,440,850,920,940,11409,1,79,108.64620475506317,11.179457884281874,938.5720791760832,6304.472696993602
1788081322,50,,Aggregated,13.800000,0.000000,79,98,150,160,190,240,350,440,850,920,940,11425,1,79,108.67036142586211,11.179457884281874,938.5720791760832,6304.93295404814
1788081323,50,,Aggregated,13.700000,0.000000,79,98,150,160,190,240,350,440,850,920,940,11437,1,79,108.6571119234718,11.179457884281874,938.5720791760832,6303.639328495235
1788081324,50,,Aggregated,13.900000,0.000000,79,98,150,160,190,240,350,440,850,920,940,11457,1,79,108.61236639842723,11.179457884281874,938.5720791760832,6300.738675045824
1788081325,50,,Aggregated,14.200000,0.000000,79,98,150,160,190,240,350,440,850,920,940,11473,1,79,108.60897168671102,11.179457884281874,938.5720791760832,6304.232633138673
1788081326,50,,Aggregated,13.700000,0.000000,79,98,150,160,190,240,350,440,850,920,940,11487,1,79,108.58219369663077,11.179457884281874,938.5720791760832,6302.90467484983
1788081327,50,,Aggregated,14.800000,0.000000,79,98,150,160,190,240,340,440,850,920,940,11504,1,79,108.52676901879872,11.179457884281874,938.5720791760832,6298.929415855355
1788081328,50,,Aggregated,14.800000,0.000000,79,98,150,160,190,240,340,440,850,920,940,11521,1,79,108.49637221002565,11.179457884281874,938.5720791760832,6296.539970488673
1788081329,50,,Aggregated,14.800000,0.000000,79,98,150,160,190,240,340,440,850,920,940,11541,1,79,108.46224394327126,11.179457884281874,938.5720791760832,6294.970019928949
1788081330,50,,Aggregated,14.900000,0.000000,79,98,150,160,190,240,340,440,850,920,940,11546,1,79,108.45488343230068,11.179457884281874,938.5720791760832,6294.299324441365
1788081331,50,,Aggregated,15.100000,0.000000,79,97,150,160,190,240,340,440,850,920,940,11562,1,79,108.42771944463045,11.179457884281874,938.5720791760832,6293.413163812489
1788081332,50,,Aggregated,15.500000,0.000000,79,97,150,160,190,240,340,440,850,920,940,11577,1,79,108.41280909552717,11.179457884281874,938.5720791760832,6292.461345771789
1788081333,50,,Aggregated,14.600000,0.000000,79,98,150,160,190,240,340,440,850,920,940,11593,1,79,108.41305597310033,11.179457884281874,938.5720791760832,6291.359699818856
1788081334,50,,Aggregated,15.000000,0.000000,79,98,150,160,190,240,350,440,850,920,940,11609,1,79,108.49892186397331,11.179457884281874,938.5720791760832,6295.82789215264
1788081336,50,,Aggregated,15.000000,0.000000,79,98,150,160,190,240,350,440,850,920,940,11623,1,79,108.4698816955844,11.179457884281874,938.5720791760832,6293.214746623075
1788081337,50,,Aggregated,15.400000,0.000000,79,98,150,160,190,240,350,440,850,920,940,11637,1,79,108.469002055535,11.179457884281874,938.5720791760832,6293.410071324224
1788081338,50,,Aggregated,15.000000,0.000000,79,98,150,160,190,240,350,440,850,920,940,11646,1,79,108.47270170119295,11.179457884281874,938.5720791760832,6296.553752361326
1788081339,50,,Aggregated,15.000000,0.000000,79,98,150,160,190,240,350,440,850,920,940,11661,1,79,108.50618656461292,11.179457884281874,938.5720791760832,6296.969042106166
1788081340,50,,Aggregated,14.800000,0.000000,79,98,150,160,190,240,350,440,850,920,940,11680,1,79,108.4962077838112,11.179457884281874,938.5720791760832,6296.220976027397
1788081341,50,,Aggregated,14.100000,0.000000,79,98,150,160,190,240,350,440,850,920,940,11688,1,79,108.48458903053779,11.179457884281874,938.5720791760832,6295.69986310746
1788081342,50,,Aggregated,13.900000,0.000000,79,98,150,160,190,240,350,440,850,920,940,11701,1,79,108.47580981200947,11.179457884281874,938.5720791760832,6298.797795060252
1788081343,50,,Aggregated,13.900000,0.000000,79,98,150,160,190,240,350,440,850,920,940,11715,1,79,108.45890693617743,11.179457884281874,938.5720791760832,6299.522577891592
1788081344,50,,Aggregated,13.900000,0.000000,79,98,150,160,190,240,350,440,850,920,940,11735,1,79,108.42064930103055,11.179457884281874,938.5720791760832,6299.181508308479
1788081345,50,,Aggregated,13.800000,0.000000,79,98,150,160,190,240,350,440,850,920,940,11747,1,79,108.40362661407637,11.179457884281874,938.5720791760832,6298.668766493573
1788081346,50,,Aggregated,13.900000,0.000000,79,97,150,160,190,240,340,440,850,920,940,11763,1,79,108.38111942036778,11.179457884281874,938.5720791760832,6299.69276545099
1788081347,50,,Aggregated,13.700000,0.000000,79,97,150,160,190,240,340,440,850,920,940,11776,1,79,108.37092943828121,11.179457884281874,938.5720791760832,6299.958899456522
1788081348,50,,Aggregated,13.600000,0.000000,79,97,150,160,190,240,340,440,850,920,940,11792,1,79,108.37084015117695,11.179457884281874,938.5720791760832,6299.299694708277
1788081349,50,,Aggregated,13.600000,0.000000,79,97,150,160,190,240,340,440,850,920,940,11806,1,79,108.35930252145278,11.179457884281874,938.5720791760832,6297.851346772827
1788081350,50,,Aggregated,14.300000,0.000000,79,97,150,160,190,240,340,440,850,920,940,11816,1,79,108.34441950541405,11.179457884281874,938.5720791760832,6298.520057549086
1788081351,50,,Aggregated,14.500000,0.000000,79,97,150,160,190,240,340,440,850,920,940,11831,1,79,108.31358206399193,11.179457884281874,938.5720791760832,6296.550925534612
1788081352,50,,Aggregated,13.500000,0.000000,79,97,150,160,190,240,350,440,850,920,940,11846,1,79,108.39151694926319,11.179457884281874,938.5720791760832,6295.027941921324
1788081353,50,,Aggregated,14.200000,0.000000,79,97,150,160,190,240,340,440,850,920,940,11865,1,79,108.35904013585288,11.179457884281874,938.5720791760832,6292.973535608934
1788081354,50,,Aggregated,14.400000,0.000000,79,97,150,160,190,240,340,440,850,920,940,11883,1,79,108.3504692735192,11.179457884281874,938.5720791760832,6294.779685264663
1788081355,50,,Aggregated,14.500000,0.000000,79,97,150,160,190,240,340,440,850,920,940,11895,1,79,108.31034164668263,11.179457884281874,938.5720791760832,6291.512904581757
1788081356,50,,Aggregated,14.700000,0.000000,79,97,150,160,190,240,340,440,850,920,940,11907,1,79,108.28086515150444,11.179457884281874,938.5720791760832,6289.085243974133
1788081357,50,,Aggregated,14.700000,0.000000,79,97,150,160,190,240,340,440,850,920,940,11922,1,79,108.26446216190124,11.179457884281874,938.5720791760832,6286.9568025499075
1788081358,50,,Aggregated,14.500000,0.000000,79,97,150,160,190,240,340,440,850,920,940,11937,1,79,108.25780928252338,11.179457884281874,938.5720791760832,6287.373963307364
1788081359,50,,Aggregated,14.700000,0.000000,79,97,150,160,190,240,340,440,850,920,940,11948,1,79,108.25430359220186,11.179457884281874,938.5720791760832,6286.186642115836
1788081360,50,,Aggregated,14.600000,0.000000,79,97,150,160,190,240,340,440,850,920,940,11956,1,79,108.22665333259378,11.179457884281874,938.5720791760832,6286.712612914018
1788081361,50,,Aggregated,14.000000,0.000000,78,97,150,160,190,240,340,440,850,920,940,11976,1,78,108.18158171340916,11.179457884281874,938.5720791760832,6283.76753507014
1788081362,50,,Aggregated,13.900000,0.000000,78,97,150,160,190,240,340,440,850,920,940,11991,1,78,108.1671067939537,11.179457884281874,938.5720791760832,6282.56509048453
1788081363,50,,Aggregated,14.400000,0.000000,78,97,150,160,190,240,340,440,820,920,940,12001,1,78,108.15961562487342,11.179457884281874,938.5720791760832,6281.68544287976
1788081364,50,,Aggregated,14.200000,0.000000,78,97,150,160,190,240,340,440,820,920,940,12017,1,78,108.11111933772682,11.179457884281874,938.5720791760832,6277.446201214945
1788081365,50,,Aggregated,13.900000,0.000000,78,97,150,160,190,240,340,440,820,920,940,12028,1,78,108.10557492943788,11.179457884281874,938.5720791760832,6279.011223811108
1788081366,50,,Aggregated,13.000000,0.000000,78,97,150,160,190,240,340,440,820,920,940,12049,1,78,108.10071430160544,11.179457884281874,938.5720791760832,6278.992862478214
1788081367,50,,Aggregated,13.200000,0.000000,78,97,150,160,190,240,340,440,820,920,940,12062,1,78,108.09163231300099,11.179457884281874,938.5720791760832,6277.629165975792
1788081368,50,,Aggregated,13.900000,0.000000,78,97,150,160,190,240,340,440,820,920,940,12079,1,78,108.10278315981924,11.179457884281874,938.5720791760832,6278.866710820432
1788081369,50,,Aggregated,13.700000,0.000000,78,97,150,160,190,240,340,440,820,920,940,12092,1,78,108.11029854241751,11.179457884281874,938.5720791760832,6279.24627853126
1788081370,50,,Aggregated,13.800000,0.000000,78,97,150,160,190,240,340,440,820,920,940,12104,1,78,108.10251330192924,11.179457884281874,938.5720791760832,6278.46777924653
1788081371,50,,Aggregated,14.200000,0.000000,78,97,150,160,190,240,340,440,820,920,940,12117,1,78,108.10968069952796,11.179457884281874,938.5720791760832,6278.814145415532
1788081372,50,,Aggregated,14.100000,0.000000,78,97,150,160,190,240,340,440,820,920,940,12132,1,78,108.08537536038718,11.179457884281874,938.5720791760832,6278.285938015167
1788081373,50,,Aggregated,13.600000,0.000000,79,97,150,160,190,240,340,440,820,920,940,12146,1,79,108.07635096891615,11.179457884281874,938.5720791760832,6277.527087106866
1788081374,50,,Aggregated,14.200000,0.000000,79,97,150,160,190,240,340,440,820,920,940,12159,1,79,108.08582263882646,11.179457884281874,938.5720791760832,6278.793815280862
1788081375,50,,Aggregated,14.300000,0.000000,79,97,150,160,190,240,340,440,820,920,940,12167,1,79,108.05958225941781,11.179457884281874,938.5720791760832,6276.916084490836
1788081376,50,,Aggregated,14.600000,0.000000,78,97,150,160,190,240,340,440,820,920,940,12184,1,78,108.0268411937635,11.179457884281874,938.5720791760832,6274.334947472094
1788081377,50,,Aggregated,13.900000,0.000000,78,97,150,160,190,240,340,440,820,920,940,12205,1,78,108.00327503462717,11.179457884281874,938.5720791760832,6272.613682916837
1788081378,50,,Aggregated,13.300000,0.000000,78,97,150,160,190,240,340,440,820,920,940,12223,1,78,108.00576550326541,11.179457884281874,938.5720791760832,6269.7380348523275
1788081379,50,,Aggregated,14.200000,0.000000,78,97,150,160,190,240,340,440,820,920,940,12232,1,78,107.98946385820194,11.179457884281874,938.5720791760832,6270.31254087639
1788081380,50,,Aggregated,14.000000,0.000000,78,97,150,160,190,240,340,440,820,920,940,12248,1,78,107.98807367782447,11.179457884281874,938.5720791760832,6271.295150228609
1788081381,50,,Aggregated,13.900000,0.000000,78,97,150,160,190,240,340,440,820,920,940,12265,1,78,108.01511383932456,11.179457884281874,938.5720791760832,6271.560945780677
1788081382,50,,Aggregated,14.900000,0.000000,78,97,150,160,190,240,340,440,820,920,940,12284,1,78,107.9883251885792,11.179457884281874,938.5720791760832,6269.0222240312605
1788081383,50,,Aggregated,15.000000,0.000000,78,97,150,160,190,240,340,440,820,920,940,12296,1,78,108.0012386157656,11.179457884281874,938.5720791760832,6269.064085881588
1788081384,50,,Aggregated,14.600000,0.000000,79,97,150,160,190,240,340,430,820,920,940,12314,1,79,108.01444540205442,11.179457884281874,938.5720791760832,6270.217476043527
1788081385,50,,Aggregated,14.800000,0.000000,79,97,150,160,190,240,340,430,820,920,940,12328,1,79,108.02414658199346,11.179457884281874,938.5720791760832,6271.007706035042
1788081386,50,,Aggregated,15.100000,0.000000,79,97,150,160,190,240,340,430,820,920,940,12341,1,79,108.00344822890577,11.179457884281874,938.5720791760832,6271.215217567458
1788081387,50,,Aggregated,15.900000,0.000000,79,97,150,160,190,240,340,430,820,920,940,12355,1,79,108.0204753110578,11.179457884281874,938.5720791760832,6271.970457304735
1788081388,50,,Aggregated,15.900000,0.000000,79,97,150,160,190,240,340,430,820,920,940,12365,1,79,108.01516053894986,11.179457884281874,938.5720791760832,6272.460493327942
1788081389,50,,Aggregated,15.200000,0.000000,79,97,150,160,190,240,340,430,820,920,940,12385,1,79,107.98115568806267,11.179457884281874,938.5720791760832,6272.493661687526
1788081390,50,,Aggregated,14.800000,0.000000,79,97,150,160,190,240,340,430,820,920,940,12399,1,79,107.96966444375643,11.179457884281874,938.5720791760832,6274.622953463989
1788081391,50,,Aggregated,14.900000,0.000000,79,97,150,160,190,240,340,430,820,920,940,12413,1,79,107.97413108566674,11.179457884281874,938.5720791760832,6275.09320873278
1788081392,50,,Aggregated,14.900000,0.000000,79,97,150,160,190,240,340,440,820,920,940,12428,1,79,108.1280346181529,11.179457884281874,938.5720791760832,6275.152075957515
1788081393,50,,Aggregated,14.300000,0.000000,79,98,150,160,190,240,340,440,820,920,940,12443,1,79,108.13604823773514,11.179457884281874,938.5720791760832,6275.940368078438
1788081394,50,,Aggregated,14.700000,0.000000,79,98,150,160,190,240,340,440,820,920,940,12462,1,79,108.12952118455156,11.179457884281874,938.5720791760832,6279.70438131921
1788081395,50,,Aggregated,14.800000,0.000000,79,98,150,160,190,240,340,440,820,920,940,12473,1,79,108.15253276216262,11.179457884281874,938.5720791760832,6283.989737833721
1788081396,50,,Aggregated,14.700000,0.000000,79,98,150,160,190,240,340,440,820,920,940,12482,1,79,108.13991921394108,11.179457884281874,938.5720791760832,6283.217272872937
1788081397,50,,Aggregated,14.300000,0.000000,79,98,150,160,190,240,340,440,820,920,940,12495,1,79,108.13351471400803,11.179457884281874,938.5720791760832,6283.296278511404
1788081398,50,,Aggregated,14.000000,0.000000,79,98,150,160,190,240,340,440,820,920,940,12508,1,79,108.10293438087888,11.179457884281874,938.5720791760832,6280.719539494723
1788081399,50,,Aggregated,13.700000,0.000000,79,98,150,160,190,240,340,440,820,920,940,12523,1,79,108.09421435952369,11.179457884281874,938.5720791760832,6280.051185818094
1788081400,50,,Aggregated,13.900000,0.000000,79,98,150,160,190,240,340,440,820,920,940,12540,1,79,108.08711689752059,11.179457884281874,938.5720791760832,6281.087480063796
1788081401,50,,Aggregated,13.400000,0.000000,79,97,150,160,190,240,340,440,820,920,940,12553,1,79,108.07878542779757,11.179457884281874,938.5720791760832,6280.1995538915
1788081402,50,,Aggregated,13.600000,0.000000,79,98,150,160,190,240,340,440,820,920,940,12564,1,79,108.07828964952475,11.179457884281874,938.5720791760832,6279.56446991404
1788081403,50,,Aggregated,14.200000,0.000000,79,98,150,160,190,240,340,440,820,920,940,12582,1,79,108.06791407976299,11.179457884281874,938.5720791760832,6282.081624542998
1788081404,50,,Aggregated,13.900000,0.000000,79,97,150,160,190,240,340,440,820,920,940,12596,1,79,108.05365732571104,11.179457884281874,938.5720791760832,6281.725309622102
1788081405,50,,Aggregated,13.200000,0.000000,79,98,150,160,190,240,340,430,820,920,940,12612,1,79,108.07436425368076,11.179457884281874,938.5720791760832,6283.78782112274
1788081406,50,,Aggregated,13.300000,0.000000,79,98,150,160,190,240,340,430,820,920,940,12626,1,79,108.05923756775614,11.179457884281874,938.5720791760832,6282.684143830192
1788081407,50,,Aggregated,13.200000,0.000000,79,98,150,160,190,240,340,430,820,920,940,12638,1,79,108.06443815393405,11.179457884281874,938.5720791760832,6283.95632220288
1788081408,50,,Aggregated,14.000000,0.000000,79,97,150,160,190,230,340,430,820,920,940,12652,1,79,108.03327970971553,11.179457884281874,938.5720791760832,6280.282089788176
1788081409,50,,Aggregated,14.100000,0.000000,79,97,150,160,190,230,340,430,820,920,940,12669,1,79,108.00864850702034,11.179457884281874,938.5720791760832,6278.72026205699
1788081410,50,,Aggregated,14.200000,0.000000,79,97,150,160,190,230,340,430,820,920,940,12680,1,79,107.98909439068517,11.179457884281874,938.5720791760832,6277.874211356467
1788081411,50,,Aggregated,14.800000,0.000000,79,97,150,160,190,230,340,430,820,920,940,12690,1,79,107.9654748830614,11.179457884281874,938.5720791760832,6277.506146572104
1788081412,50,,Aggregated,14.300000,0.000000,79,97,150,160,190,230,340,430,820,920,940,12705,1,79,107.96464920378943,11.179457884281874,938.5720791760832,6277.017079889807
1788081413,50,,Aggregated,13.700000,0.000000,79,97,150,160,190,230,340,430,820,920,940,12719,1,79,107.9520248974073,11.179457884281874,938.5720791760832,6275.936158503027
1788081414,50,,Aggregated,13.100000,0.000000,79,97,150,160,190,230,340,430,820,920,940,12735,1,79,107.95803150490458,11.179457884281874,938.5720791760832,6276.3383588535535
1788081415,50,,Aggregated,13.700000,0.000000,78,97,150,160,190,230,340,430,820,920,940,12747,1,78,107.93368142941179,11.179457884281874,938.5720791760832,6275.314113124657
1788081416,50,,Aggregated,13.800000,0.000000,78,97,150,160,190,230,340,430,820,920,940,12762,1,78,107.89411951059613,11.179457884281874,938.5720791760832,6274.049522018492
1788081417,50,,Aggregated,13.800000,0.000000,78,97,150,160,190,230,340,430,820,920,940,12775,1,78,107.89553406311167,11.179457884281874,938.5720791760832,6275.171585127202
1788081418,50,,Aggregated,13.200000,0.000000,78,97,150,160,190,230,340,430,820,920,940,12791,1,78,107.84885822595102,11.179457884281874,938.5720791760832,6274.506371667579
1788081419,50,,Aggregated,13.500000,0.000000,78,97,150,160,180,230,340,430,820,920,940,12804,1,78,107.83040387953027,11.179457884281874,938.5720791760832,6276.659715713839
1788081420,50,,Aggregated,13.600000,0.000000,78,97,150,160,180,230,340,430,820,920,940,12823,1,78,107.82673637202421,11.179457884281874,938.5720791760832,6277.002573500741
1788081421,50,,Aggregated,13.500000,0.000000,78,97,150,160,180,230,340,430,820,920,940,12834,1,78,107.82538123868359,11.179457884281874,938.5720791760832,6278.296945613215
1788081422,50,,Aggregated,13.500000,0.000000,78,97,150,160,180,230,340,430,820,920,940,12851,1,78,107.85716442217637,11.179457884281874,938.5720791760832,6277.997821181231
1788081423,50,,Aggregated,14.200000,0.000000,78,97,150,160,190,230,340,430,820,920,940,12863,1,78,107.86560793467501,11.179457884281874,938.5720791760832,6276.709010339734
1788081424,50,,Aggregated,14.400000,0.000000,78,97,150,160,180,230,340,430,820,920,940,12881,1,78,107.82057403429692,11.179457884281874,938.5720791760832,6275.525735579536
1788081425,50,,Aggregated,14.400000,0.000000,78,97,150,160,180,230,340,430,820,920,940,12898,1,78,107.7927492496064,11.179457884281874,938.5720791760832,6273.47860133354
1788081426,50,,Aggregated,14.200000,0.000000,78,97,150,160,180,230,340,430,820,920,940,12908,1,78,107.78682396454889,11.179457884281874,938.5720791760832,6273.868686086148
1788081427,50,,Aggregated,14.600000,0.000000,78,97,150,160,180,230,340,430,820,920,940,12927,1,78,107.78458624240825,11.179457884281874,938.5720791760832,6275.207704803899
1788081428,50,,Aggregated,15.200000,0.000000,78,97,150,160,180,230,340,430,820,920,940,12942,1,78,107.80766327939757,11.179457884281874,938.5720791760832,6274.255910987483
1788081429,50,,Aggregated,14.900000,0.000000,79,97,150,160,180,230,340,430,820,920,940,12958,1,79,107.82069011673956,11.179457884281874,938.5720791760832,6278.598240469209
1788081430,50,,Aggregated,14.900000,0.000000,79,97,150,160,180,230,340,430,820,920,940,12975,1,79,107.87517719245328,11.179457884281874,938.5720791760832,6278.057649325626
1788081431,50,,Aggregated,15.000000,0.000000,79,97,150,160,180,230,340,430,820,920,940,12994,1,79,107.86682857417745,11.179457884281874,938.5720791760832,6279.258119131907
1788081432,50,,Aggregated,15.100000,0.000000,79,97,150,160,180,230,340,430,810,920,940,13006,1,79,107.86264761000604,11.179457884281874,938.5720791760832,6280.080885745041
1788081434,50,,Aggregated,15.100000,0.000000,79,97,150,160,180,230,340,430,810,920,940,13018,1,79,107.85123642837996,11.179457884281874,938.5720791760832,6279.867107082501
1788081435,50,,Aggregated,15.800000,0.000000,79,97,150,160,180,230,340,430,810,920,940,13027,1,79,107.83821612396264,11.179457884281874,938.5720791760832,6279.76410531972
1788081436,50,,Aggregated,15.200000,0.000000,78,97,150,160,180,230,340,430,810,920,940,13046,1,78,107.79294515861403,11.179457884281874,938.5720791760832,6277.734861260156
1788081437,50,,Aggregated,15.200000,0.000000,78,97,150,160,180,230,340,430,810,920,940,13065,1,78,107.7474373253401,11.179457884281874,938.5720791760832,6275.18515116724
1788081438,50,,Aggregated,14.600000,0.000000,78,97,150,160,180,230,340,430,810,920,940,13077,1,78,107.74133446384366,11.179457884281874,938.5720791760832,6277.121128699243
1788081439,50,,Aggregated,14.600000,0.000000,78,97,150,160,180,230,340,430,810,920,940,13092,1,78,107.72607444688505,11.179457884281874,938.5720791760832,6275.905973113352
1788081440,50,,Aggregated,15.200000,0.000000,79,97,150,160,180,230,340,430,810,920,940,13102,1,79,107.71696683807491,11.179457884281874,938.5720791760832,6278.410853304839
1788081441,50,,Aggregated,14.900000,0.000000,79,97,150,160,180,230,340,430,810,920,940,13119,1,79,107.70266285231527,11.179457884281874,938.5720791760832,6276.861498589831
1788081442,50,,Aggregated,14.400000,0.000000,79,97,150,160,180,230,340,430,810,920,940,13136,1,79,107.67237660829213,11.179457884281874,938.5720791760832,6276.420676004872
1788081443,50,,Aggregated,14.300000,0.000000,79,97,150,160,180,230,340,430,810,920,940,13153,1,79,107.65086308985596,11.179457884281874,938.5720791760832,6277.0174104766975
1788081444,50,,Aggregated,14.300000,0.000000,79,97,150,160,180,230,340,430,810,920,940,13161,1,79,107.63228534295972,11.179457884281874,938.5720791760832,6277.617658232657
1788081445,50,,Aggregated,14.600000,0.000000,79,97,150,160,180,230,340,430,810,920,940,13179,1,79,107.61240855816115,11.179457884281874,938.5720791760832,6276.8585628651645
1788081446,50,,Aggregated,14.300000,0.000000,79,97,150,160,180,230,340,430,810,920,940,13199,1,79,107.58463172478069,11.179457884281874,938.5720791760832,6278.284567012653
1788081447,50,,Aggregated,14.900000,0.000000,79,97,150,160,180,230,340,430,810,920,940,13209,1,79,107.56873405541037,11.179457884281874,938.5720791760832,6277.553183435536
1788081448,50,,Aggregated,15.300000,0.000000,78,97,150,160,180,230,340,430,810,920,940,13223,1,78,107.52469727279357,11.179457884281874,938.5720791760832,6273.317704000605
1788081449,50,,Aggregated,14.300000,0.000000,78,97,150,160,180,230,340,430,810,920,940,13233,1,78,107.5156713158288,11.179457884281874,938.5720791760832,6272.5180986926625
1788081450,50,,Aggregated,14.600000,0.000000,78,97,150,160,180,230,340,430,810,920,940,13258,1,78,107.4938918382576,11.179457884281874,938.5720791760832,6270.8930457082515
1788081451,50,,Aggregated,14.000000,0.000000,78,97,150,160,180,230,340,430,810,920,940,13269,1,78,107.49653842389245,11.179457884281874,938.5720791760832,6270.6297384882055
1788081452,50,,Aggregated,15.300000,0.000000,78,97,150,160,180,230,340,430,810,920,940,13280,1,78,107.47503074061711,11.179457884281874,938.5720791760832,6271.581701807229
1788081453,50,,Aggregated,15.000000,0.000000,78,97,150,160,180,230,340,430,810,920,940,13296,1,78,107.43416344041101,11.179457884281874,938.5720791760832,6271.013838748496
1788081454,50,,Aggregated,14.300000,0.000000,78,97,150,160,180,230,340,430,810,920,940,13313,1,78,107.43002793108413,11.179457884281874,938.5720791760832,6274.175016900774
1788081455,50,,Aggregated,13.800000,0.000000,78,97,150,160,180,230,340,430,810,920,940,13322,1,78,107.40547770773202,11.179457884281874,938.5720791760832,6272.319546614623
1788081456,50,,Aggregated,14.800000,0.000000,78,97,150,160,180,230,340,430,810,920,940,13336,1,78,107.39937072625592,11.179457884281874,938.5720791760832,6271.271220755849
1788081457,50,,Aggregated,14.200000,0.000000,78,97,150,160,180,230,340,430,810,920,940,13354,1,78,107.53989771791824,11.179457884281874,938.5720791760832,6272.721731316459
1788081458,50,,Aggregated,13.700000,0.000000,78,97,150,160,180,230,340,430,810,920,940,13365,1,78,107.52156857049927,11.179457884281874,938.5720791760832,6270.17291432847
1788081459,50,,Aggregated,13.700000,0.000000,78,97,150,160,180,230,340,430,810,920,940,13379,1,78,107.50306959200495,11.179457884281874,938.5720791760832,6268.891097989386
1788081460,50,,Aggregated,14.200000,0.000000,78,97,150,160,180,230,340,430,810,920,940,13391,1,78,107.49626875214905,11.179457884281874,938.5720791760832,6267.175715032485
1788081461,50,,Aggregated,14.400000,0.000000,78,97,150,160,180,230,340,430,810,920,940,13405,1,78,107.51833506843859,11.179457884281874,938.5720791760832,6270.4744498321525
1788081462,50,,Aggregated,13.200000,0.000000,78,97,150,160,180,230,340,430,810,920,940,13418,1,78,107.51281451145297,11.179457884281874,938.5720791760832,6269.242957221642
1788081463,50,,Aggregated,13.200000,0.000000,78,97,150,160,180,230,340,430,810,920,940,13436,1,78,107.52392270650529,11.179457884281874,938.5720791760832,6269.307904138136
1788081464,50,,Aggregated,13.800000,0.000000,78,97,150,160,180,230,340,430,810,920,940,13446,1,78,107.52877672551975,11.179457884281874,938.5720791760832,6270.6788636025585
1788081465,50,,Aggregated,14.000000,0.000000,78,97,150,160,180,230,340,430,810,920,940,13462,1,78,107.53811081173555,11.179457884281874,938.5720791760832,6270.920517010845
1788081466,50,,Aggregated,13.400000,0.000000,78,97,150,160,180,230,340,430,810,920,940,13472,1,78,107.52299886775887,11.179457884281874,938.5720791760832,6270.361193586698
1788081467,50,,Aggregated,13.800000,0.000000,78,97,150,160,180,230,340,430,810,920,940,13489,1,78,107.50103292908939,11.179457884281874,938.5720791760832,6269.4998146638
1788081468,50,,Aggregated,13.500000,0.000000,78,97,150,160,180,230,340,430,810,920,940,13505,1,78,107.48508598271692,11.179457884281874,938.5720791760832,6271.400074046649
1788081469,50,,Aggregated,13.500000,0.000000,78,97,150,160,180,230,340,430,810,920,940,13520,1,78,107.4722008994049,11.179457884281874,938.5720791760832,6271.18624260355
1788081470,50,,Aggregated,13.700000,0.000000,78,97,150,160,180,230,340,430,810,920,940,13538,1,78,107.46081251182085,11.179457884281874,938.5720791760832,6271.622322351898
1788081471,50,,Aggregated,14.000000,0.000000,78,97,150,160,180,230,340,430,810,920,940,13553,1,78,107.44201691778888,11.179457884281874,938.5720791760832,6270.4858702870215
1788081472,50,,Aggregated,14.400000,0.000000,78,97,150,160,180,230,340,430,810,920,940,13563,1,78,107.45510542839419,11.179457884281874,938.5720791760832,6271.015114650151
1788081473,50,,Aggregated,14.800000,0.000000,78,97,150,160,180,230,340,430,810,920,940,13578,1,78,107.50025451268509,11.179457884281874,938.5720791760832,6274.4827662395055
1788081474,50,,Aggregated,14.500000,0.000000,78,97,150,160,180,230,340,430,810,920,940,13591,1,78,107.47694777315957,11.179457884281874,938.5720791760832,6276.177764697226
1788081475,50,,Aggregated,14.000000,0.000000,78,97,150,160,180,230,340,430,810,920,940,13605,1,78,107.46799401429956,11.179457884281874,938.5720791760832,6276.786696067622
1788081476,50,,Aggregated,14.000000,0.000000,78,97,150,160,180,230,340,430,810,920,940,13616,1,78,107.45346937865853,11.179457884281874,938.5720791760832,6277.746327849589
1788081477,50,,Aggregated,14.300000,0.000000,78,97,150,160,180,230,340,430,810,920,940,13633,1,78,107.4340583813164,11.179457884281874,938.5720791760832,6276.188733220861
1788081478,50,,Aggregated,14.300000,0.000000,78,97,150,160,180,230,340,430,810,920,940,13643,1,78,107.41994246923895,11.179457884281874,938.5720791760832,6275.703437660339
1788081479,50,,Aggregated,14.400000,0.000000,78,97,150,160,180,230,340,430,810,920,940,13657,1,78,107.39473135428044,11.179457884281874,938.5720791760832,6275.176539503551
1788081480,50,,Aggregated,13.700000,0.000000,78,97,150,160,180,230,340,430,810,920,940,13673,1,78,107.39633332329562,11.179457884281874,938.5720791760832,6275.235354347985
1788081481,50,,Aggregated,13.600000,0.000000,78,97,150,160,180,230,340,430,810,920,940,13681,1,78,107.39009144462253,11.179457884281874,938.5720791760832,6277.2760763102115
1788081482,50,,Aggregated,13.300000,0.000000,78,97,150,160,180,230,340,430,810,920,940,13697,1,78,107.37652232524162,11.179457884281874,938.5720791760832,6277.624078265314
1788081483,50,,Aggregated,12.900000,0.000000,78,97,150,160,180,230,340,430,810,920,940,13711,1,78,107.36379297943321,11.179457884281874,938.5720791760832,6282.006855809204
1788081484,50,,Aggregated,13.100000,0.000000,78,97,150,160,180,230,340,430,810,920,940,13724,1,78,107.35610865707436,11.179457884281874,938.5720791760832,6282.082556106092
1788081485,50,,Aggregated,13.200000,0.000000,78,97,150,160,180,230,340,430,810,920,940,13738,1,78,107.33139252106481,11.179457884281874,938.5720791760832,6280.757897801718
1788081486,50,,Aggregated,13.700000,0.000000,78,97,150,160,180,230,340,430,810,920,940,13748,1,78,107.31377292736462,11.179457884281874,938.5720791760832,6281.53455048007
1788081487,50,,Aggregated,13.100000,0.000000,78,97,150,160,180,230,340,430,810,920,940,13765,1,78,107.3460111078389,11.179457884281874,938.5720791760832,6280.515946240465
1788081488,50,,Aggregated,12.900000,0.000000,78,97,150,160,180,230,340,430,810,920,940,13784,1,78,107.30651014916073,11.179457884281874,938.5720791760832,6281.007109692397
1788081489,50,,Aggregated,13.200000,0.000000,78,97,150,160,180,230,340,430,810,920,940,13797,1,78,107.30938126318274,11.179457884281874,938.5720791760832,6280.893962455606
1788081490,50,,Aggregated,13.500000,0.000000,78,97,150,160,180,230,340,430,810,920,940,13813,1,78,107.28042958529683,11.179457884281874,938.5720791760832,6282.469919640918
1788081491,50,,Aggregated,14.000000,0.000000,78,97,150,160,180,230,340,430,810,920,940,13826,1,78,107.25061736355833,11.179457884281874,938.5720791760832,6281.076739476349
1788081492,50,,Aggregated,14.000000,0.000000,78,97,150,160,180,230,340,430,810,920,940,13841,1,78,107.22395667023247,11.179457884281874,938.5720791760832,6278.806589119284
1788081493,50,,Aggregated,14.400000,0.000000,78,97,150,160,180,230,340,430,810,920,940,13858,1,78,107.2049031152829,11.179457884281874,938.5720791760832,6280.218934911242
1788081494,50,,Aggregated,14.000000,0.000000,78,97,150,160,180,230,340,430,810,920,940,13874,1,78,107.18669432047038,11.179457884281874,938.5720791760832,6281.448176445149
1788081495,50,,Aggregated,14.700000,0.000000,78,97,150,160,180,230,340,430,810,920,940,13897,1,78,107.14044101929524,11.179457884281874,938.5720791760832,6278.856371878823
1788081496,50,,Aggregated,14.300000,0.000000,78,97,150,160,180,230,340,430,810,920,940,13906,1,78,107.12130558398746,11.179457884281874,938.5720791760832,6277.21494318999
1788081497,50,,Aggregated,15.200000,0.000000,78,97,150,160,180,230,340,430,810,920,940,13917,1,78,107.10126879099234,11.179457884281874,938.5720791760832,6275.418696558167
1788081498,50,,Aggregated,15.500000,0.000000,78,97,150,160,180,230,340,430,810,920,940,13935,1,78,107.04655665367946,11.179457884281874,938.5720791760832,6272.1367061356295
1788081499,50,,Aggregated,15.300000,0.000000,78,97,150,160,180,230,340,430,810,920,940,13953,1,78,107.03247492072805,11.179457884281874,938.5720791760832,6273.270264459256
1788081500,50,,Aggregated,15.200000,0.000000,78,97,150,160,180,230,340,430,810,920,940,13966,1,78,107.01684619634626,11.179457884281874,938.5720791760832,6271.74015466132
1788081501,50,,Aggregated,14.400000,0.000000,78,97,150,160,180,230,340,430,810,920,940,13975,1,78,107.01426237903216,11.179457884281874,938.5720791760832,6273.185974955277
1788081502,50,,Aggregated,15.100000,0.000000,78,97,150,160,180,230,340,430,810,920,940,13992,1,78,107.00831800116691,11.179457884281874,938.5720791760832,6273.633004574042
1788081503,50,,Aggregated,14.800000,0.000000,78,97,150,160,180,230,340,430,800,920,940,14011,1,78,106.97447994900595,11.179457884281874,938.5720791760832,6272.251588037971
1788081504,50,,Aggregated,15.000000,0.000000,78,97,150,160,180,230,340,430,800,920,940,14023,1,78,106.94740741843215,11.179457884281874,938.5720791760832,6271.562076588461
1788081505,50,,Aggregated,14.700000,0.000000,78,97,150,160,180,230,340,430,800,920,940,14039,1,78,106.91806494704602,11.179457884281874,938.5720791760832,6269.689507799701
1788081506,50,,Aggregated,15.200000,0.000000,78,97,150,160,180,230,340,430,800,920,940,14057,1,78,106.93130695322412,11.179457884281874,938.5720791760832,6271.631998292665
1788081507,50,,Aggregated,14.900000,0.000000,78,97,150,160,180,230,340,430,800,920,940,14072,1,78,106.89412039330226,11.179457884281874,938.5720791760832,6269.587123365549
1788081508,50,,Aggregated,14.400000,0.000000,78,97,150,160,180,230,340,430,800,920,940,14082,1,78,106.87468123090244,11.179457884281874,938.5720791760832,6270.509373668513
1788081509,50,,Aggregated,15.000000,0.000000,78,97,150,160,180,230,340,430,800,920,940,14095,1,78,106.88262222537591,11.179457884281874,938.5720791760832,6271.253068463994
1788081510,50,,Aggregated,15.100000,0.000000,78,97,150,160,180,230,340,430,800,920,940,14109,1,78,106.87840476211178,11.179457884281874,938.5720791760832,6271.501736480261
1788081511,50,,Aggregated,15.100000,0.000000,78,97,150,160,180,230,340,430,800,920,940,14122,1,78,106.89161709264,11.179457884281874,938.5720791760832,6272.201246282396
1788081512,50,,Aggregated,14.000000,0.000000,78,97,150,160,180,230,340,430,800,920,940,14138,1,78,106.88166558783497,11.179457884281874,938.5720791760832,6271.57518743811
1788081513,50,,Aggregated,14.100000,0.000000,78,97,150,160,180,230,340,430,800,920,940,14155,1,78,106.87848919116327,11.179457884281874,938.5720791760832,6270.790886612504
1788081514,50,,Aggregated,14.200000,0.000000,78,97,150,160,180,230,340,430,800,920,940,14171,1,78,106.87581652886934,11.179457884281874,938.5720791760832,6270.667207677651
1788081515,50,,Aggregated,14.300000,0.000000,78,97,150,160,180,230,340,430,800,920,940,14186,1,78,106.85028720308469,11.179457884281874,938.5720791760832,6272.3066403496405
1788081516,50,,Aggregated,14.500000,0.000000,78,97,150,160,180,230,340,420,800,920,940,14201,1,78,106.86700246018758,11.179457884281874,938.5720791760832,6274.249982395606
1788081517,50,,Aggregated,14.300000,0.000000,78,97,150,160,180,230,340,420,800,920,940,14213,1,78,106.85805276021584,11.179457884281874,938.5720791760832,6274.319144445226
1788081518,50,,Aggregated,14.700000,0.000000,78,97,150,160,180,230,340,420,800,920,940,14233,1,78,106.81974090830312,11.179457884281874,938.5720791760832,6272.154570364645
1788081519,50,,Aggregated,14.400000,0.000000,78,97,150,160,180,230,340,420,800,920,940,14247,1,78,106.79125405178051,11.179457884281874,938.5720791760832,6270.467537025339
1788081520,50,,Aggregated,14.000000,0.000000,78,97,150,160,180,230,340,420,800,920,940,14259,1,78,106.79644356205841,11.179457884281874,938.5720791760832,6271.217196156813
1788081521,50,,Aggregated,14.700000,0.000000,78,97,150,160,180,230,340,420,800,920,940,14275,1,78,106.7710288440166,11.179457884281874,938.5720791760832,6269.843642732049
1788081522,50,,Aggregated,15.500000,0.000000,78,97,150,160,180,230,340,420,800,920,940,14285,1,78,106.78250295304656,11.179457884281874,938.5720791760832,6270.992509625481
1788081523,50,,Aggregated,15.000000,0.000000,78,97,150,160,180,230,330,420,800,920,940,14302,1,78,106.76266191236299,11.179457884281874,938.5720791760832,6269.779191721437
1788081524,50,,Aggregated,15.200000,0.000000,78,97,150,160,180,230,340,430,800,920,940,14319,1,78,106.83359738560102,11.179457884281874,938.5720791760832,6270.665269921084
1788081525,50,,Aggregated,14.800000,0.000000,78,97,150,160,180,230,340,430,800,920,940,14332,1,78,106.84074632070455,11.179457884281874,938.5720791760832,6268.381244766955
1788081526,50,,Aggregated,14.200000,0.000000,78,97,150,160,180,230,340,430,800,920,940,14346,1,78,106.83327662693546,11.179457884281874,938.5720791760832,6268.909591523769
1788081527,50,,Aggregated,14.500000,0.000000,78,97,150,160,180,230,340,430,800,920,940,14362,1,78,106.8788080153225,11.179457884281874,938.5720791760832,6269.681799192313
1788081528,50,,Aggregated,14.600000,0.000000,78,97,150,160,180,230,340,430,800,920,940,14375,1,78,106.8759696142019,11.179457884281874,938.5720791760832,6271.2628869565215
1788081530,50,,Aggregated,14.300000,0.000000,78,97,150,160,180,230,340,430,800,920,940,14391,1,78,106.85884613178041,11.179457884281874,938.5720791760832,6271.183447988326
1788081531,50,,Aggregated,14.100000,0.000000,78,97,150,160,180,230,340,420,800,920,940,14401,1,78,106.85118424661086,11.179457884281874,938.5720791760832,6270.621415179501
1788081532,50,,Aggregated,14.100000,0.000000,78,97,150,160,180,230,340,420,800,920,940,14416,1,78,106.86366734657355,11.179457884281874,938.5720791760832,6271.950818534961
1788081533,50,,Aggregated,14.100000,0.000000,78,97,150,160,180,230,340,420,800,920,940,14433,1,78,106.84033826408513,11.179457884281874,938.5720791760832,6269.7930437192545
1788081534,50,,Aggregated,14.100000,0.000000,78,97,150,160,180,230,340,430,800,920,940,14450,1,78,106.93414087813335,11.179457884281874,938.5720791760832,6271.328858131488
1788081535,50,,Aggregated,14.600000,0.000000,78,97,150,160,180,230,340,430,800,920,940,14470,1,78,106.90258914201232,11.179457884281874,938.5720791760832,6270.3371112646855
1788081536,50,,Aggregated,14.600000,0.000000,78,97,150,160,180,230,340,430,800,920,940,14482,1,78,106.8763677513119,11.179457884281874,938.5720791760832,6268.441099295677
1788081537,50,,Aggregated,14.600000,0.000000,78,97,150,160,180,230,340,430,800,920,940,14494,1,78,106.85446755113372,11.179457884281874,938.5720791760832,6267.757899820615
1788081538,50,,Aggregated,14.800000,0.000000,78,97,150,160,180,230,340,420,800,920,940,14504,1,78,106.86600729818939,11.179457884281874,938.5720791760832,6266.925882515168
1788081539,50,,Aggregated,14.800000,0.000000,78,97,150,160,180,230,340,420,800,920,940,14524,1,78,106.87742600973087,11.179457884281874,938.5720791760832,6268.301638667034
1788081540,50,,Aggregated,13.900000,0.000000,78,97,150,160,180,230,340,420,800,920,940,14539,1,78,106.87306644858124,11.179457884281874,938.5720791760832,6267.188802531123
1788081541,50,,Aggregated,14.800000,0.000000,78,97,150,160,180,230,340,420,800,920,940,14559,1,78,106.85627692537636,11.179457884281874,938.5720791760832,6266.764063465897
1788081542,50,,Aggregated,14.700000,0.000000,78,97,150,160,180,230,340,420,800,920,940,14572,1,78,106.82600892970243,11.179457884281874,938.5720791760832,6266.416895415866
1788081543,50,,Aggregated,15.700000,0.000000,78,97,150,160,180,230,340,420,800,920,940,14587,1,78,106.81952797463175,11.179457884281874,938.5720791760832,6265.511894152328
1788081544,50,,Aggregated,15.500000,0.000000,78,97,150,160,180,230,340,420,800,920,940,14601,1,78,106.80695798558175,11.179457884281874,938.5720791760832,6265.157317991919
1788081545,50,,Aggregated,15.200000,0.000000,78,97,150,160,180,230,340,420,800,920,940,14611,1,78,106.80150278676555,11.179457884281874,938.5720791760832,6265.193210594757
1788081546,50,,Aggregated,15.200000,0.000000,78,97,150,160,180,230,340,430,800,920,940,14632,1,78,106.90327109225737,11.179457884281874,938.5720791760832,6264.361468015309
1788081547,50,,Aggregated,15.200000,0.000000,78,97,150,160,180,230,340,430,800,920,940,14641,1,78,106.89521508164016,11.179457884281874,938.5720791760832,6268.409261662455
1788081548,50,,Aggregated,14.600000,0.000000,78,97,150,160,180,230,340,430,800,920,940,14656,1,78,106.89376849449134,11.179457884281874,938.5720791760832,6269.300968886463
1788081549,50,,Aggregated,14.700000,0.000000,78,97,150,160,180,230,340,430,800,920,940,14674,1,78,106.8960729734717,11.179457884281874,938.5720791760832,6268.843055744855
1788081550,50,,Aggregated,15.100000,0.000000,78,97,150,160,180,230,340,430,800,920,940,14690,1,78,106.88712868360527,11.179457884281874,938.5720791760832,6269.584955752212
1788081551,50,,Aggregated,14.500000,0.000000,78,97,150,160,180,230,340,430,800,920,940,14705,1,78,106.91836888549437,11.179457884281874,938.5720791760832,6273.306222373342
1788081552,50,,Aggregated,14.500000,0.000000,78,97,150,160,180,230,340,430,800,920,940,14716,1,78,106.93002907175696,11.179457884281874,938.5720791760832,6274.9501902690945
1788081553,50,,Aggregated,14.500000,0.000000,78,97,150,160,180,230,340,430,800,920,940,14734,1,78,106.92037570931397,11.179457884281874,938.5720791760832,6276.928600515814
1788081554,50,,Aggregated,14.500000,0.000000,78,97,150,160,180,230,340,430,800,920,940,14748,1,78,106.89053711909733,11.179457884281874,938.5720791760832,6276.145375644155
1788081555,50,,Aggregated,14.500000,0.000000,78,97,150,160,180,230,340,430,800,920,940,14763,1,78,106.8847729621003,11.179457884281874,938.5720791760832,6275.852401273454
1788081556,50,,Aggregated,14.300000,0.000000,78,97,150,160,180,230,340,430,800,920,940,14772,1,78,106.87448224629662,11.179457884281874,938.5720791760832,6274.098158678581
1788081557,50,,Aggregated,15.000000,0.000000,78,97,150,160,180,230,340,430,800,920,940,14783,1,78,106.93884665887786,11.179457884281874,938.5720791760832,6274.675438003112
1788081558,50,,Aggregated,14.200000,0.000000,78,97,150,160,180,230,340,430,800,920,940,14801,1,78,106.9429161328758,11.179457884281874,938.5720791760832,6274.750827646781
1788081559,50,,Aggregated,14.100000,0.000000,78,97,150,160,180,230,340,430,800,920,940,14820,1,78,106.95940460349897,11.179457884281874,938.5720791760832,6276.010728744939
1788081560,50,,Aggregated,14.200000,0.000000,78,97,150,160,180,230,340,430,800,920,940,14831,1,78,106.94602527933532,11.179457884281874,938.5720791760832,6275.032971478659
1788081561,50,,Aggregated,14.500000,0.000000,78,97,150,160,180,230,340,430,800,920,940,14843,1,78,106.94190048151667,11.179457884281874,938.5720791760832,6275.318736104561
1788081562,50,,Aggregated,14.500000,0.000000,78,97,150,160,180,230,340,430,800,920,940,14855,1,78,106.94526339235685,11.179457884281874,938.5720791760832,6273.72043083137
1788081563,50,,Aggregated,13.800000,0.000000,78,97,150,160,180,230,340,430,800,920,940,14867,1,78,106.9526391095031,11.179457884281874,938.5720791760832,6272.335037331001
1788081564,50,,Aggregated,13.900000,0.000000,78,97,150,160,180,230,340,430,800,920,940,14880,1,78,106.92338834162138,11.179457884281874,938.5720791760832,6270.011760752688
1788081565,50,,Aggregated,13.400000,0.000000,78,97,150,160,180,230,340,430,800,920,940,14894,1,78,106.90143535320604,11.179457884281874,938.5720791760832,6271.061836981335
1788081566,50,,Aggregated,13.400000,0.000000,78,97,140,160,180,230,340,430,800,920,940,14912,1,78,106.85742159969,11.179457884281874,938.5720791760832,6269.000536480687
1788081567,50,,Aggregated,13.000000,0.000000,78,97,140,160,180,230,340,430,800,920,940,14926,1,78,106.85613555899837,11.179457884281874,938.5720791760832,6271.231140292108
1788081568,50,,Aggregated,13.700000,0.000000,78,97,140,160,180,230,340,430,800,920,940,14940,1,78,106.83662083786645,11.179457884281874,938.5720791760832,6269.952275769746
1788081569,50,,Aggregated,14.200000,0.000000,78,97,140,160,180,230,340,430,800,920,940,14953,1,78,106.81378269670356,11.179457884281874,938.5720791760832,6268.459372701131
1788081570,50,,Aggregated,13.800000,0.000000,78,97,140,160,180,230,340,430,800,920,940,14967,1,78,106.82825146771205,11.179457884281874,938.5720791760832,6269.804570054119
1788081571,50,,Aggregated,13.500000,0.000000,78,97,140,160,180,230,340,430,800,920,940,14981,1,78,106.79300061788433,11.179457884281874,938.5720791760832,6266.9440624791405
1788081572,50,,Aggregated,13.100000,0.000000,78,97,140,160,180,230,340,430,800,920,940,14997,1,78,106.77682046223694,11.179457884281874,938.5720791760832,6266.694938987797
1788081573,50,,Aggregated,13.200000,0.000000,78,97,140,160,180,230,340,430,800,920,940,15011,1,78,106.76199308422274,11.179457884281874,938.5720791760832,6266.412564119645
1788081574,50,,Aggregated,13.500000,0.000000,78,97,140,160,180,230,340,430,800,920,940,15022,1,78,106.736434782126,11.179457884281874,938.5720791760832,6265.81620290241
1788081575,50,,Aggregated,14.000000,0.000000,78,97,140,160,180,230,340,430,800,920,940,15033,1,78,106.74221083287789,11.179457884281874,938.5720791760832,6268.073305394798
1788081576,50,,Aggregated,14.000000,0.000000,78,97,140,160,180,230,340,430,800,920,940,15051,1,78,106.71331732724208,11.179457884281874,938.5720791760832,6266.085177064647
1788081577,50,,Aggregated,13.600000,0.000000,78,97,140,160,180,230,340,430,800,920,940,15062,1,78,106.7141471005251,11.179457884281874,938.5720791760832,6266.083123091223
1788081578,50,,Aggregated,13.200000,0.000000,78,97,140,160,180,230,340,430,800,920,940,15075,1,78,106.70467499444327,11.179457884281874,938.5720791760832,6266.894726368159
1788081579,50,,Aggregated,13.000000,0.000000,78,97,140,160,180,230,340,430,800,920,940,15086,1,78,106.72630119979151,11.179457884281874,938.5720791760832,6267.684873392549
1788081580,50,,Aggregated,13.500000,0.000000,78,97,140,160,180,230,340,430,800,920,940,15100,1,78,106.71274180391445,11.179457884281874,938.5720791760832,6267.896158940397
1788081581,50,,Aggregated,13.600000,0.000000,78,97,140,160,180,230,340,420,800,920,940,15114,1,78,106.70376009330231,11.179457884281874,938.5720791760832,6270.558819637422
1788081582,50,,Aggregated,13.600000,0.000000,78,97,150,160,180,230,340,420,800,920,940,15132,1,78,106.69800764064351,11.179457884281874,938.5720791760832,6270.345889505684
1788081583,50,,Aggregated,13.200000,0.000000,78,97,140,160,180,230,340,420,800,920,940,15147,1,78,106.67622383566975,11.179457884281874,938.5720791760832,6268.875288836073
1788081584,50,,Aggregated,13.100000,0.000000,78,97,140,160,180,230,340,420,800,920,940,15163,1,78,106.65636118098197,11.179457884281874,938.5720791760832,6268.110004616501
1788081585,50,,Aggregated,13.400000,0.000000,78,97,140,160,180,230,340,420,800,920,940,15177,1,78,106.64620116099172,11.179457884281874,938.5720791760832,6270.057850695131
1788081586,50,,Aggregated,13.500000,0.000000,78,97,140,160,180,230,340,420,800,920,940,15192,1,78,106.62489502415848,11.179457884281874,938.5720791760832,6269.769878883623
1788081587,50,,Aggregated,14.100000,0.000000,78,97,140,160,180,230,330,420,800,920,940,15204,1,78,106.61645062810561,11.179457884281874,938.5720791760832,6269.641015522231
1788081588,50,,Aggregated,14.800000,0.000000,78,97,140,160,180,230,330,420,800,920,940,15224,1,78,106.59299956923874,11.179457884281874,938.5720791760832,6270.589332632685
1788081589,50,,Aggregated,14.600000,0.000000,78,97,140,160,180,230,330,420,800,920,940,15239,1,78,106.57914460610274,11.179457884281874,938.5720791760832,6270.768357503774
1788081590,50,,Aggregated,13.900000,0.000000,78,97,140,160,180,230,340,420,800,920,940,15255,1,78,106.62547099216002,11.179457884281874,938.5720791760832,6273.6017043592265
1788081591,50,,Aggregated,14.500000,0.000000,78,97,140,160,180,230,340,420,800,920,940,15267,1,78,106.60765131539512,11.179457884281874,938.5720791760832,6272.597235868213
1788081592,50,,Aggregated,14.900000,0.000000,78,97,140,160,180,230,340,420,800,920,940,15284,1,78,106.63656134678327,11.179457884281874,938.5720791760832,6273.070727558231
1788081593,50,,Aggregated,15.600000,0.000000,78,97,140,160,180,230,340,420,800,920,940,15300,1,78,106.61684566279386,11.179457884281874,938.5720791760832,6271.737908496732
1788081594,50,,Aggregated,15.000000,0.000000,78,97,140,160,180,230,340,420,800,920,940,15318,1,78,106.61123447121831,11.179457884281874,938.5720791760832,6273.055751403577
1788081595,50,,Aggregated,15.100000,0.000000,78,97,140,160,180,230,340,420,800,920,940,15330,1,78,106.6000598388015,11.179457884281874,938.5720791760832,6272.4611872146115
1788081596,50,,Aggregated,15.400000,0.000000,78,97,140,160,180,230,340,420,800,920,940,15343,1,78,106.57992888039753,11.179457884281874,938.5720791760832,6272.460275043994
1788081597,50,,Aggregated,15.400000,0.000000,78,97,140,160,180,230,330,420,800,920,940,15361,1,78,106.58320578599836,11.179457884281874,938.5720791760832,6272.383633878003
1788081598,50,,Aggregated,14.900000,0.000000,78,97,140,160,180,230,330,420,800,920,940,15372,1,78,106.59012959547806,11.179457884281874,938.5720791760832,6273.965326567785
1788081599,50,,Aggregated,15.100000,0.000000,78,97,140,160,180,230,330,420,800,920,940,15386,1,78,106.57581069309556,11.179457884281874,938.5720791760832,6273.4259066684
1788081600,50,,Aggregated,15.600000,0.000000,78,97,140,160,180,230,330,420,800,920,940,15401,1,78,106.5778835350306,11.179457884281874,938.5720791760832,6273.968118953315
1788081601,50,,Aggregated,14.600000,0.000000,78,97,150,160,180,230,330,420,800,920,940,15419,1,78,106.57667986427039,11.179457884281874,938.5720791760832,6276.101368441533
1788081602,50,,Aggregated,14.900000,0.000000,78,97,150,160,180,230,330,420,800,920,940,15436,1,78,106.56945406173347,11.179457884281874,938.5720791760832,6274.531743975123
1788081603,50,,Aggregated,14.100000,0.000000,78,97,150,160,180,230,330,420,800,920,940,15451,1,78,106.57352150748659,11.179457884281874,938.5720791760832,6274.799689340496
1788081604,50,,Aggregated,15.300000,0.000000,78,97,150,160,180,230,330,420,800,920,940,15462,1,78,106.57863056959309,11.179457884281874,938.5720791760832,6275.281916957702
1788081605,50,,Aggregated,15.200000,0.000000,78,97,140,160,180,230,330,420,800,920,940,15478,1,78,106.57763633182549,11.179457884281874,938.5720791760832,6278.1804496705
1788081606,50,,Aggregated,14.800000,0.000000,78,97,140,160,180,230,330,420,800,920,940,15494,1,78,106.55621442040619,11.179457884281874,938.5720791760832,6278.486769071898
1788081607,50,,Aggregated,14.800000,0.000000,78,97,140,160,180,230,330,420,800,920,940,15507,1,78,106.54382353193962,11.179457884281874,938.5720791760832,6279.78803121171
1788081608,50,,Aggregated,14.600000,0.000000,78,97,140,160,180,230,330,420,800,920,940,15515,1,78,106.52501914211102,11.179457884281874,938.5720791760832,6280.219336126329
1788081609,50,,Aggregated,14.500000,0.000000,78,97,140,160,180,230,330,420,800,920,940,15535,1,78,106.57372603684216,11.179457884281874,938.5720791760832,6283.173286128098
1788081610,50,,Aggregated,15.000000,0.000000,78,97,150,160,180,230,330,420,800,920,940,15548,1,78,106.57589986508485,11.179457884281874,938.5720791760832,6283.446938512992
1788081611,50,,Aggregated,14.500000,0.000000,78,97,150,160,180,230,330,420,800,920,940,15557,1,78,106.5876692647656,11.179457884281874,938.5720791760832,6284.205245227229
1788081612,50,,Aggregated,14.500000,0.000000,78,97,150,160,180,230,330,420,800,920,940,15576,1,78,106.60982147312633,11.179457884281874,938.5720791760832,6286.225346687211
1788081613,50,,Aggregated,14.700000,0.000000,78,97,150,160,180,230,330,420,800,920,940,15586,1,78,106.59074007701578,11.179457884281874,938.5720791760832,6284.559283972796
1788081614,50,,Aggregated,13.400000,0.000000,78,97,140,160,180,230,330,420,800,920,940,15608,1,78,106.57716545343531,11.179457884281874,938.5720791760832,6284.830471553049
1788081615,50,,Aggregated,13.600000,0.000000,78,97,150,160,180,230,330,420,800,920,940,15620,1,78,106.59003733012172,11.179457884281874,938.5720791760832,6286.651408450704
1788081616,50,,Aggregated,13.700000,0.000000,78,97,150,160,180,230,330,420,800,920,940,15630,1,78,106.58041858941053,11.179457884281874,938.5720791760832,6284.7591170825335
1788081617,50,,Aggregated,14.100000,0.000000,78,97,150,160,180,230,330,420,800,920,940,15652,1,78,106.57458058553347,11.179457884281874,938.5720791760832,6287.220610784564
1788081618,50,,Aggregated,13.800000,0.000000,78,97,150,160,180,230,330,420,800,920,940,15666,1,78,106.55788918359357,11.179457884281874,938.5720791760832,6288.18690157028
1788081619,50,,Aggregated,13.600000,0.000000,78,97,140,160,180,230,330,420,800,920,940,15680,1,78,106.53769860922583,11.179457884281874,938.5720791760832,6287.9697066326535
1788081620,50,,Aggregated,14.100000,0.000000,78,97,140,160,180,230,330,420,800,920,940,15692,1,78,106.5463246865492,11.179457884281874,938.5720791760832,6286.670532755545
1788081621,50,,Aggregated,14.600000,0.000000,78,97,150,160,180,230,330,420,800,920,940,15710,1,78,106.56546689481027,11.179457884281874,938.5720791760832,6290.245639719924
1788081622,50,,Aggregated,14.300000,0.000000,78,97,150,160,180,230,330,420,800,920,940,15727,1,78,106.55476885282275,11.179457884281874,938.5720791760832,6289.1807719209
1788081623,50,,Aggregated,14.600000,0.000000,78,97,140,160,180,230,330,420,800,920,940,15744,1,78,106.54001113278916,11.179457884281874,938.5720791760832,6286.0562118902435
1788081624,50,,Aggregated,15.200000,0.000000,78,97,140,160,180,230,330,420,800,920,940,15755,1,78,106.51713236312224,11.179457884281874,938.5720791760832,6283.976324976198
1788081625,50,,Aggregated,15.100000,0.000000,78,97,140,160,180,230,330,420,800,920,940,15772,1,78,106.49112727364438,11.179457884281874,938.5720791760832,6284.03018006594
1788081627,50,,Aggregated,15.300000,0.000000,78,97,140,160,180,230,330,420,800,920,940,15788,1,78,106.4840289374777,11.179457884281874,938.5720791760832,6286.026412465163
1788081628,50,,Aggregated,14.500000,0.000000,78,97,140,160,180,230,330,420,800,920,940,15796,1,78,106.47528072540884,11.179457884281874,938.5720791760832,6285.748860471005
1788081629,50,,Aggregated,15.200000,0.000000,78,97,140,160,180,230,330,420,800,920,940,15814,1,78,106.47913127921395,11.179457884281874,938.5720791760832,6289.554318957886
1788081630,50,,Aggregated,14.200000,0.000000,78,97,140,160,180,230,330,420,800,920,940,15823,1,78,106.4930677921362,11.179457884281874,938.5720791760832,6291.812108955318
1788081631,50,,Aggregated,14.200000,0.000000,78,97,140,160,180,230,330,420,800,920,940,15842,1,78,106.4941742059571,11.179457884281874,938.5720791760832,6289.811703067794
1788081632,50,,Aggregated,14.800000,0.000000,78,97,140,160,180,230,330,420,800,920,940,15858,1,78,106.49337045477085,11.179457884281874,938.5720791760832,6290.3214150586455
1788081633,50,,Aggregated,14.800000,0.000000,78,97,150,160,180,230,330,420,800,920,940,15878,1,78,106.50448307868561,11.179457884281874,938.5720791760832,6290.659025066129
1788081634,50,,Aggregated,14.800000,0.000000,78,97,140,160,180,230,330,420,800,920,940,15889,1,78,106.48373233437405,11.179457884281874,938.5720791760832,6288.703002076909
1788081635,50,,Aggregated,14.800000,0.000000,78,97,150,160,180,230,330,420,800,920,940,15906,1,78,106.48629974999405,11.179457884281874,938.5720791760832,6288.8986545957505
1788081636,50,,Aggregated,14.900000,0.000000,78,97,140,160,180,230,330,420,800,920,940,15923,1,78,106.4611784618116,11.179457884281874,938.5720791760832,6287.351441311311
1788081637,50,,Aggregated,15.100000,0.000000,78,97,140,160,180,230,330,420,800,920,940,15936,1,78,106.45147396102416,11.179457884281874,938.5720791760832,6287.317520080322
1788081638,50,,Aggregated,15.100000,0.000000,78,97,140,160,180,230,330,420,800,920,940,15952,1,78,106.45314146837087,11.179457884281874,938.5720791760832,6287.397505015045
1788081639,50,,Aggregated,14.700000,0.000000,78,97,140,160,180,230,330,420,800,920,940,15967,1,78,106.43817122146129,11.179457884281874,938.5720791760832,6285.827080854262
1788081640,50,,Aggregated,15.500000,0.000000,78,97,140,160,180,230,330,420,800,920,940,15987,1,78,106.43631573799384,11.179457884281874,938.5720791760832,6286.3173203227625
1788081641,50,,Aggregated,15.200000,0.000000,78,97,140,160,180,230,330,420,800,920,940,15995,1,78,106.42322745531094,11.179457884281874,938.5720791760832,6284.749796811504
1788081642,50,,Aggregated,15.900000,0.000000,78,97,140,160,180,230,330,420,800,920,940,16011,1,78,106.46197908200453,11.179457884281874,938.5720791760832,6284.859908812691
1788081643,50,,Aggregated,15.200000,0.000000,78,97,140,160,180,230,330,420,800,920,940,16027,1,78,106.45539784219288,11.179457884281874,938.5720791760832,6282.402071504336
1788081644,50,,Aggregated,14.800000,0.000000,78,97,140,160,180,230,330,420,800,920,940,16044,1,78,106.44596440477433,11.179457884281874,938.5720791760832,6283.253739715781
1788081645,50,,Aggregated,14.300000,0.000000,78,97,140,160,180,230,330,420,800,920,940,16056,1,78,106.4267803604346,11.179457884281874,938.5720791760832,6283.320254110613
1788081646,50,,Aggregated,15.300000,0.000000,78,97,140,160,180,230,330,420,800,920,940,16072,1,78,106.4400911586317,11.179457884281874,938.5720791760832,6285.19449975112
1788081647,50,,Aggregated,14.300000,0.000000,78,97,140,160,180,230,330,420,800,920,940,16083,1,78,106.42509786895066,11.179457884281874,938.5720791760832,6284.17683268047
1788081648,50,,Aggregated,14.600000,0.000000,78,97,140,160,180,230,330,420,800,920,940,16097,1,78,106.4160008911847,11.179457884281874,938.5720791760832,6285.811269180593
1788081649,50,,Aggregated,14.300000,0.000000,78,97,140,160,180,230,330,410,800,920,940,16111,1,78,106.40085147875902,11.179457884281874,938.5720791760832,6288.183042641674
1788081650,50,,Aggregated,14.500000,0.000000,78,97,140,160,180,230,330,410,800,920,940,16126,1,78,106.40129619805874,11.179457884281874,938.5720791760832,6289.822274587623
1788081651,50,,Aggregated,14.400000,0.000000,78,97,140,160,180,230,330,410,800,920,940,16141,1,78,106.39401112236699,11.179457884281874,938.5720791760832,6288.651260764513
1788081652,50,,Aggregated,14.200000,0.000000,78,97,140,160,180,230,330,410,800,920,940,16150,1,78,106.37123784386256,11.179457884281874,938.5720791760832,6287.915727554179
1788081653,50,,Aggregated,14.200000,0.000000,78,97,140,160,180,230,330,410,800,920,940,16166,1,78,106.37002928087945,11.179457884281874,938.5720791760832,6287.307744649263
1788081654,50,,Aggregated,14.100000,0.000000,78,97,140,160,180,230,330,410,800,920,940,16178,1,78,106.35200444193177,11.179457884281874,938.5720791760832,6286.044752132526
1788081655,50,,Aggregated,14.000000,0.000000,78,97,140,160,180,230,330,410,800,920,940,16191,1,78,106.34682013531965,11.179457884281874,938.5720791760832,6286.859119263789
1788081656,50,,Aggregated,13.300000,0.000000,78,97,140,160,180,230,330,410,800,920,940,16206,1,78,106.33027565003054,11.179457884281874,938.5720791760832,6287.480192521289
1788081657,50,,Aggregated,13.900000,0.000000,78,97,140,160,180,230,330,410,800,920,940,16217,1,78,106.32252295698741,11.179457884281874,938.5720791760832,6288.874946044274
1788081658,50,,Aggregated,13.600000,0.000000,78,97,140,160,180,230,330,410,800,920,940,16231,1,78,106.34998585018653,11.179457884281874,938.5720791760832,6290.485552338118
1788081659,50,,Aggregated,13.500000,0.000000,78,97,140,160,180,230,330,410,800,920,940,16250,1,78,106.36242894411373,11.179457884281874,938.5720791760832,6293.73323076923
1788081660,50,,Aggregated,12.900000,0.000000,78,97,140,160,180,230,330,410,800,920,940,16261,1,78,106.38205143335541,11.179457884281874,938.5720791760832,6295.0943361416885
1788081661,50,,Aggregated,13.300000,0.000000,78,97,140,160,180,230,330,410,800,920,940,16280,1,78,106.42450947763,11.179457884281874,938.5720791760832,6296.518918918919
1788081662,50,,Aggregated,13.200000,0.000000,78,97,140,160,180,230,330,410,800,920,940,16294,1,78,106.40860653866018,11.179457884281874,938.5720791760832,6296.22775254695
1788081663,50,,Aggregated,13.200000,0.000000,78,97,140,160,180,230,330,410,800,920,940,16305,1,78,106.40473569847863,11.179457884281874,938.5720791760832,6297.44342226311
1788081664,50,,Aggregated,14.500000,0.000000,78,97,140,160,180,230,330,410,800,920,940,16326,1,78,106.44642809917278,11.179457884281874,938.5720791760832,6297.88453999755
1788081665,50,,Aggregated,13.900000,0.000000,78,97,140,160,180,230,330,410,800,920,940,16340,1,78,106.42865146380636,11.179457884281874,938.5720791760832,6298.64553243574
1788081666,50,,Aggregated,14.300000,0.000000,78,97,140,160,180,230,330,410,800,920,940,16361,1,78,106.4534930329699,11.179457884281874,938.5720791760832,6299.497707964061
1788081667,50,,Aggregated,14.300000,0.000000,78,97,140,160,180,230,330,410,800,920,940,16368,1,78,106.472573865528,11.179457884281874,938.5720791760832,6299.377321603128
1788081668,50,,Aggregated,15.100000,0.000000,78,97,140,160,180,230,330,410,800,920,940,16382,1,78,106.49959304470725,11.179457884281874,938.5720791760832,6300.75772188988
1788081669,50,,Aggregated,15.000000,0.000000,78,97,140,160,180,230,330,410,800,920,940,16396,1,78,106.4864913620143,11.179457884281874,938.5720791760832,6299.8935106123445
1788081670,50,,Aggregated,15.200000,0.000000,78,97,140,160,180,230,330,410,800,920,940,16409,1,78,106.47896364700108,11.179457884281874,938.5720791760832,6300.134438417941
1788081671,50,,Aggregated,14.500000,0.000000,78,97,140,160,180,230,330,410,800,920,940,16432,1,78,106.48869812507147,11.179457884281874,938.5720791760832,6300.3259493670885
1788081672,50,,Aggregated,14.900000,0.000000,78,97,140,160,180,230,330,410,800,920,940,16443,1,78,106.48227603337754,11.179457884281874,938.5720791760832,6301.406981694338
1788081673,50,,Aggregated,15.200000,0.000000,78,97,140,160,180,230,330,410,800,920,940,16457,1,78,106.51248800850956,11.179457884281874,938.5720791760832,6300.809564319135
1788081674,50,,Aggregated,14.700000,0.000000,78,97,140,160,180,230,330,410,800,920,940,16472,1,78,106.50136890798996,11.179457884281874,938.5720791760832,6299.208899951433
1788081675,50,,Aggregated,15.200000,0.000000,78,97,140,160,180,230,330,410,800,920,940,16482,1,78,106.50107352924316,11.179457884281874,938.5720791760832,6300.167273389152
1788081676,50,,Aggregated,14.500000,0.000000,78,97,140,160,180,230,330,410,800,920,940,16500,1,78,106.47828994526274,11.179457884281874,938.5720791760832,6298.959696969697
1788081677,50,,Aggregated,14.600000,0.000000,78,97,140,160,180,230,330,410,800,920,940,16513,1,78,106.48681698045242,11.179457884281874,938.5720791760832,6298.083267728456
1788081678,50,,Aggregated,13.800000,0.000000,78,97,140,160,180,230,330,410,800,920,940,16529,1,78,106.4911863796586,11.179457884281874,938.5720791760832,6296.375098312057
1788081679,50,,Aggregated,14.300000,0.000000,78,97,140,160,180,230,330,420,800,920,940,16542,1,78,106.64149565302593,11.179457884281874,938.5720791760832,6299.32855761093
1788081680,50,,Aggregated,14.300000,0.000000,78,97,140,160,180,230,330,420,800,920,940,16555,1,78,106.62481637377088,11.179457884281874,938.5720791760832,6299.346360616128
1788081681,50,,Aggregated,14.900000,0.000000,78,97,140,160,180,230,330,420,800,920,940,16570,1,78,106.62234194432574,11.179457884281874,938.5720791760832,6298.436149668075
1788081682,50,,Aggregated,14.400000,0.000000,78,97,140,160,180,230,330,420,800,920,940,16585,1,78,106.64742162938569,11.179457884281874,938.5720791760832,6299.08393126319
1788081683,50,,Aggregated,14.200000,0.000000,78,97,140,160,180,230,330,420,800,920,940,16603,1,78,106.64831914030606,11.179457884281874,938.5720791760832,6299.156297054749
1788081684,50,,Aggregated,13.800000,0.000000,78,97,140,160,180,230,330,420,800,920,940,16616,1,78,106.64555175914218,11.179457884281874,938.5720791760832,6299.797845450168
1788081685,50,,Aggregated,14.000000,0.000000,78,97,150,160,180,230,330,420,800,920,940,16631,1,78,106.66538399555606,11.179457884281874,938.5720791760832,6301.962179063195
1788081686,50,,Aggregated,14.500000,0.000000,78,97,150,160,180,230,330,420,800,920,940,16639,1,78,106.65192449019519,11.179457884281874,938.5720791760832,6301.12993569325
1788081687,50,,Aggregated,14.500000,0.000000,78,97,150,160,180,230,330,420,800,920,940,16657,1,78,106.64073396962513,11.179457884281874,938.5720791760832,6301.866662664345
1788081688,50,,Aggregated,13.800000,0.000000,78,97,140,160,180,230,330,420,800,920,940,16672,1,78,106.62454666365431,11.179457884281874,938.5720791760832,6301.46982965451
1788081689,50,,Aggregated,14.400000,0.000000,78,97,150,160,180,230,330,420,800,920,940,16685,1,78,106.65522902788958,11.179457884281874,938.5720791760832,6304.01306562781
1788081690,50,,Aggregated,14.200000,0.000000,78,97,150,160,180,230,330,410,800,920,940,16706,1,78,106.64020630756625,11.179457884281874,938.5720791760832,6307.6487489524725
1788081691,50,,Aggregated,14.000000,0.000000,78,97,150,160,180,230,330,410,800,920,940,16718,1,78,106.63220209644399,11.179457884281874,938.5720791760832,6306.815229094389
1788081692,50,,Aggregated,14.000000,0.000000,78,97,150,160,180,230,330,410,800,920,940,16731,1,78,106.63554170440023,11.179457884281874,938.5720791760832,6307.38736477198
1788081693,50,,Aggregated,14.900000,0.000000,78,97,150,160,180,230,330,410,800,920,940,16746,1,78,106.62046225409097,11.179457884281874,938.5720791760832,6306.224770094351
1788081694,50,,Aggregated,14.300000,0.000000,78,97,150,160,180,230,330,410,800,920,940,16761,1,78,106.6270507558441,11.179457884281874,938.5720791760832,6306.813197303263
1788081695,50,,Aggregated,14.600000,0.000000,78,97,150,160,180,230,330,410,800,920,940,16777,1,78,106.6187786702725,11.179457884281874,938.5720791760832,6305.829945759075
1788081696,50,,Aggregated,14.400000,0.000000,78,97,150,160,180,230,330,410,800,920,940,16788,1,78,106.61460591960221,11.179457884281874,938.5720791760832,6305.657433881343
1788081697,50,,Aggregated,14.200000,0.000000,78,97,140,160,180,230,330,410,800,920,940,16805,1,78,106.5908079710311,11.179457884281874,938.5720791760832,6304.677357929188
1788081698,50,,Aggregated,15.000000,0.000000,78,97,140,160,180,230,330,410,800,920,940,16817,1,78,106.56236138610093,11.179457884281874,938.5720791760832,6304.918951061426
1788081699,50,,Aggregated,14.000000,0.000000,78,97,140,160,180,230,330,410,800,920,940,16829,1,78,106.55077356418522,11.179457884281874,938.5720791760832,6304.455107255333
1788081700,50,,Aggregated,14.700000,0.000000,78,97,140,160,180,230,330,410,800,920,940,16850,1,78,106.57361970551158,11.179457884281874,938.5720791760832,6304.583679525223
1788081701,50,,Aggregated,14.300000,0.000000,78,97,140,160,180,230,330,410,800,920,940,16861,1,78,106.59166127699882,11.179457884281874,938.5720791760832,6304.662534843722
1788081702,50,,Aggregated,14.700000,0.000000,78,97,140,160,180,230,330,410,800,920,940,16878,1,78,106.59000923939476,11.179457884281874,938.5720791760832,6305.442884227989
1788081703,50,,Aggregated,13.900000,0.000000,78,97,140,160,180,230,330,410,800,920,940,16886,1,78,106.5845646955365,11.179457884281874,938.5720791760832,6304.564195191283
1788081704,50,,Aggregated,14.500000,0.000000,78,97,140,160,180,230,330,410,800,920,940,16901,1,78,106.57761225482206,11.179457884281874,938.5720791760832,6304.894503283829
1788081705,50,,Aggregated,14.100000,0.000000,78,97,140,160,180,230,330,410,800,920,940,16914,1,78,106.58590236211627,11.179457884281874,938.5720791760832,6306.665129478539
1788081706,50,,Aggregated,14.000000,0.000000,78,97,140,160,180,230,330,410,800,920,940,16926,1,78,106.5687725060639,11.179457884281874,938.5720791760832,6305.835282996573
1788081707,50,,Aggregated,13.800000,0.000000,78,97,140,160,180,230,330,410,800,920,940,16942,1,78,106.59125350409825,11.179457884281874,938.5720791760832,6305.165978042734
1788081708,50,,Aggregated,13.400000,0.000000,78,97,140,160,180,230,330,410,800,920,940,16962,1,78,106.58937214747776,11.179457884281874,938.5720791760832,6306.498172385332
1788081709,50,,Aggregated,13.900000,0.000000,78,97,140,160,180,230,330,410,800,920,940,16970,1,78,106.58220446075306,11.179457884281874,938.5720791760832,6305.864054213318
1788081710,50,,Aggregated,13.600000,0.000000,78,97,140,160,180,230,330,410,800,920,940,16981,1,78,106.57419827212507,11.179457884281874,938.5720791760832,6304.903598139097
1788081711,50,,Aggregated,14.400000,0.000000,78,97,140,160,180,230,330,410,800,920,940,16999,1,78,106.59782919655039,11.179457884281874,938.5720791760832,6305.4542620154125
1788081712,50,,Aggregated,13.600000,0.000000,78,97,140,160,180,230,330,410,800,920,940,17012,1,78,106.60438040583065,11.179457884281874,938.5720791760832,6306.904302845051
1788081713,50,,Aggregated,13.200000,0.000000,78,97,140,160,180,230,330,410,800,920,940,17033,1,78,106.58954712581401,11.179457884281874,938.5720791760832,6305.798332648388
1788081714,50,,Aggregated,13.400000,0.000000,78,97,140,160,180,230,330,410,800,920,940,17047,1,78,106.58205258965415,11.179457884281874,938.5720791760832,6306.049158209656
1788081715,50,,Aggregated,13.600000,0.000000,78,97,140,160,180,230,330,410,800,920,940,17063,1,78,106.58133964801287,11.179457884281874,938.5720791760832,6305.804372033054
1788081716,50,,Aggregated,14.300000,0.000000,78,97,140,160,180,230,330,410,800,920,940,17076,1,78,106.56031892946024,11.179457884281874,938.5720791760832,6304.500644178965
1788081717,50,,Aggregated,14.600000,0.000000,78,97,140,160,180,230,330,410,800,920,940,17090,1,78,106.58054315282611,11.179457884281874,938.5720791760832,6304.52960795787
1788081718,50,,Aggregated,14.800000,0.000000,78,97,140,160,180,230,330,410,800,920,940,17103,1,78,106.58021853132509,11.179457884281874,938.5720791760832,6304.004209787757
1788081719,50,,Aggregated,14.700000,0.000000,78,97,140,160,180,230,330,410,800,920,940,17116,1,78,106.57435966045159,11.179457884281874,938.5720791760832,6305.710095816779
1788081721,50,,Aggregated,14.500000,0.000000,78,97,140,160,180,230,330,410,800,920,940,17130,1,78,106.58008076762427,11.179457884281874,938.5720791760832,6308.4506713368355
1788081722,50,,Aggregated,13.900000,0.000000,78,97,140,160,180,230,330,410,800,920,940,17146,1,78,106.55990389097116,11.179457884281874,938.5720791760832,6308.176659279132
1788081723,50,,Aggregated,14.500000,0.000000,78,97,150,160,180,230,330,410,800,920,940,17155,1,78,106.56338024066604,11.179457884281874,938.5720791760832,6309.842961235791
1788081724,50,,Aggregated,14.700000,0.000000,78,97,150,160,180,230,330,410,800,920,940,17171,1,78,106.56944317515111,11.179457884281874,938.5720791760832,6312.974258924932
1788081725,50,,Aggregated,14.100000,0.000000,78,97,150,160,180,230,330,410,800,920,940,17185,1,78,106.56524000939763,11.179457884281874,938.5720791760832,6312.929473377946
1788081726,50,,Aggregated,13.500000,0.000000,78,97,150,160,180,230,330,410,800,920,940,17196,1,78,106.5647677569689,11.179457884281874,938.5720791760832,6313.844731332868
1788081727,50,,Aggregated,13.500000,0.000000,78,97,150,160,180,230,330,410,800,920,940,17218,1,78,106.53410658634851,11.179457884281874,938.5720791760832,6313.688407480544
1788081728,50,,Aggregated,13.100000,0.000000,78,97,150,160,180,230,330,410,800,920,940,17232,1,78,106.52698069231656,11.179457884281874,938.5720791760832,6314.278551532034
1788081729,50,,Aggregated,14.200000,0.000000,78,97,150,160,180,230,330,410,800,920,940,17247,1,78,106.54110902134516,11.179457884281874,938.5720791760832,6313.966023076477
1788081730,50,,Aggregated,14.200000,0.000000,78,97,150,160,180,230,330,410,800,920,940,17260,1,78,106.53539476124354,11.179457884281874,938.5720791760832,6314.00527230591
1788081731,50,,Aggregated,14.200000,0.000000,78,97,150,160,180,230,330,410,800,920,940,17280,1,78,106.53103424913381,11.179457884281874,938.5720791760832,6313.293171296296
1788081732,50,,Aggregated,14.400000,0.000000,78,97,150,160,180,230,330,410,800,920,940,17292,1,78,106.53600955771172,11.179457884281874,938.5720791760832,6314.1649317603515
1788081733,50,,Aggregated,14.900000,0.000000,78,97,150,160,180,230,330,410,800,920,940,17304,1,78,106.53143050668459,11.179457884281874,938.5720791760832,6317.417186777624
1788081734,50,,Aggregated,14.400000,0.000000,78,97,150,160,180,230,330,410,800,920,940,17319,1,78,106.59649902508637,11.179457884281874,938.5720791760832,6317.941567065073
1788081735,50,,Aggregated,14.700000,0.000000,78,97,150,160,180,230,330,410,800,920,940,17333,1,78,106.63452797003491,11.179457884281874,938.5720791760832,6321.873824496625
1788081736,50,,Aggregated,14.500000,0.000000,78,97,150,160,180,230,330,410,800,920,940,17352,1,78,106.62997899802285,11.179457884281874,938.5720791760832,6323.024665744582
1788081737,50,,Aggregated,14.500000,0.000000,78,97,150,160,180,230,330,410,800,920,940,17369,1,78,106.60816224577339,11.179457884281874,938.5720791760832,6322.830502619609
1788081738,50,,Aggregated,15.600000,0.000000,78,97,150,160,180,230,330,410,800,920,940,17376,1,78,106.60208135099441,11.179457884281874,938.5720791760832,6322.851001381216
1788081739,50,,Aggregated,15.100000,0.000000,78,97,150,160,180,230,330,410,800,920,940,17389,1,78,106.58944374380916,11.179457884281874,938.5720791760832,6321.474725401115
1788081740,50,,Aggregated,14.400000,0.000000,78,97,150,160,180,230,330,410,800,920,940,17404,1,78,106.56841693152955,11.179457884281874,938.5720791760832,6321.462709721903
1788081741,50,,Aggregated,14.200000,0.000000,78,97,150,160,180,230,330,410,800,920,940,17418,1,78,106.54495274058843,11.179457884281874,938.5720791760832,6322.068147892985
1788081742,50,,Aggregated,14.000000,0.000000,78,97,150,160,180,230,330,410,800,920,940,17433,1,78,106.55261246839129,11.179457884281874,938.5720791760832,6322.919290999828
1788081743,50,,Aggregated,13.500000,0.000000,78,97,150,160,180,230,330,410,800,920,940,17447,1,78,106.53804167102113,11.179457884281874,938.5720791760832,6321.988594027626
1788081744,50,,Aggregated,14.000000,0.000000,78,97,150,160,180,230,330,410,800,920,940,17464,1,78,106.50973272603677,11.179457884281874,938.5720791760832,6319.226981218507
1788081745,50,,Aggregated,14.100000,0.000000,78,97,150,160,180,230,330,410,800,920,940,17481,1,78,106.49243515193369,11.179457884281874,938.5720791760832,6319.642468966306
1788081746,50,,Aggregated,14.700000,0.000000,78,97,150,160,180,230,330,410,800,920,940,17492,1,78,106.48161234303656,11.179457884281874,938.5720791760832,6319.000800365881
1788081747,50,,Aggregated,14.400000,0.000000,78,97,150,160,180,230,330,410,800,920,940,17509,1,78,106.46739553804727,11.179457884281874,938.5720791760832,6316.819235821577
1788081748,50,,Aggregated,13.800000,0.000000,78,97,150,160,180,230,330,410,800,920,940,17529,1,78,106.47376106713634,11.179457884281874,938.5720791760832,6316.31251069656
1788081749,50,,Aggregated,13.800000,0.000000,78,97,150,160,180,230,330,410,800,920,940,17540,1,78,106.4654553028996,11.179457884281874,938.5720791760832,6315.331641961231
1788081750,50,,Aggregated,14.500000,0.000000,78,97,150,160,180,230,330,410,800,920,940,17551,1,78,106.46815566901043,11.179457884281874,938.5720791760832,6315.989117429206
1788081751,50,,Aggregated,14.600000,0.000000,78,97,150,160,180,230,330,410,800,920,940,17568,1,78,106.4422612274846,11.179457884281874,938.5720791760832,6314.289902094718
1788081752,50,,Aggregated,14.800000,0.000000,78,97,140,160,180,230,330,410,800,920,940,17584,1,78,106.41744492567423,11.179457884281874,938.5720791760832,6311.857199727025
1788081753,50,,Aggregated,14.900000,0.000000,78,97,140,160,180,230,330,410,800,920,940,17601,1,78,106.42470946404984,11.179457884281874,938.5720791760832,6313.237884211125
1788081754,50,,Aggregated,14.700000,0.000000,78,97,150,160,180,230,330,410,800,920,940,17616,1,78,106.50467201152495,11.179457884281874,938.5720791760832,6311.922570390554
1788081755,50,,Aggregated,15.000000,0.000000,78,97,140,160,180,230,330,410,800,920,940,17628,1,78,106.48909877606752,11.179457884281874,938.5720791760832,6310.470047651464
1788081756,50,,Aggregated,14.600000,0.000000,78,97,140,160,180,230,330,410,800,920,940,17642,1,78,106.50389476070015,11.179457884281874,938.5720791760832,6311.491100782224
1788081757,50,,Aggregated,15.100000,0.000000,78,97,140,160,180,230,330,410,800,920,940,17657,1,78,106.4917562496769,11.179457884281874,938.5720791760832,6310.331200090615
1788081758,50,,Aggregated,15.000000,0.000000,78,97,140,160,180,230,330,410,800,920,940,17666,1,78,106.48197771411051,11.179457884281874,938.5720791760832,6309.979395448885
1788081759,50,,Aggregated,14.500000,0.000000,78,97,150,160,180,230,330,410,800,920,940,17686,1,78,106.57192617360438,11.179457884281874,938.5720791760832,6309.389743299786
1788081760,50,,Aggregated,14.300000,0.000000,78,97,140,160,180,230,330,410,800,920,940,17702,1,78,106.53820869391535,11.179457884281874,938.5720791760832,6306.485651338832
1788081761,50,,Aggregated,14.000000,0.000000,78,97,140,160,180,230,330,410,800,920,940,17719,1,78,106.52369992562627,11.179457884281874,938.5720791760832,6306.237485185394
1788081762,50,,Aggregated,14.600000,0.000000,78,97,140,160,180,230,330,410,800,920,940,17732,1,78,106.54220069701502,11.179457884281874,938.5720791760832,6306.974847732912
1788081763,50,,Aggregated,15.000000,0.000000,78,97,140,160,180,230,330,410,800,920,940,17748,1,78,106.54342829193703,11.179457884281874,938.5720791760832,6308.040624295695
1788081764,50,,Aggregated,15.300000,0.000000,78,97,140,160,180,230,330,410,800,920,940,17758,1,78,106.52536457061869,11.179457884281874,938.5720791760832,6307.425385741638
1788081765,50,,Aggregated,14.700000,0.000000,78,97,140,160,180,230,330,410,800,920,940,17770,1,78,106.51635210709536,11.179457884281874,938.5720791760832,6306.925830050647
1788081766,50,,Aggregated,14.400000,0.000000,78,97,140,160,180,230,330,410,800,920,940,17784,1,78,106.50744917993659,11.179457884281874,938.5720791760832,6306.892094017094
1788081767,50,,Aggregated,13.900000,0.000000,78,97,140,160,180,230,330,410,800,920,940,17798,1,78,106.52208341713519,11.179457884281874,938.5720791760832,6307.839588717833
1788081768,50,,Aggregated,14.000000,0.000000,78,97,140,160,180,230,330,410,800,920,940,17811,1,78,106.51052745298513,11.179457884281874,938.5720791760832,6306.720846667789
1788081769,50,,Aggregated,13.700000,0.000000,78,97,140,160,180,230,330,410,800,920,940,17823,1,78,106.49260807406078,11.179457884281874,938.5720791760832,6305.676261011053
1788081770,50,,Aggregated,14.200000,0.000000,78,97,140,160,180,230,330,410,800,920,940,17836,1,78,106.4904519889076,11.179457884281874,938.5720791760832,6304.094920385736
1788081771,50,,Aggregated,14.400000,0.000000,78,97,140,160,180,230,330,410,800,920,940,17849,1,78,106.49082708258123,11.179457884281874,938.5720791760832,6303.999663846714
1788081772,50,,Aggregated,13.500000,0.000000,78,97,140,160,180,230,330,410,800,920,940,17871,1,78,106.51879575717993,11.179457884281874,938.5720791760832,6305.56337082424
1788081773,50,,Aggregated,13.000000,0.000000,78,97,140,160,180,230,330,410,800,920,940,17884,1,78,106.51132599009046,11.179457884281874,938.5720791760832,6305.218743010512
1788081774,50,,Aggregated,12.500000,0.000000,78,97,140,160,180,230,330,410,800,920,940,17897,1,78,106.49531008639268,11.179457884281874,938.5720791760832,6305.76923506733
1788081775,50,,Aggregated,13.600000,0.000000,78,97,140,160,180,230,330,410,800,920,940,17917,1,78,106.47457137639388,11.179457884281874,938.5720791760832,6306.349444661495
1788081776,50,,Aggregated,13.700000,0.000000,78,97,140,160,180,230,330,410,800,920,940,17928,1,78,106.45474398107682,11.179457884281874,938.5720791760832,6304.614402052655
1788081777,50,,Aggregated,13.900000,0.000000,78,97,140,160,180,230,330,410,800,920,940,17943,1,78,106.46963258093169,11.179457884281874,938.5720791760832,6305.630273644319
1788081778,50,,Aggregated,13.900000,0.000000,78,97,140,160,180,230,330,410,800,920,940,17960,1,78,106.4522393172781,11.179457884281874,938.5720791760832,6306.192371937639
1788081779,50,,Aggregated,14.500000,0.000000,78,97,140,160,180,230,330,410,800,920,940,17973,1,78,106.47352865437183,11.179457884281874,938.5720791760832,6307.912368552829
1788081780,50,,Aggregated,14.700000,0.000000,78,97,140,160,180,230,330,410,800,920,940,17991,1,78,106.48999523007699,11.179457884281874,938.5720791760832,6305.536768384192
1788081781,50,,Aggregated,14.600000,0.000000,78,97,140,160,180,230,330,410,770,920,940,18003,1,78,106.47515769611444,11.179457884281874,938.5720791760832,6304.868577459312
1788081782,50,,Aggregated,15.400000,0.000000,78,97,140,160,180,230,330,410,770,920,940,18019,1,78,106.45443502028938,11.179457884281874,938.5720791760832,6304.560796936567
1788081783,50,,Aggregated,15.300000,0.000000,78,97,140,160,180,230,330,410,770,920,940,18027,1,78,106.43749603376368,11.179457884281874,938.5720791760832,6304.091584844955
1788081784,50,,Aggregated,15.000000,0.000000,78,97,140,160,180,230,330,410,770,920,940,18045,1,78,106.47872193781238,11.179457884281874,938.5720791760832,6308.243003602106
1788081785,50,,Aggregated,14.600000,0.000000,78,97,140,160,180,230,330,410,770,920,940,18060,1,78,106.45008444028534,11.179457884281874,938.5720791760832,6305.677021040975
1788081786,50,,Aggregated,14.400000,0.000000,78,97,140,160,180,230,330,410,770,920,940,18072,1,78,106.43346531489483,11.179457884281874,938.5720791760832,6304.6943891102255
1788081787,50,,Aggregated,14.600000,0.000000,78,97,140,160,180,230,330,410,770,920,940,18092,1,78,106.41871117466306,11.179457884281874,938.5720791760832,6302.190747291621
1788081788,50,,Aggregated,14.700000,0.000000,78,97,140,160,180,230,330,410,770,920,940,18103,1,78,106.40551503254336,11.179457884281874,938.5720791760832,6301.29089101254
1788081789,50,,Aggregated,14.100000,0.000000,78,97,140,160,180,230,330,410,770,920,940,18115,1,78,106.40075652467577,11.179457884281874,938.5720791760832,6301.186751311068
1788081790,50,,Aggregated,14.300000,0.000000,78,97,140,160,180,230,330,410,770,920,940,18128,1,78,106.38243740615165,11.179457884281874,938.5720791760832,6300.605030891438
1788081791,50,,Aggregated,14.300000,0.000000,78,97,140,160,180,230,330,410,770,920,940,18143,1,78,106.37864956323185,11.179457884281874,938.5720791760832,6304.58953866505
1788081792,50,,Aggregated,13.800000,0.000000,78,97,140,160,180,230,330,410,770,920,940,18154,1,78,106.37925689968888,11.179457884281874,938.5720791760832,6304.969318056626
1788081793,50,,Aggregated,13.400000,0.000000,78,97,140,160,180,230,330,410,770,920,940,18171,1,78,106.38949899506729,11.179457884281874,938.5720791760832,6304.180287270926
1788081794,50,,Aggregated,14.100000,0.000000,78,97,140,160,180,230,330,410,770,920,940,18184,1,78,106.38683623741527,11.179457884281874,938.5720791760832,6304.149802023757
1788081795,50,,Aggregated,13.900000,0.000000,78,97,140,160,180,230,330,410,770,920,940,18199,1,78,106.36721228923747,11.179457884281874,938.5720791760832,6304.557008626848
1788081796,50,,Aggregated,14.000000,0.000000,78,97,140,160,180,230,330,410,770,920,940,18210,1,78,106.3447194962053,11.179457884281874,938.5720791760832,6302.886326194399
1788081797,50,,Aggregated,13.800000,0.000000,78,97,140,160,180,230,330,410,770,920,940,18231,1,78,106.3235744609021,11.179457884281874,938.5720791760832,6299.638472930722
1788081798,50,,Aggregated,13.600000,0.000000,78,97,140,160,180,230,330,410,770,920,940,18238,1,78,106.31213853744552,11.179457884281874,938.5720791760832,6299.037997587455
1788081799,50,,Aggregated,13.900000,0.000000,78,97,140,160,180,230,340,420,810,940,980,18258,1,78,106.62989847566384,11.179457884281874,978.5517761483788,6301.872494249096
1788081800,50,,Aggregated,13.800000,0.000000,78,97,140,160,180,230,340,420,810,940,980,18272,1,78,106.66087196966103,11.179457884281874,978.5517761483788,6301.32043563923
1788081801,50,,Aggregated,13.300000,0.000000,78,97,140,160,180,230,340,420,810,940,980,18287,1,78,106.71972101152961,11.179457884281874,978.5517761483788,6303.562312024936
1788081802,50,,Aggregated,14.000000,0.000000,78,97,140,160,180,230,340,420,810,940,980,18301,1,78,106.71106678993549,11.179457884281874,978.5517761483788,6304.960384678433
1788081803,50,,Aggregated,14.400000,0.000000,78,97,140,160,180,230,340,420,810,940,980,18310,1,78,106.71120817256265,11.179457884281874,978.5517761483788,6305.590496996177
1788081804,50,,Aggregated,14.300000,0.000000,78,97,140,160,180,230,340,420,810,940,980,18330,1,78,106.71061460928158,11.179457884281874,978.5517761483788,6305.994762684124
1788081805,50,,Aggregated,14.200000,0.000000,78,97,140,160,180,230,340,420,810,940,980,18338,1,78,106.71354490070502,11.179457884281874,978.5517761483788,6306.86328934453
1788081806,50,,Aggregated,14.100000,0.000000,78,97,140,160,180,230,340,420,810,940,980,18351,1,78,106.70442873230454,11.179457884281874,978.5517761483788,6308.161844041197
1788081807,50,,Aggregated,14.200000,0.000000,78,97,140,160,180,230,340,420,810,940,980,18363,1,78,106.70988137735078,11.179457884281874,978.5517761483788,6307.693623046343
1788081808,50,,Aggregated,13.700000,0.000000,78,97,140,160,180,230,340,420,810,940,980,18376,1,78,106.69279344939223,11.179457884281874,978.5517761483788,6306.625653025686
1788081809,50,,Aggregated,13.800000,0.000000,78,97,140,160,180,230,340,420,810,940,980,18392,1,78,106.68910586455125,11.179457884281874,978.5517761483788,6306.4420943888645
1788081810,50,,Aggregated,13.100000,0.000000,78,97,140,160,180,230,340,420,810,940,980,18402,1,78,106.682113081175,11.179457884281874,978.5517761483788,6306.270351048799
1788081811,50,,Aggregated,13.800000,0.000000,78,97,140,160,180,230,340,420,810,940,980,18415,1,78,106.67725246686143,11.179457884281874,978.5517761483788,6307.094759706761
1788081812,50,,Aggregated,13.100000,0.000000,78,97,140,160,180,230,340,420,810,940,980,18433,1,78,106.64901331009537,11.179457884281874,978.5517761483788,6306.591819020236
1788081814,50,,Aggregated,12.600000,0.000000,78,97,140,160,180,230,340,420,810,940,980,18447,1,78,106.62759179257989,11.179457884281874,978.5517761483788,6305.683417357836
1788081815,50,,Aggregated,12.600000,0.000000,78,97,140,160,180,230,340,420,810,940,980,18463,1,78,106.59800182613294,11.179457884281874,978.5517761483788,6303.848074527433
1788081816,50,,Aggregated,13.000000,0.000000,78,97,140,160,180,230,340,420,810,940,980,18478,1,78,106.58904847498756,11.179457884281874,978.5517761483788,6304.321625717069
1788081817,50,,Aggregated,13.200000,0.000000,78,97,140,160,180,230,340,420,810,940,980,18491,1,78,106.58816470605974,11.179457884281874,978.5517761483788,6304.243632037207
1788081818,50,,Aggregated,13.300000,0.000000,78,97,140,160,180,230,340,420,810,940,980,18510,1,78,106.5837483847064,11.179457884281874,978.5517761483788,6303.0054565099945
1788081819,50,,Aggregated,13.900000,0.000000,78,97,140,160,180,230,340,420,810,940,980,18529,1,78,106.56200750026044,11.179457884281874,978.5517761483788,6302.290841383777
1788081820,50,,Aggregated,14.700000,0.000000,78,97,140,160,180,230,340,420,810,940,980,18545,1,78,106.54689255579814,11.179457884281874,978.5517761483788,6303.230520355891
1788081821,50,,Aggregated,15.100000,0.000000,78,97,140,160,180,230,330,420,810,940,980,18557,1,78,106.53860203755374,11.179457884281874,978.5517761483788,6301.763108261033
1788081822,50,,Aggregated,15.100000,0.000000,78,97,140,160,180,230,330,420,810,940,980,18569,1,78,106.52563387169556,11.179457884281874,978.5517761483788,6300.877214712693
1788081823,50,,Aggregated,15.300000,0.000000,78,97,140,160,180,230,330,420,810,940,980,18584,1,78,106.51499533947259,11.179457884281874,978.5517761483788,6300.14114291864
1788081824,50,,Aggregated,15.400000,0.000000,78,97,140,160,180,230,340,420,810,940,980,18600,1,78,106.5486874753454,11.179457884281874,978.5517761483788,6301.5670967741935
1788081825,50,,Aggregated,15.000000,0.000000,78,97,140,160,180,230,340,420,810,940,980,18620,1,78,106.55281854515583,11.179457884281874,978.5517761483788,6302.1943071965625
1788081826,50,,Aggregated,15.100000,0.000000,78,97,140,160,180,230,340,420,810,940,980,18629,1,78,106.5363660375136,11.179457884281874,978.5517761483788,6300.407321917441
1788081827,50,,Aggregated,15.600000,0.000000,78,97,140,160,180,230,340,420,810,940,980,18642,1,78,106.62111371560563,11.179457884281874,978.5517761483788,6301.776687050746
1788081828,50,,Aggregated,14.800000,0.000000,78,97,140,160,180,230,340,420,810,940,980,18657,1,78,106.59787095275489,11.179457884281874,978.5517761483788,6299.935627378464
1788081829,50,,Aggregated,14.800000,0.000000,78,97,140,160,180,230,340,420,810,940,980,18672,1,78,106.60418342644725,11.179457884281874,978.5517761483788,6300.254070265639
1788081830,50,,Aggregated,14.600000,0.000000,78,97,140,160,180,230,340,420,810,940,980,18685,1,78,106.62616953684392,11.179457884281874,978.5517761483788,6301.4020872357505
1788081831,50,,Aggregated,14.400000,0.000000,78,97,140,160,180,230,340,420,810,940,980,18698,1,78,106.61069325690467,11.179457884281874,978.5517761483788,6299.709273719114
1788081832,50,,Aggregated,14.000000,0.000000,78,97,140,160,180,230,340,420,810,940,980,18712,1,78,106.61032613817373,11.179457884281874,978.5517761483788,6299.824497648568
1788081833,50,,Aggregated,14.200000,0.000000,78,97,140,160,180,230,340,420,810,940,980,18728,1,78,106.62055294115346,11.179457884281874,978.5517761483788,6300.272319521572
1788081834,50,,Aggregated,13.900000,0.000000,78,97,140,160,180,230,340,420,810,940,980,18745,1,78,106.63335515653466,11.179457884281874,978.5517761483788,6298.807201920512
1788081835,50,,Aggregated,14.400000,0.000000,78,97,140,160,180,230,340,420,810,940,980,18760,1,78,106.65312077620996,11.179457884281874,978.5517761483788,6299.78118336887
1788081836,50,,Aggregated,14.400000,0.000000,78,97,140,160,180,230,340,420,810,940,980,18776,1,78,106.65745415654776,11.179457884281874,978.5517761483788,6300.760918193439
1788081837,50,,Aggregated,13.800000,0.000000,78,97,150,160,180,230,340,420,810,940,980,18792,1,78,106.68406905593751,11.179457884281874,978.5517761483788,6302.067049808429
1788081838,50,,Aggregated,14.300000,0.000000,78,97,150,160,180,230,340,420,810,940,980,18804,1,78,106.69682942833744,11.179457884281874,978.5517761483788,6303.541746436928
1788081839,50,,Aggregated,14.800000,0.000000,78,97,150,160,180,230,340,420,810,940,980,18817,1,78,106.73356586405764,11.179457884281874,978.5517761483788,6304.132008290376
1788081840,50,,Aggregated,14.700000,0.000000,78,97,150,160,180,230,340,420,810,940,980,18835,1,78,106.71595643152848,11.179457884281874,978.5517761483788,6303.885744624369
1788081841,50,,Aggregated,14.300000,0.000000,78,97,150,160,180,230,340,420,810,940,980,18850,1,78,106.72236537045752,11.179457884281874,978.5517761483788,6305.784880636605
1788081842,50,,Aggregated,14.900000,0.000000,78,97,150,160,180,230,340,420,810,940,980,18865,1,78,106.71494102058352,11.179457884281874,978.5517761483788,6305.9125894513645
1788081843,50,,Aggregated,14.600000,0.000000,78,97,150,160,180,230,340,420,810,940,980,18882,1,78,106.70325302051764,11.179457884281874,978.5517761483788,6305.587120008474
1788081844,50,,Aggregated,15.000000,0.000000,78,97,150,160,180,230,340,420,810,940,980,18889,1,78,106.70288641327124,11.179457884281874,978.5517761483788,6306.032135105088
1788081845,50,,Aggregated,15.100000,0.000000,78,97,150,160,180,230,340,420,810,940,980,18908,1,78,106.69920624639451,11.179457884281874,978.5517761483788,6309.325576475566
1788081846,50,,Aggregated,14.700000,0.000000,78,97,150,160,180,230,340,420,810,940,980,18922,1,78,106.69629635445976,11.179457884281874,978.5517761483788,6310.892876017334
1788081847,50,,Aggregated,14.200000,0.000000,78,97,150,160,180,230,340,420,810,940,980,18934,1,78,106.68899503416405,11.179457884281874,978.5517761483788,6310.321696419141
1788081848,50,,Aggregated,14.700000,0.000000,78,97,150,160,180,230,340,420,810,940,980,18950,1,78,106.66738797286354,11.179457884281874,978.5517761483788,6309.4027440633245
1788081849,50,,Aggregated,14.100000,0.000000,78,97,150,160,180,230,330,420,810,940,980,18967,1,78,106.67715311677352,11.179457884281874,978.5517761483788,6310.601940211947
1788081850,50,,Aggregated,13.900000,0.000000,78,97,150,160,180,230,330,420,810,940,980,18976,1,78,106.68303300404739,11.179457884281874,978.5517761483788,6310.710423693086
1788081851,50,,Aggregated,14.800000,0.000000,78,97,150,160,180,230,330,420,810,940,980,18991,1,78,106.67424830111783,11.179457884281874,978.5517761483788,6310.78279184877
1788081852,50,,Aggregated,14.000000,0.000000,78,97,150,160,180,230,330,420,800,940,980,19005,1,78,106.65887484268889,11.179457884281874,978.5517761483788,6310.621415416996
1788081853,50,,Aggregated,14.400000,0.000000,78,97,150,160,180,230,330,420,800,940,980,19025,1,78,106.7024835991415,11.179457884281874,978.5517761483788,6315.633429697766
1788081854,50,,Aggregated,14.300000,0.000000,78,97,150,160,180,230,330,420,800,940,980,19035,1,78,106.69097670439326,11.179457884281874,978.5517761483788,6314.719464144996
1788081855,50,,Aggregated,13.600000,0.000000,78,97,150,160,180,230,330,420,800,940,980,19055,1,78,106.69460695436578,11.179457884281874,978.5517761483788,6314.526633429546
1788081856,50,,Aggregated,14.600000,0.000000,78,97,150,160,180,230,330,420,800,940,980,19067,1,78,106.6954431594211,11.179457884281874,978.5517761483788,6315.465044317407
1788081857,50,,Aggregated,14.600000,0.000000,78,97,150,160,180,230,330,420,800,940,980,19084,1,78,106.68876390404512,11.179457884281874,978.5517761483788,6313.641689373297
1788081858,50,,Aggregated,14.400000,0.000000,78,97,150,160,180,230,330,420,800,940,980,19098,1,78,106.6885887532805,11.179457884281874,978.5517761483788,6313.064195203686
1788081859,50,,Aggregated,14.800000,0.000000,78,97,150,160,180,230,330,410,800,940,980,19111,1,78,106.68466033301532,11.179457884281874,978.5517761483788,6312.714509968081
1788081860,50,,Aggregated,14.800000,0.000000,78,97,150,160,180,230,330,410,800,940,980,19124,1,78,106.67200684078452,11.179457884281874,978.5517761483788,6311.968887262079
1788081861,50,,Aggregated,13.900000,0.000000,78,97,150,160,180,230,330,410,800,940,980,19142,1,78,106.68292961437014,11.179457884281874,978.5517761483788,6312.7157036882245
1788081862,50,,Aggregated,14.800000,0.000000,78,97,150,160,180,230,330,410,800,940,980,19156,1,78,106.66000902398275,11.179457884281874,978.5517761483788,6310.5232825224475
1788081863,50,,Aggregated,14.200000,0.000000,78,97,150,160,180,230,330,410,800,940,980,19166,1,78,106.65740284664315,11.179457884281874,978.5517761483788,6311.260982990712
1788081864,50,,Aggregated,14.700000,0.000000,78,97,150,160,180,230,330,410,800,940,980,19184,1,78,106.66041792951921,11.179457884281874,978.5517761483788,6310.558381984987
1788081865,50,,Aggregated,14.600000,0.000000,78,97,150,160,180,230,330,410,800,940,980,19200,1,78,106.65265416888967,11.179457884281874,978.5517761483788,6310.3140625
1788081866,50,,Aggregated,13.800000,0.000000,78,97,150,160,180,230,330,410,800,940,980,19207,1,78,106.64112834580523,11.179457884281874,978.5517761483788,6309.760972562087
1788081867,50,,Aggregated,14.600000,0.000000,78,97,150,160,180,230,330,410,800,940,980,19226,1,78,106.63248992528771,11.179457884281874,978.5517761483788,6309.043794861125
1788081868,50,,Aggregated,14.300000,0.000000,78,97,150,160,180,230,330,410,800,940,980,19242,1,78,106.6113150318572,11.179457884281874,978.5517761483788,6309.168173786508
1788081869,50,,Aggregated,13.900000,0.000000,78,97,150,160,180,230,330,410,800,940,980,19260,1,78,106.66623657455897,11.179457884281874,978.5517761483788,6310.342211838006
1788081870,50,,Aggregated,14.300000,0.000000,78,97,150,160,180,230,330,410,800,940,980,19274,1,78,106.64706034602021,11.179457884281874,978.5517761483788,6310.026616166857
1788081871,50,,Aggregated,14.800000,0.000000,78,97,150,160,180,230,330,410,800,940,980,19288,1,78,106.65764232626847,11.179457884281874,978.5517761483788,6309.440429282456
1788081872,50,,Aggregated,14.600000,0.000000,78,97,150,160,180,230,330,410,800,940,980,19300,1,78,106.65286356454155,11.179457884281874,978.5517761483788,6308.804404145078
1788081873,50,,Aggregated,14.700000,0.000000,78,97,150,160,180,230,330,410,800,940,980,19314,1,78,106.67088081614375,11.179457884281874,978.5517761483788,6310.021435228332
1788081874,50,,Aggregated,14.500000,0.000000,78,97,150,160,180,230,330,410,800,940,980,19331,1,78,106.63770227757098,11.179457884281874,978.5517761483788,6307.847602296829
1788081875,50,,Aggregated,14.700000,0.000000,78,97,150,160,180,230,330,410,800,940,980,19347,1,78,106.64613236653055,11.179457884281874,978.5517761483788,6307.1755827776915
1788081876,50,,Aggregated,14.800000,0.000000,78,97,150,160,180,230,330,410,800,940,980,19360,1,78,106.63089635139735,11.179457884281874,978.5517761483788,6307.196694214876
1788081877,50,,Aggregated,14.200000,0.000000,78,97,150,160,180,230,330,410,800,940,980,19373,1,78,106.61225896106589,11.179457884281874,978.5517761483788,6305.601352397667
1788081878,50,,Aggregated,14.900000,0.000000,78,97,150,160,180,230,330,410,800,940,980,19392,1,78,106.65480144101335,11.179457884281874,978.5517761483788,6307.273566419142
1788081879,50,,Aggregated,14.900000,0.000000,78,97,150,160,180,230,330,420,800,940,980,19407,1,78,106.69805384357898,11.179457884281874,978.5517761483788,6307.7319008605145
1788081880,50,,Aggregated,14.500000,0.000000,78,97,150,160,180,230,330,420,800,940,980,19421,1,78,106.69094513176991,11.179457884281874,978.5517761483788,6307.705164512641
1788081881,50,,Aggregated,14.700000,0.000000,78,97,150,160,180,230,330,420,800,940,980,19434,1,78,106.70507646831334,11.179457884281874,978.5517761483788,6307.844293506226
1788081882,50,,Aggregated,14.300000,0.000000,78,97,150,160,180,230,330,420,800,940,980,19446,1,78,106.70530839277832,11.179457884281874,978.5517761483788,6308.212228735987
1788081883,50,,Aggregated,14.700000,0.000000,78,97,150,160,180,230,330,420,800,940,980,19458,1,78,106.68671793051283,11.179457884281874,978.5517761483788,6306.9943981909755
1788081884,50,,Aggregated,14.500000,0.000000,78,97,150,160,180,230,330,420,800,940,980,19472,1,78,106.67143137963639,11.179457884281874,978.5517761483788,6306.017460969598
1788081885,50,,Aggregated,14.100000,0.000000,78,97,150,160,180,230,330,420,800,940,980,19487,1,78,106.67151049965302,11.179457884281874,978.5517761483788,6307.214604608201
1788081886,50,,Aggregated,14.200000,0.000000,78,97,150,160,180,230,330,420,800,940,980,19500,1,78,106.64901759448007,11.179457884281874,978.5517761483788,6305.943948717949
1788081887,50,,Aggregated,14.100000,0.000000,78,97,150,160,180,230,330,410,800,940,980,19514,1,78,106.67043712834484,11.179457884281874,978.5517761483788,6308.782822588911
1788081888,50,,Aggregated,13.600000,0.000000,78,97,150,160,180,230,330,410,800,940,980,19521,1,78,106.65638598414114,11.179457884281874,978.5517761483788,6308.666666666667
1788081889,50,,Aggregated,13.700000,0.000000,78,97,150,160,180,230,330,410,800,940,980,19536,1,78,106.64400960878702,11.179457884281874,978.5517761483788,6308.208026208026
1788081890,50,,Aggregated,13.700000,0.000000,78,97,150,160,180,230,330,410,800,940,980,19551,1,78,106.65834694763763,11.179457884281874,978.5517761483788,6309.472814689786
1788081891,50,,Aggregated,12.500000,0.000000,78,97,150,160,180,230,330,410,800,940,980,19565,1,78,106.65437044771453,11.179457884281874,978.5517761483788,6309.730590339893
1788081892,50,,Aggregated,12.700000,0.000000,78,97,150,160,180,230,330,410,800,940,980,19580,1,78,106.63661445644175,11.179457884281874,978.5517761483788,6309.612461695608
1788081893,50,,Aggregated,12.900000,0.000000,78,97,150,160,180,230,330,410,800,940,980,19595,1,78,106.62766449331893,11.179457884281874,978.5517761483788,6309.093544271498
1788081894,50,,Aggregated,12.800000,0.000000,78,97,150,160,180,230,330,410,800,940,980,19606,1,78,106.62527774299059,11.179457884281874,978.5517761483788,6309.471947363052
1788081895,50,,Aggregated,13.400000,0.000000,78,97,150,160,180,230,330,410,800,940,980,19622,1,78,106.62337161745637,11.179457884281874,978.5517761483788,6309.758791152788
1788081896,50,,Aggregated,13.300000,0.000000,78,97,150,160,180,230,330,410,800,940,980,19639,1,78,106.61669962909427,11.179457884281874,978.5517761483788,6308.703447222364
1788081897,50,,Aggregated,13.400000,0.000000,78,97,150,160,180,230,330,410,800,940,980,19651,1,78,106.58916240716037,11.179457884281874,978.5517761483788,6306.463589639204
1788081898,50,,Aggregated,13.500000,0.000000,78,97,150,160,180,230,330,410,800,940,980,19664,1,78,106.59867079458073,11.179457884281874,978.5517761483788,6307.226251017087
1788081899,50,,Aggregated,13.800000,0.000000,78,97,150,160,180,230,330,410,800,940,980,19676,1,78,106.58531708672281,11.179457884281874,978.5517761483788,6306.2170156535885
1788081901,50,,Aggregated,13.800000,0.000000,78,97,150,160,180,230,330,410,800,940,980,19687,1,78,106.57647611873404,11.179457884281874,978.5517761483788,6306.341342002336
1788081902,50,,Aggregated,14.200000,0.000000,78,97,150,160,180,230,330,410,800,940,980,19705,1,78,106.56538946052838,11.179457884281874,978.5517761483788,6306.472925653387
1788081903,50,,Aggregated,13.900000,0.000000,78,97,150,160,180,230,330,410,800,940,980,19712,1,78,106.55648034882286,11.179457884281874,978.5517761483788,6306.066558441558
1788081904,50,,Aggregated,13.500000,0.000000,78,97,150,160,180,230,330,410,800,940,980,19733,1,78,106.59543186070917,11.179457884281874,978.5517761483788,6307.993361374348
1788081905,50,,Aggregated,13.000000,0.000000,78,97,150,160,180,230,330,410,800,940,980,19754,1,78,106.57828646525354,11.179457884281874,978.5517761483788,6306.462488609902
1788081906,50,,Aggregated,13.000000,0.000000,78,97,150,160,180,230,330,410,800,940,980,19764,1,78,106.56816536669554,11.179457884281874,978.5517761483788,6305.541691965189
1788081907,50,,Aggregated,14.000000,0.000000,78,97,150,160,180,230,330,410,800,940,980,19778,1,78,106.56079832984176,11.179457884281874,978.5517761483788,6305.027606431388
1788081908,50,,Aggregated,14.100000,0.000000,78,97,150,160,180,230,330,410,800,940,980,19797,1,78,106.53234888474088,11.179457884281874,978.5517761483788,6304.6919230186395
1788081909,50,,Aggregated,13.800000,0.000000,78,97,150,160,180,230,330,410,800,940,980,19804,1,78,106.5438545967244,11.179457884281874,978.5517761483788,6306.348414461725
1788081910,50,,Aggregated,14.200000,0.000000,78,97,150,160,180,230,330,410,800,940,980,19817,1,78,106.53621608864138,11.179457884281874,978.5517761483788,6306.662158752586
1788081911,50,,Aggregated,13.900000,0.000000,78,97,150,160,180,230,330,410,800,940,980,19837,1,78,106.51735520967469,11.179457884281874,978.5517761483788,6304.079346675405
1788081912,50,,Aggregated,13.900000,0.000000,78,97,150,160,180,230,330,410,800,940,980,19851,1,78,106.52814006510677,11.179457884281874,978.5517761483788,6302.238829278122
1788081913,50,,Aggregated,13.900000,0.000000,78,97,150,160,180,230,330,410,800,940,980,19869,1,78,106.51900204104744,11.179457884281874,978.5517761483788,6301.762947304846
1788081914,50,,Aggregated,14.300000,0.000000,78,97,150,160,180,230,330,410,800,940,980,19884,1,78,106.49052573162757,11.179457884281874,978.5517761483788,6299.598521424261
1788081915,50,,Aggregated,15.700000,0.000000,78,97,150,160,180,230,330,410,800,940,980,19898,1,78,106.48305188756677,11.179457884281874,978.5517761483788,6299.549703487788
1788081916,50,,Aggregated,14.700000,0.000000,78,97,150,160,180,230,330,410,800,940,980,19912,1,78,106.48341367483825,11.179457884281874,978.5517761483788,6300.60536359984
1788081917,50,,Aggregated,14.900000,0.000000,78,97,140,160,180,230,330,410,800,940,980,19927,1,78,106.46335313344534,11.179457884281874,978.5517761483788,6301.4973653836505
1788081918,50,,Aggregated,14.500000,0.000000,78,97,140,160,180,230,330,410,800,940,980,19939,1,78,106.45585353131722,11.179457884281874,978.5517761483788,6301.31832087868
1788081919,50,,Aggregated,14.500000,0.000000,78,97,140,160,180,230,330,410,800,940,980,19957,1,78,106.43579325420406,11.179457884281874,978.5517761483788,6299.465951796362
1788081920,50,,Aggregated,14.300000,0.000000,78,97,140,160,180,230,330,410,800,940,980,19969,1,78,106.41864929251922,11.179457884281874,978.5517761483788,6299.467925284191
1788081921,50,,Aggregated,15.400000,0.000000,78,97,140,160,180,230,330,410,800,940,980,19980,1,78,106.41052223258635,11.179457884281874,978.5517761483788,6299.464464464464
1788081922,50,,Aggregated,14.900000,0.000000,78,97,140,160,180,230,330,410,800,940,980,19998,1,78,106.39383254756191,11.179457884281874,978.5517761483788,6299.443494349435
1788081923,50,,Aggregated,14.300000,0.000000,78,97,140,160,180,230,330,410,800,940,980,20008,1,78,106.3824372983477,11.179457884281874,978.5517761483788,6299.354458216713
1788081924,50,,Aggregated,14.500000,0.000000,78,97,140,160,180,230,330,410,800,940,980,20026,1,78,106.36837991940392,11.179457884281874,978.5517761483788,6298.150903825028
1788081925,50,,Aggregated,13.600000,0.000000,78,97,140,160,180,230,330,410,800,940,980,20034,1,78,106.36145482864816,11.179457884281874,978.5517761483788,6297.7556653688725
1788081926,50,,Aggregated,14.000000,0.000000,78,97,140,160,180,230,330,410,800,940,980,20049,1,78,106.3852456306774,11.179457884281874,978.5517761483788,6300.086637737543
1788081927,50,,Aggregated,13.500000,0.000000,78,97,140,160,180,230,330,410,800,940,980,20064,1,78,106.35632218183478,11.179457884281874,978.5517761483788,6298.282496012759
1788081928,50,,Aggregated,13.800000,0.000000,78,97,140,160,180,230,330,410,800,940,980,20078,1,78,106.33454657697953,11.179457884281874,978.5517761483788,6297.6708337483815
1788081929,50,,Aggregated,13.600000,0.000000,78,97,140,160,180,230,330,410,800,940,980,20094,1,78,106.31298010263099,11.179457884281874,978.5517761483788,6296.797103613018
1788081930,50,,Aggregated,13.200000,0.000000,78,97,140,160,180,230,330,410,800,940,980,20109,1,78,106.29825970946055,11.179457884281874,978.5517761483788,6295.300014918693
1788081931,50,,Aggregated,13.300000,0.000000,78,97,140,160,180,230,330,410,800,940,980,20123,1,78,106.28624441027542,11.179457884281874,978.5517761483788,6295.394374596233
1788081932,50,,Aggregated,13.700000,0.000000,78,97,140,160,180,230,330,410,800,940,980,20136,1,78,106.27657891276169,11.179457884281874,978.5517761483788,6294.996126340882
1788081933,50,,Aggregated,14.000000,0.000000,78,97,140,160,180,230,330,410,800,940,980,20153,1,78,106.27208848857535,11.179457884281874,978.5517761483788,6296.28477149804
1788081934,50,,Aggregated,13.600000,0.000000,78,97,140,160,180,230,330,410,800,940,980,20162,1,78,106.27368986073311,11.179457884281874,978.5517761483788,6296.905316932844
1788081935,50,,Aggregated,14.300000,0.000000,78,97,140,160,180,230,330,410,800,940,980,20181,1,78,106.25622712368892,11.179457884281874,978.5517761483788,6296.280313165849
1788081936,50,,Aggregated,13.800000,0.000000,78,97,140,160,180,230,330,410,800,940,980,20196,1,78,106.24192698494976,11.179457884281874,978.5517761483788,6295.405129728659
1788081937,50,,Aggregated,14.300000,0.000000,78,97,140,160,180,230,330,410,800,940,980,20211,1,78,106.22014634568187,11.179457884281874,978.5517761483788,6293.562218593835
1788081938,50,,Aggregated,14.100000,0.000000,78,97,140,160,180,230,330,410,800,940,980,20220,1,78,106.23106216819741,11.179457884281874,978.5517761483788,6294.91587537092
1788081939,50,,Aggregated,14.200000,0.000000,78,97,140,160,180,230,330,410,800,940,980,20236,1,78,106.2099469006438,11.179457884281874,978.5517761483788,6294.879620478356
1788081940,50,,Aggregated,14.600000,0.000000,78,97,140,160,180,230,330,410,800,940,980,20249,1,78,106.21016191883109,11.179457884281874,978.5517761483788,6296.791742802114
1788081941,50,,Aggregated,14.000000,0.000000,78,97,140,160,180,230,330,410,800,940,980,20267,1,78,106.23548505926583,11.179457884281874,978.5517761483788,6298.258745744313
1788081942,50,,Aggregated,14.200000,0.000000,78,97,140,160,180,230,330,410,800,940,980,20276,1,78,106.22051262892845,11.179457884281874,978.5517761483788,6298.758828171237
1788081943,50,,Aggregated,14.300000,0.000000,78,97,140,160,180,230,330,410,800,940,980,20290,1,78,106.24220271746523,11.179457884281874,978.5517761483788,6299.523065549532
1788081944,50,,Aggregated,14.300000,0.000000,78,97,140,160,180,230,330,410,800,940,980,20303,1,78,106.2337069398609,11.179457884281874,978.5517761483788,6299.283751169778
1788081945,50,,Aggregated,13.500000,0.000000,78,97,140,160,180,230,330,410,800,940,980,20313,1,78,106.24451800017293,11.179457884281874,978.5517761483788,6299.971003790676
1788081946,50,,Aggregated,14.100000,0.000000,78,97,140,160,180,230,330,410,800,940,980,20324,1,78,106.22734374926118,11.179457884281874,978.5517761483788,6299.149183231647
1788081947,50,,Aggregated,13.400000,0.000000,78,97,140,160,180,230,330,410,800,940,980,20340,1,78,106.22815258452768,11.179457884281874,978.5517761483788,6300.699705014749
1788081948,50,,Aggregated,12.900000,0.000000,78,97,140,160,180,230,330,410,800,940,980,20357,1,78,106.21011990414883,11.179457884281874,978.5517761483788,6300.068723289286
1788081949,50,,Aggregated,13.200000,0.000000,78,97,140,160,180,230,330,410,800,940,980,20374,1,78,106.21056260900922,11.179457884281874,978.5517761483788,6300.501521547069
1788081950,50,,Aggregated,13.300000,0.000000,78,97,140,160,180,230,330,410,800,940,980,20393,1,78,106.17225763939382,11.179457884281874,978.5517761483788,6297.890746824891
1788081951,50,,Aggregated,13.400000,0.000000,78,97,140,160,180,230,330,410,800,940,980,20404,1,78,106.16395540914388,11.179457884281874,978.5517761483788,6297.61375220545
1788081952,50,,Aggregated,14.000000,0.000000,78,97,140,160,180,230,330,410,800,940,980,20415,1,78,106.19243346039501,11.179457884281874,978.5517761483788,6297.728924810189
1788081953,50,,Aggregated,14.100000,0.000000,78,97,140,160,180,230,330,410,800,940,980,20424,1,78,106.19996859979268,11.179457884281874,978.5517761483788,6298.2675773599685
1788081954,50,,Aggregated,13.700000,0.000000,78,97,140,160,180,230,330,410,800,940,980,20438,1,78,106.19459468176896,11.179457884281874,978.5517761483788,6299.040170271063
1788081955,50,,Aggregated,13.500000,0.000000,78,97,140,160,180,230,330,410,800,940,980,20453,1,78,106.20035392428312,11.179457884281874,978.5517761483788,6299.895369872391
1788081956,50,,Aggregated,13.100000,0.000000,78,97,140,160,180,230,330,410,800,940,980,20470,1,78,106.21084028376794,11.179457884281874,978.5517761483788,6299.753444064485
1788081957,50,,Aggregated,13.200000,0.000000,78,97,140,160,180,230,330,410,800,940,980,20485,1,78,106.18558936717827,11.179457884281874,978.5517761483788,6299.461801318038
1788081958,50,,Aggregated,14.500000,0.000000,78,97,140,160,180,230,330,410,800,940,980,20499,1,78,106.1806347236197,11.179457884281874,978.5517761483788,6300.795843699692
1788081959,50,,Aggregated,14.000000,0.000000,78,97,140,160,180,230,330,410,800,940,980,20509,1,78,106.19623189768605,11.179457884281874,978.5517761483788,6300.33663269784
1788081960,50,,Aggregated,14.100000,0.000000,78,97,140,160,180,230,330,410,800,940,980,20522,1,78,106.17929949184094,11.179457884281874,978.5517761483788,6299.483481142189
1788081961,50,,Aggregated,13.600000,0.000000,78,97,140,160,180,230,330,410,800,940,980,20538,1,78,106.23691226065061,11.179457884281874,978.5517761483788,6302.334404518454
1788081962,50,,Aggregated,13.100000,0.000000,78,97,140,160,180,230,330,410,800,940,980,20547,1,78,106.22481217390244,11.179457884281874,978.5517761483788,6302.208448921983
1788081963,50,,Aggregated,12.600000,0.000000,78,97,140,160,180,230,330,410,800,940,980,20570,1,78,106.27927504136694,11.179457884281874,978.5517761483788,6302.379144385027
1788081964,50,,Aggregated,13.300000,0.000000,78,97,140,160,180,230,330,410,800,940,980,20583,1,78,106.26488336277016,11.179457884281874,978.5517761483788,6301.360880338143
1788081965,50,,Aggregated,13.700000,0.000000,78,97,140,160,180,230,330,410,800,940,980,20593,1,78,106.24494248298481,11.179457884281874,978.5517761483788,6299.859903850823
1788081966,50,,Aggregated,14.700000,0.000000,78,97,140,160,180,230,330,410,800,940,980,20608,1,78,106.23446582630665,11.179457884281874,978.5517761483788,6299.58685947205
1788081967,50,,Aggregated,14.700000,0.000000,78,97,140,160,180,230,330,410,800,940,980,20629,1,78,106.21058866016864,11.179457884281874,978.5517761483788,6297.837364874691
1788081968,50,,Aggregated,13.200000,0.000000,78,97,140,160,180,230,330,410,800,940,980,20639,1,78,106.20677067417053,11.179457884281874,978.5517761483788,6297.855661611512
1788081969,50,,Aggregated,13.700000,0.000000,78,97,140,160,180,230,330,410,800,940,980,20658,1,78,106.18881301503605,11.179457884281874,978.5517761483788,6296.949995159261
1788081970,50,,Aggregated,14.500000,0.000000,78,97,140,160,180,230,330,410,800,940,980,20675,1,78,106.16544591228026,11.179457884281874,978.5517761483788,6296.43738814994
1788081971,50,,Aggregated,14.400000,0.000000,78,97,140,160,180,230,330,410,800,940,980,20685,1,78,106.1542213259475,11.179457884281874,978.5517761483788,6296.055209088711
1788081972,50,,Aggregated,14.700000,0.000000,78,97,140,160,180,230,330,410,800,940,980,20703,1,78,106.13535720276401,11.179457884281874,978.5517761483788,6296.545862918418
1788081973,50,,Aggregated,15.000000,0.000000,78,97,140,160,180,230,330,410,800,940,980,20719,1,78,106.125538191746,11.179457884281874,978.5517761483788,6296.527728172209
1788081974,50,,Aggregated,14.800000,0.000000,78,97,140,160,180,230,330,410,800,940,980,20740,1,78,106.11074538719585,11.179457884281874,978.5517761483788,6297.374927675988
1788081975,50,,Aggregated,15.200000,0.000000,78,97,140,160,180,230,330,410,800,940,980,20746,1,78,106.10315677601508,11.179457884281874,978.5517761483788,6297.128458498024
1788081976,50,,Aggregated,14.300000,0.000000,78,97,140,160,180,230,330,410,800,940,980,20759,1,78,106.11782635146595,11.179457884281874,978.5517761483788,6297.576617370779
1788081977,50,,Aggregated,15.400000,0.000000,78,97,140,160,180,230,330,410,800,940,980,20772,1,78,106.16068425569254,11.179457884281874,978.5517761483788,6300.360148276526
1788081978,50,,Aggregated,15.600000,0.000000,78,97,140,160,180,230,330,410,800,940,980,20794,1,78,106.1357131578295,11.179457884281874,978.5517761483788,6300.053813600077
1788081979,50,,Aggregated,15.100000,0.000000,78,97,140,160,180,230,330,410,800,940,980,20804,1,78,106.13882043079508,11.179457884281874,978.5517761483788,6300.220294174197
1788081980,50,,Aggregated,14.300000,0.000000,78,97,140,160,180,230,330,410,800,940,980,20816,1,78,106.12984156703324,11.179457884281874,978.5517761483788,6300.15142198309
1788081981,50,,Aggregated,15.000000,0.000000,78,97,140,160,180,230,330,410,800,940,980,20837,1,78,106.11391426846471,11.179457884281874,978.5517761483788,6298.659499928012
1788081982,50,,Aggregated,14.700000,0.000000,78,97,140,160,180,230,330,410,800,940,980,20850,1,78,106.14837381930695,11.179457884281874,978.5517761483788,6300.519568345324
1788081983,50,,Aggregated,14.100000,0.000000,78,97,140,160,180,230,330,410,800,940,980,20866,1,78,106.15026360974375,11.179457884281874,978.5517761483788,6303.027556790952
1788081984,50,,Aggregated,14.900000,0.000000,78,97,140,160,180,230,330,410,800,940,980,20878,1,78,106.15944035470112,11.179457884281874,978.5517761483788,6304.456030271099
1788081985,50,,Aggregated,14.300000,0.000000,78,97,140,160,180,230,330,410,800,940,980,20890,1,78,106.1633390280859,11.179457884281874,978.5517761483788,6304.969937769268
1788081986,50,,Aggregated,14.600000,0.000000,78,97,140,160,180,230,330,410,800,940,980,20906,1,78,106.15914902620374,11.179457884281874,978.5517761483788,6305.4375777288815
1788081987,50,,Aggregated,13.600000,0.000000,78,97,140,160,180,230,330,410,800,940,980,20917,1,78,106.14592539351668,11.179457884281874,978.5517761483788,6304.477362910551
1788081988,50,,Aggregated,14.100000,0.000000,78,97,140,160,180,230,330,410,800,940,980,20933,1,78,106.12044839180403,11.179457884281874,978.5517761483788,6303.09922132518
1788081990,50,,Aggregated,14.400000,0.000000,78,97,140,160,180,230,330,410,800,940,980,20944,1,78,106.1090086659811,11.179457884281874,978.5517761483788,6303.201871657754
1788081991,50,,Aggregated,13.900000,0.000000,78,97,140,160,180,230,330,410,800,940,980,20958,1,78,106.09449282123377,11.179457884281874,978.5517761483788,6303.346645672297
1788081992,50,,Aggregated,13.900000,0.000000,78,97,140,160,180,230,330,410,800,940,980,20974,1,78,106.06900572815337,11.179457884281874,978.5517761483788,6301.671021264423
1788081993,50,,Aggregated,13.600000,0.000000,78,97,140,160,180,230,330,410,800,940,980,20989,1,78,106.0565585911632,11.179457884281874,978.5517761483788,6302.499737957978
1788081994,50,,Aggregated,14.100000,0.000000,78,97,140,160,180,230,330,410,800,940,980,20998,1,78,106.04954711675161,11.179457884281874,978.5517761483788,6302.105533860367
1788081995,50,,Aggregated,13.900000,0.000000,78,97,140,160,180,230,330,410,800,940,980,21018,1,78,106.0630951118243,11.179457884281874,978.5517761483788,6302.427633457037
1788081996,50,,Aggregated,13.200000,0.000000,78,97,140,160,180,230,330,410,800,940,980,21034,1,78,106.05025122987675,11.179457884281874,978.5517761483788,6301.006941142911
1788081997,50,,Aggregated,13.900000,0.000000,78,97,140,160,180,230,330,410,800,940,980,21049,1,78,106.04089334416824,11.179457884281874,978.5517761483788,6303.240343959333
1788081998,50,,Aggregated,13.900000,0.000000,78,97,140,160,180,230,330,410,800,940,980,21059,1,78,106.03806507516356,11.179457884281874,978.5517761483788,6305.094971271191
1788081999,50,,Aggregated,14.000000,0.000000,78,97,140,160,180,230,330,410,800,940,980,21079,1,78,106.00405686678623,11.179457884281874,978.5517761483788,6304.735281559846
1788082000,50,,Aggregated,14.200000,0.000000,78,97,140,160,180,230,330,410,800,940,980,21092,1,78,106.01128056171078,11.179457884281874,978.5517761483788,6304.807889247108
1788082001,50,,Aggregated,14.200000,0.000000,78,97,140,160,180,230,330,410,800,940,980,21103,1,78,106.00182388736206,11.179457884281874,978.5517761483788,6305.309861157181
1788082002,50,,Aggregated,14.400000,0.000000,78,97,140,160,180,230,330,410,800,940,980,21123,1,78,105.97685789525846,11.179457884281874,978.5517761483788,6303.761728921081
1788082003,50,,Aggregated,14.500000,0.000000,78,97,140,160,180,230,330,410,800,940,980,21139,1,78,105.95723331312982,11.179457884281874,978.5517761483788,6302.252187899144
1788082004,50,,Aggregated,14.600000,0.000000,78,97,140,160,180,230,330,410,800,940,980,21149,1,78,105.94236170221089,11.179457884281874,978.5517761483788,6301.242611943827
1788082005,50,,Aggregated,14.600000,0.000000,78,97,140,160,180,230,330,410,800,940,980,21160,1,78,105.9344219901231,11.179457884281874,978.5517761483788,6301.123913043478
1788082006,50,,Aggregated,14.800000,0.000000,78,97,140,160,180,230,330,410,800,940,980,21175,1,78,105.9097975530632,11.179457884281874,978.5517761483788,6299.664179456907
1788082007,50,,Aggregated,14.100000,0.000000,78,97,140,160,180,230,330,410,800,940,980,21191,1,78,105.92765356471374,11.179457884281874,978.5517761483788,6301.049454957293
1788082008,50,,Aggregated,14.100000,0.000000,78,97,140,160,180,230,330,410,800,940,980,21207,1,78,105.91346400675911,11.179457884281874,978.5517761483788,6298.645635874947
1788082009,50,,Aggregated,14.000000,0.000000,78,97,140,160,180,230,330,410,800,940,980,21223,1,78,105.90903831871667,11.179457884281874,978.5517761483788,6298.60147010319
1788082010,50,,Aggregated,14.400000,0.000000,78,97,140,160,180,230,330,410,800,940,980,21236,1,78,105.90762461457437,11.179457884281874,978.5517761483788,6298.813948012808
1788082011,50,,Aggregated,14.100000,0.000000,78,97,140,160,180,230,330,410,800,940,980,21247,1,78,105.8998750988131,11.179457884281874,978.5517761483788,6298.543700287099
1788082012,50,,Aggregated,14.300000,0.000000,78,97,140,160,180,230,330,410,800,940,980,21267,1,78,105.87882646698891,11.179457884281874,978.5517761483788,6297.679644519679
1788082013,50,,Aggregated,14.200000,0.000000,78,97,140,160,180,230,330,410,800,940,980,21277,1,78,105.88406627299953,11.179457884281874,978.5517761483788,6297.4484184800485
1788082014,50,,Aggregated,14.400000,0.000000,78,97,140,160,180,230,330,410,800,940,980,21289,1,78,105.86600973732536,11.179457884281874,978.5517761483788,6296.0
1788082015,50,,Aggregated,14.000000,0.000000,78,96,140,160,180,230,330,410,800,940,980,21303,1,78,105.85068854634837,11.179457884281874,978.5517761483788,6294.812984086749
1788082016,50,,Aggregated,13.900000,0.000000,78,96,140,160,180,230,330,410,800,940,980,21321,1,78,105.82721793445685,11.179457884281874,978.5517761483788,6293.356033957131
1788082017,50,,Aggregated,13.900000,0.000000,78,96,140,160,180,230,330,410,800,940,980,21337,1,78,105.81680814794167,11.179457884281874,978.5517761483788,6293.407554951493
1788082018,50,,Aggregated,14.100000,0.000000,78,96,140,160,180,230,330,410,800,940,980,21351,1,78,105.81163663759646,11.179457884281874,978.5517761483788,6293.280455247997
1788082019,50,,Aggregated,14.700000,0.000000,78,96,140,160,180,220,330,410,800,940,980,21366,1,78,105.7955384817778,11.179457884281874,978.5517761483788,6293.026865112796
1788082020,50,,Aggregated,14.500000,0.000000,78,96,140,160,180,220,330,410,800,940,980,21380,1,78,105.78095615537396,11.179457884281874,978.5517761483788,6293.041814780168
1788082021,50,,Aggregated,14.200000,0.000000,78,96,140,160,180,220,330,410,800,940,980,21394,1,78,105.75695502637016,11.179457884281874,978.5517761483788,6290.518837057119
1788082022,50,,Aggregated,14.500000,0.000000,78,96,140,160,180,230,330,410,800,940,980,21412,1,78,105.79465426290484,11.179457884281874,978.5517761483788,6292.1876050812625
1788082023,50,,Aggregated,14.700000,0.000000,78,96,140,160,180,220,330,410,800,940,980,21427,1,78,105.78969879880943,11.179457884281874,978.5517761483788,6292.75526205255
1788082024,50,,Aggregated,14.400000,0.000000,78,96,140,160,180,230,330,410,800,940,980,21441,1,78,105.81138417254016,11.179457884281874,978.5517761483788,6293.024392519005
1788082025,50,,Aggregated,14.600000,0.000000,78,96,140,160,180,230,330,410,800,940,980,21457,1,78,105.80556411675698,11.179457884281874,978.5517761483788,6292.333504217738
1788082026,50,,Aggregated,15.300000,0.000000,78,97,140,160,180,230,330,410,800,940,980,21467,1,78,105.82344478989549,11.179457884281874,978.5517761483788,6292.857874877719
1788082027,50,,Aggregated,15.300000,0.000000,78,96,140,160,180,230,330,410,800,940,980,21475,1,78,105.81700824347473,11.179457884281874,978.5517761483788,6292.698020954598
1788082028,50,,Aggregated,14.600000,0.000000,78,96,140,160,180,230,330,410,800,940,980,21493,1,78,105.81697979465535,11.179457884281874,978.5517761483788,6291.5513888242685
1788082029,50,,Aggregated,13.900000,0.000000,78,96,140,160,180,230,330,410,800,940,980,21510,1,78,105.80988451489951,11.179457884281874,978.5517761483788,6292.018084611808
1788082030,50,,Aggregated,13.700000,0.000000,78,96,140,160,180,230,330,410,800,940,980,21522,1,78,105.80075678742135,11.179457884281874,978.5517761483788,6290.417758572623
1788082031,50,,Aggregated,14.200000,0.000000,78,96,140,160,180,230,330,410,800,940,980,21540,1,78,105.77812738585378,11.179457884281874,978.5517761483788,6288.7172237697305
1788082032,50,,Aggregated,14.100000,0.000000,78,96,140,160,180,230,330,410,800,940,980,21550,1,78,105.76844495994507,11.179457884281874,978.5517761483788,6289.307610208817
1788082033,50,,Aggregated,13.900000,0.000000,78,96,140,160,180,230,330,410,800,940,980,21563,1,78,105.7546489554543,11.179457884281874,978.5517761483788,6289.281593470297
1788082034,50,,Aggregated,13.700000,0.000000,78,96,140,160,180,230,330,410,800,940,980,21577,1,78,105.77070431947986,11.179457884281874,978.5517761483788,6289.399082356213
1788082035,50,,Aggregated,13.500000,0.000000,78,96,140,160,180,230,330,410,800,940,980,21589,1,78,105.75046401163839,11.179457884281874,978.5517761483788,6289.406595951642
1788082036,50,,Aggregated,13.100000,0.000000,78,96,140,160,180,230,330,410,800,940,980,21602,1,78,105.72913878197836,11.179457884281874,978.5517761483788,6287.736459587075
1788082037,50,,Aggregated,13.200000,0.000000,78,96,140,160,180,230,330,410,800,940,980,21618,1,78,105.71381082508094,11.179457884281874,978.5517761483788,6286.4465260431125
1788082038,50,,Aggregated,13.800000,0.000000,78,96,140,160,180,230,330,410,800,940,980,21632,1,78,105.70238189629137,11.179457884281874,978.5517761483788,6286.059356508876
1788082039,50,,Aggregated,13.800000,0.000000,77,96,140,160,180,220,330,410,800,940,980,21645,1,77,105.68888190643013,11.179457884281874,978.5517761483788,6286.181288981289
1788082040,50,,Aggregated,13.900000,0.000000,77,96,140,160,180,220,330,410,800,940,980,21658,1,77,105.67746815489778,11.179457884281874,978.5517761483788,6286.50872656755
1788082041,50,,Aggregated,13.700000,0.000000,77,96,140,160,180,220,330,410,800,940,980,21669,1,77,105.67609193303998,11.179457884281874,978.5517761483788,6287.15709077484
1788082042,50,,Aggregated,13.500000,0.000000,78,96,140,160,180,220,330,410,800,940,980,21683,1,78,105.68543691193895,11.179457884281874,978.5517761483788,6288.333902135313
1788082043,50,,Aggregated,13.100000,0.000000,77,96,140,160,180,220,330,410,800,940,980,21698,1,77,105.66140073981657,11.179457884281874,978.5517761483788,6287.132362429717
1788082044,50,,Aggregated,12.900000,0.000000,77,96,140,160,180,220,330,410,800,940,980,21712,1,77,105.64570868708326,11.179457884281874,978.5517761483788,6286.233465364775
1788082045,50,,Aggregated,13.300000,0.000000,77,96,140,160,180,220,330,410,800,940,980,21730,1,77,105.64944698162218,11.179457884281874,978.5517761483788,6286.138564196963
1788082046,50,,Aggregated,13.200000,0.000000,77,96,140,160,180,220,330,410,800,940,980,21748,1,77,105.64997458403698,11.179457884281874,978.5517761483788,6286.312350560971
1788082047,50,,Aggregated,13.500000,0.000000,77,96,140,160,180,220,330,410,800,940,980,21767,1,77,105.63263217611372,11.179457884281874,978.5517761483788,6286.196536040796
1788082048,50,,Aggregated,13.600000,0.000000,77,96,140,160,180,220,330,410,800,940,980,21780,1,77,105.62465941593098,11.179457884281874,978.5517761483788,6286.828374655647
1788082049,50,,Aggregated,14.200000,0.000000,77,96,140,160,180,220,330,410,800,940,980,21792,1,77,105.607140374097,11.179457884281874,978.5517761483788,6287.671989720999
1788082050,50,,Aggregated,14.600000,0.000000,77,96,140,160,180,220,330,410,800,940,980,21808,1,77,105.62844176567066,11.179457884281874,978.5517761483788,6289.191672780631
1788082051,50,,Aggregated,14.300000,0.000000,77,96,140,160,180,220,330,410,800,940,980,21817,1,77,105.62051125265427,11.179457884281874,978.5517761483788,6288.953476646651
1788082052,50,,Aggregated,14.300000,0.000000,77,96,140,160,180,220,330,410,800,940,980,21837,1,77,105.62910167737718,11.179457884281874,978.5517761483788,6290.779227915922
1788082053,50,,Aggregated,14.900000,0.000000,77,96,140,160,180,220,330,410,800,940,980,21848,1,77,105.62031681430965,11.179457884281874,978.5517761483788,6290.669214573416
1788082054,50,,Aggregated,14.900000,0.000000,77,96,140,160,180,220,330,410,800,940,980,21863,1,77,105.6315464352325,11.179457884281874,978.5517761483788,6291.108219366052
1788082055,50,,Aggregated,15.100000,0.000000,78,96,140,160,180,220,330,410,800,940,980,21876,1,77,105.63145524607481,11.179457884281874,978.5517761483788,6291.565048454928
1788082056,50,,Aggregated,15.100000,0.000000,77,96,140,160,180,220,330,410,800,940,980,21892,1,77,105.60818653963061,11.179457884281874,978.5517761483788,6289.787959071807
1788082057,50,,Aggregated,15.100000,0.000000,77,96,140,160,180,220,330,410,800,940,980,21904,1,77,105.59959316703276,11.179457884281874,978.5517761483788,6289.366234477721
1788082058,50,,Aggregated,14.600000,0.000000,77,96,140,160,180,220,330,410,800,940,980,21917,1,77,105.58624786936531,11.179457884281874,978.5517761483788,6290.173563900169
1788082059,50,,Aggregated,14.300000,0.000000,77,96,140,160,180,220,330,410,800,940,980,21933,1,77,105.5631523829321,11.179457884281874,978.5517761483788,6289.152555509962
1788082060,50,,Aggregated,14.000000,0.000000,77,96,140,160,180,220,330,410,800,940,980,21952,1,77,105.58001318063481,11.179457884281874,978.5517761483788,6290.583090379008
1788082061,50,,Aggregated,14.100000,0.000000,77,96,140,160,180,220,330,410,800,940,980,21964,1,77,105.58639094414782,11.179457884281874,978.5517761483788,6291.331679111273
1788082062,50,,Aggregated,14.300000,0.000000,78,96,140,160,180,220,330,410,800,940,980,21976,1,78,105.60649570091134,11.179457884281874,978.5517761483788,6293.132917728431
1788082063,50,,Aggregated,14.200000,0.000000,78,96,140,160,180,220,330,410,800,940,980,21995,1,78,105.63936671452771,11.179457884281874,978.5517761483788,6294.081563991816
1788082064,50,,Aggregated,14.100000,0.000000,78,96,140,160,180,220,330,410,800,940,980,22002,1,78,105.63552012472897,11.179457884281874,978.5517761483788,6294.369466412144
1788082065,50,,Aggregated,13.900000,0.000000,77,96,140,160,180,220,330,410,800,940,980,22021,1,77,105.60744326680278,11.179457884281874,978.5517761483788,6292.623768221243
1788082066,50,,Aggregated,14.400000,0.000000,77,96,140,160,180,220,330,410,800,940,980,22033,1,77,105.594096122982,11.179457884281874,978.5517761483788,6291.461489583806
1788082067,50,,Aggregated,13.700000,0.000000,77,96,140,160,180,220,330,410,800,940,980,22053,1,77,105.55441177346063,11.179457884281874,978.5517761483788,6289.0797170453
1788082068,50,,Aggregated,14.000000,0.000000,77,96,140,160,180,220,330,410,800,940,980,22068,1,77,105.54259455947144,11.179457884281874,978.5517761483788,6289.02419793366
1788082069,50,,Aggregated,13.900000,0.000000,77,96,140,160,180,220,330,410,800,940,980,22086,1,77,105.62617533099684,11.179457884281874,978.5517761483788,6289.445848048537
1788082070,50,,Aggregated,14.500000,0.000000,77,96,140,160,180,220,330,410,800,940,980,22099,1,77,105.63435077688224,11.179457884281874,978.5517761483788,6289.498076836056
1788082071,50,,Aggregated,14.800000,0.000000,77,96,140,160,180,220,330,410,800,940,980,22113,1,77,105.6372187906798,11.179457884281874,978.5517761483788,6290.582688916023
1788082072,50,,Aggregated,15.100000,0.000000,77,96,140,160,180,220,330,410,800,940,980,22130,1,77,105.60926602546495,11.179457884281874,978.5517761483788,6289.770040668775
1788082073,50,,Aggregated,14.700000,0.000000,77,96,140,160,180,220,330,410,800,940,980,22150,1,77,105.60028759154027,11.179457884281874,978.5517761483788,6288.826139954854
1788082074,50,,Aggregated,15.000000,0.000000,77,96,140,160,180,220,330,410,800,940,980,22162,1,77,105.59412799363982,11.179457884281874,978.5517761483788,6289.099494630448
1788082075,50,,Aggregated,15.300000,0.000000,77,96,140,160,180,220,330,410,800,940,980,22168,1,77,105.58431869902414,11.179457884281874,978.5517761483788,6287.96409238542
1788082076,50,,Aggregated,15.400000,0.000000,77,96,140,160,180,220,330,410,800,940,980,22184,1,77,105.57156575704228,11.179457884281874,978.5517761483788,6287.854579877389
1788082077,50,,Aggregated,15.700000,0.000000,77,96,140,160,180,220,330,410,800,940,980,22198,1,77,105.59593961304029,11.179457884281874,978.5517761483788,6290.479637805208
1788082078,50,,Aggregated,14.800000,0.000000,77,96,140,160,180,220,330,410,800,940,980,22216,1,77,105.58631619540859,11.179457884281874,978.5517761483788,6289.121624054736
1788082080,50,,Aggregated,14.900000,0.000000,77,96,140,160,180,220,330,410,800,940,980,22229,1,77,105.58947641790027,11.179457884281874,978.5517761483788,6290.621575419497
1788082081,50,,Aggregated,14.400000,0.000000,77,96,140,160,180,220,330,410,800,940,980,22249,1,77,105.5953807151236,11.179457884281874,978.5517761483788,6291.632612701695
1788082082,50,,Aggregated,14.500000,0.000000,77,96,140,160,180,220,330,410,800,940,980,22260,1,77,105.61987192284019,11.179457884281874,978.5517761483788,6291.8835579514825
1788082083,50,,Aggregated,14.900000,0.000000,77,96,140,160,180,230,330,410,800,940,980,22275,1,77,105.64811802797404,11.179457884281874,978.5517761483788,6292.751470258137
1788082084,50,,Aggregated,14.900000,0.000000,77,96,140,160,180,230,330,410,800,940,980,22290,1,77,105.65138285402618,11.179457884281874,978.5517761483788,6291.859398833558
1788082085,50,,Aggregated,14.100000,0.000000,77,96,140,160,180,230,330,410,800,940,980,22305,1,77,105.64526296855381,11.179457884281874,978.5517761483788,6291.0172607038785
1788082086,50,,Aggregated,14.100000,0.000000,77,96,140,160,180,230,330,410,800,940,980,22319,1,77,105.64385853692811,11.179457884281874,978.5517761483788,6290.154890452081
1788082087,50,,Aggregated,14.200000,0.000000,77,96,140,160,180,220,330,410,800,940,980,22340,1,77,105.63015427614246,11.179457884281874,978.5517761483788,6289.2630707251565
1788082088,50,,Aggregated,14.200000,0.000000,77,96,140,160,180,220,330,410,800,940,980,22351,1,77,105.62799521928156,11.179457884281874,978.5517761483788,6289.731824079459
1788082089,50,,Aggregated,15.000000,0.000000,77,96,140,160,180,220,330,410,800,940,980,22367,1,77,105.62965264319877,11.179457884281874,978.5517761483788,6289.5358787499445
1788082090,50,,Aggregated,15.400000,0.000000,77,96,140,160,180,220,330,410,800,940,980,22383,1,77,105.62563480600289,11.179457884281874,978.5517761483788,6289.427377920743
1788082091,50,,Aggregated,15.200000,0.000000,77,96,140,160,180,220,330,410,800,940,980,22397,1,77,105.61532260042,11.179457884281874,978.5517761483788,6288.815957494307
1788082092,50,,Aggregated,15.400000,0.000000,77,96,140,160,180,220,330,410,800,940,980,22417,1,77,105.62390718046487,11.179457884281874,978.5517761483788,6288.459428112593
1788082093,50,,Aggregated,14.800000,0.000000,77,96,140,160,180,220,330,410,800,940,980,22433,1,77,105.60965196151095,11.179457884281874,978.5517761483788,6287.479784246422
1788082094,50,,Aggregated,15.500000,0.000000,77,96,140,160,180,220,330,410,800,940,980,22450,1,77,105.61433949668525,11.179457884281874,978.5517761483788,6288.193986636971
1788082095,50,,Aggregated,15.700000,0.000000,77,96,140,160,180,220,330,410,800,940,980,22461,1,77,105.5969810694014,11.179457884281874,978.5517761483788,6286.7832687769915
1788082096,50,,Aggregated,15.800000,0.000000,77,96,140,160,180,230,330,410,800,940,980,22477,1,77,105.6263863857193,11.179457884281874,978.5517761483788,6285.576366952885
1788082097,50,,Aggregated,15.500000,0.000000,77,96,140,160,180,220,330,410,800,940,980,22489,1,77,105.60727067610985,11.179457884281874,978.5517761483788,6284.220463337631
1788082098,50,,Aggregated,15.600000,0.000000,77,96,140,160,180,220,330,410,800,940,980,22507,1,77,105.60338891828168,11.179457884281874,978.5517761483788,6283.403296752122
1788082099,50,,Aggregated,14.900000,0.000000,77,96,140,160,180,220,330,410,800,940,980,22519,1,77,105.58612210118952,11.179457884281874,978.5517761483788,6283.636040676762
1788082100,50,,Aggregated,15.000000,0.000000,77,96,140,160,180,220,330,410,800,940,980,22537,1,77,105.57539522334703,11.179457884281874,978.5517761483788,6283.51519723122
1788082101,50,,Aggregated,15.100000,0.000000,77,96,140,160,180,220,330,410,800,940,980,22553,1,77,105.55550320031139,11.179457884281874,978.5517761483788,6282.630027047399
1788082102,50,,Aggregated,14.900000,0.000000,77,96,140,160,180,220,330,410,800,940,980,22567,1,77,105.55649598147623,11.179457884281874,978.5517761483788,6281.2068063987235
1788082103,50,,Aggregated,15.300000,0.000000,77,96,140,160,180,220,330,410,800,940,980,22581,1,77,105.55764438062839,11.179457884281874,978.5517761483788,6281.083255834551
1788082104,50,,Aggregated,14.600000,0.000000,77,96,140,160,180,220,330,410,800,940,980,22604,1,77,105.53846284918522,11.179457884281874,978.5517761483788,6278.386082109361
1788082105,50,,Aggregated,15.000000,0.000000,77,96,140,160,180,220,330,410,800,940,980,22612,1,77,105.5289881752475,11.179457884281874,978.5517761483788,6277.924951353264
1788082106,50,,Aggregated,14.900000,0.000000,77,96,140,160,180,220,330,410,800,940,980,22623,1,77,105.51799594980874,11.179457884281874,978.5517761483788,6276.9506696724575
1788082107,50,,Aggregated,14.900000,0.000000,77,96,140,160,180,220,330,410,800,940,980,22636,1,77,105.5232344132215,11.179457884281874,978.5517761483788,6276.205204099664
1788082108,50,,Aggregated,14.400000,0.000000,77,96,140,160,180,220,330,410,800,940,980,22652,1,77,105.53260182349176,11.179457884281874,978.5517761483788,6277.887912767084
1788082109,50,,Aggregated,14.500000,0.000000,77,96,140,160,180,220,330,410,800,940,980,22665,1,77,105.5358114637132,11.179457884281874,978.5517761483788,6279.131612618575
1788082110,50,,Aggregated,14.600000,0.000000,77,96,140,160,180,220,330,410,800,940,980,22671,1,77,105.52770236788373,11.179457884281874,978.5517761483788,6278.312998985488
1788082111,50,,Aggregated,14.300000,0.000000,77,96,140,160,180,220,330,410,800,940,980,22682,1,77,105.52182605961826,11.179457884281874,978.5517761483788,6278.070320077594
1788082112,50,,Aggregated,13.700000,0.000000,77,96,140,160,180,220,330,410,800,940,980,22695,1,77,105.50834976484879,11.179457884281874,978.5517761483788,6277.844018506279
1788082113,50,,Aggregated,12.800000,0.000000,77,96,140,160,180,220,330,410,800,940,980,22711,1,77,105.5038654277258,11.179457884281874,978.5517761483788,6278.8582184844345
1788082114,50,,Aggregated,12.700000,0.000000,77,96,140,160,180,220,330,410,800,940,980,22720,1,77,105.52042417501224,11.179457884281874,978.5517761483788,6280.666241197183
1788082115,50,,Aggregated,12.600000,0.000000,77,96,140,160,180,230,330,410,800,940,980,22738,1,77,105.54619564240876,11.179457884281874,978.5517761483788,6281.69152959803
1788082116,50,,Aggregated,11.900000,0.000000,77,96,140,160,180,220,330,410,800,940,980,22751,1,77,105.53017241646678,11.179457884281874,978.5517761483788,6282.49734077623
1788082117,50,,Aggregated,12.300000,0.000000,77,96,140,160,180,220,330,410,800,940,980,22769,1,77,105.50876397589734,11.179457884281874,978.5517761483788,6282.084896130704
1788082118,50,,Aggregated,12.500000,0.000000,77,96,140,160,180,220,330,410,800,940,980,22779,1,77,105.49317595394872,11.179457884281874,978.5517761483788,6281.084814961148
1788082119,50,,Aggregated,12.900000,0.000000,77,96,140,160,180,220,330,410,800,940,980,22795,1,77,105.49842616052692,11.179457884281874,978.5517761483788,6282.970081158149
1788082120,50,,Aggregated,12.900000,0.000000,77,96,140,160,180,220,330,400,800,940,980,22809,1,77,105.48978202786502,11.179457884281874,978.5517761483788,6285.050813275461
1788082121,50,,Aggregated,12.900000,0.000000,77,96,140,160,180,220,330,400,800,940,980,22817,1,77,105.47971345121434,11.179457884281874,978.5517761483788,6284.652627426918
1788082122,50,,Aggregated,13.300000,0.000000,77,96,140,160,180,220,330,400,800,940,980,22832,1,77,105.48319837031585,11.179457884281874,978.5517761483788,6284.558076384023
1788082123,50,,Aggregated,13.500000,0.000000,77,96,140,160,180,220,330,410,800,940,980,22851,1,77,105.50253950054523,11.179457884281874,978.5517761483788,6285.337271891821
1788082124,50,,Aggregated,13.800000,0.000000,77,96,140,160,180,220,330,410,800,940,980,22863,1,77,105.49154376258512,11.179457884281874,978.5517761483788,6284.595328697022
1788082125,50,,Aggregated,13.700000,0.000000,77,96,140,160,180,220,330,410,800,940,980,22877,1,77,105.48080059907498,11.179457884281874,978.5517761483788,6284.011015430345
1788082126,50,,Aggregated,14.300000,0.000000,77,96,140,160,180,220,330,410,800,940,980,22893,1,77,105.46385437646863,11.179457884281874,978.5517761483788,6283.19237321452
1788082127,50,,Aggregated,14.000000,0.000000,77,96,140,160,180,220,330,410,800,940,980,22907,1,77,105.511315205198,11.179457884281874,978.5517761483788,6283.262321561095
1788082128,50,,Aggregated,14.100000,0.000000,77,96,140,160,180,220,330,410,800,940,980,22916,1,77,105.52549868567931,11.179457884281874,978.5517761483788,6285.155044510386
1788082129,50,,Aggregated,13.800000,0.000000,77,96,140,160,180,220,330,410,800,940,980,22933,1,77,105.5207521268073,11.179457884281874,978.5517761483788,6284.9388217852
1788082130,50,,Aggregated,13.400000,0.000000,77,96,140,160,180,220,330,410,800,940,980,22947,1,77,105.51227425648916,11.179457884281874,978.5517761483788,6284.356996557284
1788082131,50,,Aggregated,13.600000,0.000000,77,96,140,160,180,220,330,410,800,940,980,22959,1,77,105.49291564288794,11.179457884281874,978.5517761483788,6282.758569624112
1788082132,50,,Aggregated,13.500000,0.000000,77,96,140,160,180,220,330,410,800,940,980,22974,1,77,105.49293470770145,11.179457884281874,978.5517761483788,6283.00156698877
1788082133,50,,Aggregated,13.700000,0.000000,77,96,140,160,180,220,330,410,800,940,980,22989,1,77,105.48656410854665,11.179457884281874,978.5517761483788,6284.418634999348
1788082134,50,,Aggregated,13.700000,0.000000,77,96,140,160,180,220,330,410,770,940,980,23005,1,77,105.45874357630774,11.179457884281874,978.5517761483788,6284.23316670289
1788082135,50,,Aggregated,13.700000,0.000000,77,96,140,160,180,220,330,410,770,940,980,23018,1,77,105.44907866362114,11.179457884281874,978.5517761483788,6284.647276044834
1788082136,50,,Aggregated,13.600000,0.000000,77,96,140,160,180,220,330,410,770,940,980,23033,1,77,105.44053462035734,11.179457884281874,978.5517761483788,6284.819693483263
1788082137,50,,Aggregated,14.100000,0.000000,77,96,140,160,180,220,330,410,770,940,980,23045,1,77,105.43174721269484,11.179457884281874,978.5517761483788,6283.605424170102
1788082138,50,,Aggregated,13.500000,0.000000,77,96,140,160,180,220,330,410,770,940,980,23059,1,77,105.43142436753385,11.179457884281874,978.5517761483788,6283.991543432066
1788082139,50,,Aggregated,14.100000,0.000000,77,96,140,160,180,220,330,410,770,940,980,23074,1,77,105.42562742729632,11.179457884281874,978.5517761483788,6284.997139637688
1788082140,50,,Aggregated,14.000000,0.000000,77,96,140,160,180,220,330,410,770,940,980,23084,1,77,105.41055123861527,11.179457884281874,978.5517761483788,6283.298041933807
1788082141,50,,Aggregated,14.000000,0.000000,77,96,140,160,180,220,330,410,770,940,980,23097,1,77,105.39217998625321,11.179457884281874,978.5517761483788,6282.788673853747
1788082142,50,,Aggregated,14.000000,0.000000,77,96,140,160,180,220,330,410,770,940,980,23110,1,77,105.37043797550018,11.179457884281874,978.5517761483788,6282.499653829511
1788082143,50,,Aggregated,13.700000,0.000000,77,96,140,160,180,220,330,410,770,940,980,23120,1,77,105.37271467515849,11.179457884281874,978.5517761483788,6282.43732698962
1788082144,50,,Aggregated,14.000000,0.000000,77,96,140,160,180,220,330,410,770,940,980,23139,1,77,105.36242618426238,11.179457884281874,978.5517761483788,6282.660832360949
1788082145,50,,Aggregated,13.300000,0.000000,77,96,140,160,180,220,330,410,770,940,980,23152,1,77,105.35894254640746,11.179457884281874,978.5517761483788,6283.718426053904
1788082146,50,,Aggregated,13.200000,0.000000,77,96,140,160,180,220,330,410,770,940,980,23170,1,77,105.37377781741945,11.179457884281874,978.5517761483788,6284.340397065171
1788082147,50,,Aggregated,13.100000,0.000000,77,96,140,160,180,220,330,410,770,940,980,23182,1,77,105.35924106468683,11.179457884281874,978.5517761483788,6283.959666983004
1788082148,50,,Aggregated,13.700000,0.000000,77,96,140,160,180,220,330,410,770,940,980,23196,1,77,105.36337102347841,11.179457884281874,978.5517761483788,6285.022331436455
1788082149,50,,Aggregated,13.300000,0.000000,77,96,140,160,180,220,330,410,770,940,980,23213,1,77,105.36853865838407,11.179457884281874,978.5517761483788,6285.103433420928
1788082150,50,,Aggregated,13.300000,0.000000,77,96,140,160,180,220,330,410,770,940,980,23225,1,77,105.35824375303284,11.179457884281874,978.5517761483788,6284.51341227126
1788082151,50,,Aggregated,13.400000,0.000000,77,96,140,160,180,220,330,410,770,940,980,23235,1,77,105.35140448270519,11.179457884281874,978.5517761483788,6284.215752098128
1788082152,50,,Aggregated,13.900000,0.000000,77,96,140,160,180,220,330,410,800,940,980,23256,1,77,105.54520454378307,11.179457884281874,978.5517761483788,6287.58896628827
1788082153,50,,Aggregated,14.200000,0.000000,77,96,140,160,180,220,330,410,800,940,980,23269,1,77,105.53441652498411,11.179457884281874,978.5517761483788,6287.187416734711
1788082154,50,,Aggregated,13.500000,0.000000,77,96,140,160,180,220,330,410,800,940,980,23285,1,77,105.52028877344058,11.179457884281874,978.5517761483788,6287.213055615203
1788082155,50,,Aggregated,14.500000,0.000000,77,96,140,160,180,220,330,410,800,940,980,23296,1,77,105.51068970646436,11.179457884281874,978.5517761483788,6286.710594093406
1788082156,50,,Aggregated,14.600000,0.000000,77,96,140,160,180,220,330,410,800,940,980,23309,1,77,105.55123122314652,11.179457884281874,978.5517761483788,6286.722381912566
1788082157,50,,Aggregated,14.300000,0.000000,77,96,140,160,180,220,330,410,800,940,980,23329,1,77,105.54594221154466,11.179457884281874,978.5517761483788,6287.2802520468085
1788082158,50,,Aggregated,14.300000,0.000000,77,96,140,160,180,230,330,410,800,940,980,23348,1,77,105.6117858602963,11.179457884281874,978.5517761483788,6286.956141853692
1788082159,50,,Aggregated,13.700000,0.000000,77,96,140,160,180,230,330,410,800,940,980,23357,1,77,105.61783278670221,11.179457884281874,978.5517761483788,6287.963608340112
1788082160,50,,Aggregated,14.700000,0.000000,77,96,140,160,180,230,330,410,800,940,980,23373,1,77,105.63649384569499,11.179457884281874,978.5517761483788,6289.246138707055
1788082161,50,,Aggregated,14.900000,0.000000,77,96,140,160,180,230,330,410,800,940,980,23387,1,77,105.62164839510254,11.179457884281874,978.5517761483788,6288.95450463933
1788082162,50,,Aggregated,14.100000,0.000000,77,96,140,160,180,230,330,410,800,940,980,23403,1,77,105.60207304700585,11.179457884281874,978.5517761483788,6288.425287356322
1788082163,50,,Aggregated,14.400000,0.000000,77,96,140,160,180,230,330,410,800,940,980,23418,1,77,105.58840893705504,11.179457884281874,978.5517761483788,6288.361943803911
1788082164,50,,Aggregated,14.900000,0.000000,77,96,140,160,180,230,330,410,800,940,980,23431,1,77,105.5927912049688,11.179457884281874,978.5517761483788,6288.799880500192
1788082165,50,,Aggregated,14.700000,0.000000,77,96,140,160,180,230,330,410,800,940,980,23445,1,77,105.5832046745208,11.179457884281874,978.5517761483788,6289.067050543826
1788082166,50,,Aggregated,14.700000,0.000000,77,96,140,160,180,230,330,410,800,940,980,23460,1,77,105.56532807932223,11.179457884281874,978.5517761483788,6287.737127024723
1788082168,50,,Aggregated,14.500000,0.000000,77,96,140,160,180,230,330,410,800,940,980,23480,1,77,105.53851646607785,11.179457884281874,978.5517761483788,6285.640161839864
1788082169,50,,Aggregated,14.500000,0.000000,77,96,140,160,180,230,330,410,800,940,980,23492,1,77,105.53673712464183,11.179457884281874,978.5517761483788,6286.703558658267
1788082170,50,,Aggregated,15.000000,0.000000,77,96,140,160,180,230,330,410,800,940,980,23507,1,77,105.53906685508083,11.179457884281874,978.5517761483788,6287.149061981538
1788082171,50,,Aggregated,14.300000,0.000000,77,96,140,160,180,220,330,410,800,940,980,23525,1,77,105.51973864197628,11.179457884281874,978.5517761483788,6286.60174282678
1788082172,50,,Aggregated,14.300000,0.000000,77,96,140,160,180,230,330,410,800,940,980,23539,1,77,105.53208813586784,11.179457884281874,978.5517761483788,6286.292748205106
1788082173,50,,Aggregated,15.000000,0.000000,77,96,140,160,180,230,330,410,800,940,980,23553,1,77,105.52623318710721,11.179457884281874,978.5517761483788,6285.9275676134675
1788082174,50,,Aggregated,15.200000,0.000000,77,96,140,160,180,230,330,410,800,940,980,23570,1,77,105.50884812372695,11.179457884281874,978.5517761483788,6284.7799745439115
1788082175,50,,Aggregated,15.200000,0.000000,77,96,140,160,180,230,330,410,800,940,980,23582,1,77,105.49072662527217,11.179457884281874,978.5517761483788,6284.148842337376
1788082176,50,,Aggregated,14.800000,0.000000,77,96,140,160,180,220,330,410,800,940,980,23601,1,77,105.47124259996043,11.179457884281874,978.5517761483788,6283.338502605822
1788082177,50,,Aggregated,14.800000,0.000000,77,96,140,160,180,220,330,410,800,940,980,23610,1,77,105.46363404894201,11.179457884281874,978.5517761483788,6284.377975434138
1788082178,50,,Aggregated,15.100000,0.000000,77,96,140,160,180,220,330,410,800,940,980,23623,1,77,105.4486366605468,11.179457884281874,978.5517761483788,6283.009312957711
1788082179,50,,Aggregated,15.000000,0.000000,77,96,140,160,180,220,330,410,800,940,980,23641,1,77,105.43980155160095,11.179457884281874,978.5517761483788,6285.0582885664735
1788082180,50,,Aggregated,14.100000,0.000000,77,96,140,160,180,220,330,410,800,940,980,23658,1,77,105.43266408295727,11.179457884281874,978.5517761483788,6284.264434863471
1788082181,50,,Aggregated,14.500000,0.000000,77,96,140,160,180,220,330,410,800,940,980,23665,1,77,105.42234006165056,11.179457884281874,978.5517761483788,6283.499260511304
1788082182,50,,Aggregated,14.600000,0.000000,77,96,140,160,180,220,330,410,800,940,980,23681,1,77,105.41365195655575,11.179457884281874,978.5517761483788,6283.089481018538
1788082183,50,,Aggregated,14.000000,0.000000,77,96,140,160,180,220,330,410,800,940,980,23694,1,77,105.40785504137486,11.179457884281874,978.5517761483788,6283.434244956529
1788082184,50,,Aggregated,13.900000,0.000000,77,96,140,160,180,220,330,410,800,940,980,23708,1,77,105.4015328737262,11.179457884281874,978.5517761483788,6283.6956301670325
1788082185,50,,Aggregated,13.900000,0.000000,77,96,140,160,180,220,330,410,800,940,980,23724,1,77,105.39205899246821,11.179457884281874,978.5517761483788,6284.79957005564
1788082186,50,,Aggregated,13.800000,0.000000,77,96,140,160,180,220,330,410,800,940,980,23741,1,77,105.39389820480119,11.179457884281874,978.5517761483788,6288.166083989722
1788082187,50,,Aggregated,13.900000,0.000000,77,96,140,160,180,220,330,410,800,940,980,23749,1,77,105.38478831579529,11.179457884281874,978.5517761483788,6287.7089982736115
1788082188,50,,Aggregated,14.000000,0.000000,77,96,140,160,180,220,330,410,800,940,980,23762,1,77,105.36917411141117,11.179457884281874,978.5517761483788,6287.928288864574
1788082189,50,,Aggregated,13.700000,0.000000,77,96,140,160,180,220,330,410,800,940,980,23780,1,77,105.37144208687833,11.179457884281874,978.5517761483788,6287.957190916737
1788082190,50,,Aggregated,14.000000,0.000000,77,96,140,160,180,220,330,410,800,940,980,23790,1,77,105.36257762760597,11.179457884281874,978.5517761483788,6287.438923917613
1788082191,50,,Aggregated,13.600000,0.000000,77,96,140,160,180,220,330,410,800,940,980,23802,1,77,105.33967486615916,11.179457884281874,978.5517761483788,6286.06890177296
1788082192,50,,Aggregated,13.400000,0.000000,77,96,140,160,180,220,330,410,800,940,980,23814,1,77,105.35826926481612,11.179457884281874,978.5517761483788,6287.678424456202
1788082193,50,,Aggregated,13.500000,0.000000,77,96,140,160,180,220,330,410,800,940,980,23835,1,77,105.33626534409886,11.179457884281874,978.5517761483788,6287.769792322215
1788082194,50,,Aggregated,13.100000,0.000000,77,96,140,160,180,220,330,410,800,940,980,23851,1,77,105.3185407378243,11.179457884281874,978.5517761483788,6286.814473187707
1788082195,50,,Aggregated,13.900000,0.000000,77,96,140,160,180,220,330,410,800,940,980,23863,1,77,105.31631214960605,11.179457884281874,978.5517761483788,6287.119683191552
1788082196,50,,Aggregated,13.700000,0.000000,77,96,140,160,180,220,330,410,800,940,980,23877,1,77,105.30037013839207,11.179457884281874,978.5517761483788,6286.720944842317
1788082197,50,,Aggregated,13.500000,0.000000,77,96,140,160,180,220,330,410,800,940,980,23889,1,77,105.2793217178578,11.179457884281874,978.5517761483788,6284.494160492277
1788082198,50,,Aggregated,13.300000,0.000000,77,96,140,160,180,220,330,410,800,940,980,23909,1,77,105.29911021329876,11.179457884281874,978.5517761483788,6284.51202476055
1788082199,50,,Aggregated,13.800000,0.000000,77,96,140,160,180,220,330,410,800,940,980,23920,1,77,105.30296867489652,11.179457884281874,978.5517761483788,6284.575668896321
1788082200,50,,Aggregated,14.500000,0.000000,77,96,140,160,180,220,330,410,800,940,980,23931,1,77,105.29463410602715,11.179457884281874,978.5517761483788,6284.958338556684
1788082201,50,,Aggregated,14.500000,0.000000,77,96,140,160,180,220,330,410,800,940,980,23948,1,77,105.2962174278193,11.179457884281874,978.5517761483788,6286.743485886086
1788082202,50,,Aggregated,14.000000,0.000000,77,96,140,160,180,220,330,410,800,940,980,23961,1,77,105.2874213733562,11.179457884281874,978.5517761483788,6286.6345728475435
1788082203,50,,Aggregated,14.300000,0.000000,77,96,140,160,180,220,330,410,800,940,980,23973,1,77,105.26944539541259,11.179457884281874,978.5517761483788,6284.713511033246
1788082204,50,,Aggregated,14.700000,0.000000,77,96,140,160,180,220,330,410,800,940,980,23985,1,77,105.27347931329666,11.179457884281874,978.5517761483788,6286.832478632478
1788082205,50,,Aggregated,13.900000,0.000000,77,96,140,160,180,220,330,410,800,940,980,23997,1,77,105.26137986853138,11.179457884281874,978.5517761483788,6286.063632954119
1788082206,50,,Aggregated,13.700000,0.000000,77,96,140,160,180,220,330,410,800,940,980,24014,1,77,105.3165669737761,11.179457884281874,978.5517761483788,6286.408511701507
1788082207,50,,Aggregated,13.700000,0.000000,77,96,140,160,180,220,330,410,800,940,980,24029,1,77,105.3082935728996,11.179457884281874,978.5517761483788,6287.501310915976
1788082208,50,,Aggregated,13.800000,0.000000,77,96,140,160,180,220,330,410,800,940,980,24039,1,77,105.30010632678153,11.179457884281874,978.5517761483788,6287.0199259536585
1788082209,50,,Aggregated,13.600000,0.000000,77,96,140,160,180,220,330,410,800,940,980,24056,1,77,105.28954970690445,11.179457884281874,978.5517761483788,6287.76463252411
1788082210,50,,Aggregated,12.900000,0.000000,77,96,140,160,180,220,330,410,800,940,980,24074,1,77,105.28487539857525,11.179457884281874,978.5517761483788,6288.709603721858
1788082211,50,,Aggregated,12.800000,0.000000,77,96,140,160,180,220,330,410,800,940,980,24085,1,77,105.27893498627701,11.179457884281874,978.5517761483788,6289.0388208428485
1788082212,50,,Aggregated,13.600000,0.000000,77,96,140,160,180,220,330,410,800,940,980,24096,1,77,105.27737248105662,11.179457884281874,978.5517761483788,6289.893260292165
1788082213,50,,Aggregated,13.900000,0.000000,77,96,140,160,180,220,330,410,800,940,980,24109,1,77,105.27199095880049,11.179457884281874,978.5517761483788,6290.353436476004
1788082214,50,,Aggregated,13.300000,0.000000,77,96,140,160,180,220,330,410,800,940,980,24128,1,77,105.26230250562169,11.179457884281874,978.5517761483788,6290.270764257294
1788082215,50,,Aggregated,13.700000,0.000000,77,96,140,160,180,220,330,410,800,940,980,24151,1,77,105.25794151392923,11.179457884281874,978.5517761483788,6289.004306239907
1788082216,50,,Aggregated,13.900000,0.000000,77,96,140,160,180,220,330,410,800,940,980,24160,1,77,105.25291712917249,11.179457884281874,978.5517761483788,6288.906829470198
1788082217,50,,Aggregated,14.900000,0.000000,77,96,140,160,180,220,330,410,800,940,980,24175,1,77,105.23324086071756,11.179457884281874,978.5517761483788,6287.245667011375
1788082218,50,,Aggregated,14.900000,0.000000,77,96,140,160,180,220,330,410,800,940,980,24187,1,77,105.21567182683515,11.179457884281874,978.5517761483788,6286.589862322735
1788082219,50,,Aggregated,14.600000,0.000000,77,96,140,160,180,220,330,410,800,940,980,24204,1,77,105.20063349485963,11.179457884281874,978.5517761483788,6286.140266071724
1788082220,50,,Aggregated,14.700000,0.000000,77,96,140,160,180,220,330,410,800,940,980,24219,1,77,105.22604938736653,11.179457884281874,978.5517761483788,6287.850324125687
1788082221,50,,Aggregated,15.000000,0.000000,77,96,140,160,180,220,330,410,800,940,980,24230,1,77,105.21306488181538,11.179457884281874,978.5517761483788,6286.604127115146
1788082222,50,,Aggregated,14.600000,0.000000,77,96,140,160,180,220,330,410,800,940,980,24249,1,77,105.25191004976116,11.179457884281874,978.5517761483788,6288.479359973607
1788082223,50,,Aggregated,14.300000,0.000000,77,96,140,160,180,220,330,410,800,940,980,24260,1,77,105.25377589182526,11.179457884281874,978.5517761483788,6288.253009068425
1788082224,50,,Aggregated,14.600000,0.000000,77,96,140,160,180,220,330,410,800,940,980,24271,1,77,105.25656615678696,11.179457884281874,978.5517761483788,6290.59511350995
1788082225,50,,Aggregated,14.800000,0.000000,77,96,140,160,180,220,330,410,800,940,980,24283,1,77,105.26630024175088,11.179457884281874,978.5517761483788,6290.819873985916
1788082226,50,,Aggregated,14.500000,0.000000,77,96,140,160,180,220,330,410,800,940,980,24300,1,77,105.27392095375477,11.179457884281874,978.5517761483788,6292.478765432099
1788082227,50,,Aggregated,13.200000,0.000000,77,96,140,160,180,220,330,410,800,940,980,24312,1,77,105.2702973133542,11.179457884281874,978.5517761483788,6292.095426127015
1788082228,50,,Aggregated,13.100000,0.000000,77,96,140,160,180,220,330,410,800,940,980,24329,1,77,105.25303611904437,11.179457884281874,978.5517761483788,6291.195980106047
1788082229,50,,Aggregated,13.900000,0.000000,77,96,140,160,180,220,330,410,800,940,980,24346,1,77,105.24691233380751,11.179457884281874,978.5517761483788,6290.932719953997
1788082230,50,,Aggregated,13.500000,0.000000,77,96,140,160,180,220,330,410,800,940,980,24355,1,77,105.24536479276735,11.179457884281874,978.5517761483788,6292.26442208992
1788082231,50,,Aggregated,14.100000,0.000000,77,96,140,160,180,220,330,410,800,940,980,24369,1,77,105.24038496022935,11.179457884281874,978.5517761483788,6293.0583938610525
1788082232,50,,Aggregated,13.900000,0.000000,77,96,140,160,180,220,330,410,800,940,980,24384,1,77,105.2217709931599,11.179457884281874,978.5517761483788,6292.439550524934
1788082233,50,,Aggregated,13.600000,0.000000,77,96,140,160,180,220,330,410,800,940,980,24395,1,77,105.21346178798372,11.179457884281874,978.5517761483788,6292.314408690306
1788082234,50,,Aggregated,13.900000,0.000000,77,96,140,160,180,220,330,410,800,940,980,24411,1,77,105.20598293514398,11.179457884281874,978.5517761483788,6292.523042890501
1788082235,50,,Aggregated,13.200000,0.000000,77,96,140,160,180,220,330,410,800,940,980,24426,1,77,105.18994820907214,11.179457884281874,978.5517761483788,6291.142430197331
1788082236,50,,Aggregated,13.400000,0.000000,77,96,140,160,180,220,330,410,800,940,980,24439,1,77,105.17673618948263,11.179457884281874,978.5517761483788,6290.833340153034
1788082237,50,,Aggregated,14.400000,0.000000,77,96,140,160,180,220,330,410,800,940,980,24453,1,77,105.16919318717186,11.179457884281874,978.5517761483788,6290.338731443994
1788082238,50,,Aggregated,14.200000,0.000000,77,96,140,160,180,220,330,410,800,940,980,24469,1,77,105.14836290037218,11.179457884281874,978.5517761483788,6289.368098410233
1788082239,50,,Aggregated,13.900000,0.000000,77,96,140,160,180,220,330,410,800,940,980,24487,1,77,105.16483878339955,11.179457884281874,978.5517761483788,6289.114550577858
1788082240,50,,Aggregated,14.000000,0.000000,77,96,140,160,180,220,330,410,800,940,980,24503,1,77,105.15680881413437,11.179457884281874,978.5517761483788,6288.625515243031
1788082241,50,,Aggregated,13.800000,0.000000,77,96,140,160,180,220,330,410,800,940,980,24516,1,77,105.15333895830724,11.179457884281874,978.5517761483788,6288.859846630772
1788082242,50,,Aggregated,14.200000,0.000000,77,96,140,160,180,220,330,410,800,940,980,24526,1,77,105.15618892018789,11.179457884281874,978.5517761483788,6289.7874092799475
1788082243,50,,Aggregated,14.300000,0.000000,77,96,140,160,180,220,330,410,800,940,980,24540,1,77,105.1440340405696,11.179457884281874,978.5517761483788,6289.455012224939
1788082244,50,,Aggregated,14.600000,0.000000,77,96,140,160,180,220,330,410,800,940,980,24559,1,77,105.12927793191015,11.179457884281874,978.5517761483788,6289.16271020807
1788082245,50,,Aggregated,14.300000,0.000000,77,96,140,160,180,220,330,410,800,940,980,24571,1,77,105.11540004127953,11.179457884281874,978.5517761483788,6290.403076797851
1788082246,50,,Aggregated,14.500000,0.000000,77,96,140,160,180,220,330,410,800,940,980,24585,1,77,105.11456611523629,11.179457884281874,978.5517761483788,6290.815293878381
1788082247,50,,Aggregated,14.200000,0.000000,77,96,140,160,180,220,330,410,800,940,980,24597,1,77,105.10909635078639,11.179457884281874,978.5517761483788,6289.919217790787
1788082248,50,,Aggregated,14.300000,0.000000,77,96,140,160,180,220,330,410,800,940,980,24609,1,77,105.10466146450543,11.179457884281874,978.5517761483788,6289.336909260839
1788082249,50,,Aggregated,14.200000,0.000000,77,96,140,160,180,220,330,410,800,940,980,24627,1,77,105.09196189515988,11.179457884281874,978.5517761483788,6289.127421123158
1788082250,50,,Aggregated,14.100000,0.000000,77,96,140,160,180,220,330,410,800,940,980,24643,1,77,105.06890542454177,11.179457884281874,978.5517761483788,6286.857484884145
1788082251,50,,Aggregated,13.600000,0.000000,77,96,140,160,180,220,330,410,800,940,980,24658,1,77,105.04189276956096,11.179457884281874,978.5517761483788,6284.79183226539
1788082252,50,,Aggregated,13.700000,0.000000,77,96,140,160,180,220,330,410,800,940,980,24670,1,77,105.04269155436417,11.179457884281874,978.5517761483788,6283.873611674098
1788082253,50,,Aggregated,14.000000,0.000000,77,96,140,160,180,220,330,410,800,940,980,24680,1,77,105.04448766201452,11.179457884281874,978.5517761483788,6283.783873581848
1788082254,50,,Aggregated,13.800000,0.000000,77,96,140,160,180,220,330,410,800,940,980,24696,1,77,105.03987037341189,11.179457884281874,978.5517761483788,6284.858195659216
1788082255,50,,Aggregated,14.000000,0.000000,77,96,140,160,180,220,330,410,800,940,980,24707,1,77,105.03841143777659,11.179457884281874,978.5517761483788,6286.110818796293
1788082257,50,,Aggregated,13.700000,0.000000,77,96,140,160,180,220,330,410,800,940,980,24728,1,77,105.03109465289353,11.179457884281874,978.5517761483788,6286.4114364283405
1788082258,50,,Aggregated,13.600000,0.000000,77,96,140,160,180,220,330,410,800,940,980,24739,1,77,105.01653106287685,11.179457884281874,978.5517761483788,6285.658070253446
1788082259,50,,Aggregated,13.500000,0.000000,77,96,140,160,180,220,330,410,800,940,980,24753,1,77,105.00272241256172,11.179457884281874,978.5517761483788,6284.947844705693
1788082260,50,,Aggregated,14.100000,0.000000,77,96,140,160,180,220,330,410,800,940,980,24774,1,77,105.00400865869773,11.179457884281874,978.5517761483788,6286.5022200694275
1788082261,50,,Aggregated,14.200000,0.000000,77,96,140,160,180,220,330,410,800,940,980,24784,1,77,104.99941422476448,11.179457884281874,978.5517761483788,6286.645456746288
1788082262,50,,Aggregated,14.600000,0.000000,77,96,140,160,180,220,330,410,800,940,980,24805,1,77,104.99484076338688,11.179457884281874,978.5517761483788,6288.533884297521
1788082263,50,,Aggregated,14.000000,0.000000,77,96,140,160,180,220,330,410,800,940,980,24814,1,77,104.99452230820016,11.179457884281874,978.5517761483788,6290.080841460466
1788082264,50,,Aggregated,14.300000,0.000000,77,96,140,160,180,220,330,410,800,940,980,24828,1,77,104.97918970532466,11.179457884281874,978.5517761483788,6289.493837602707
1788082265,50,,Aggregated,14.300000,0.000000,77,96,140,160,180,220,330,410,800,940,980,24848,1,77,104.96781555778246,11.179457884281874,978.5517761483788,6288.911622665808
1788082266,50,,Aggregated,14.300000,0.000000,77,96,140,160,180,220,330,410,800,940,980,24861,1,77,104.96498316760433,11.179457884281874,978.5517761483788,6289.111982623386
1788082267,50,,Aggregated,14.800000,0.000000,77,96,140,160,180,220,330,410,800,940,980,24875,1,77,104.9796727266743,11.179457884281874,978.5517761483788,6289.052824120603
1788082268,50,,Aggregated,15.400000,0.000000,77,96,140,160,180,220,330,410,800,940,980,24886,1,77,104.97481753407246,11.179457884281874,978.5517761483788,6289.777545607973
1788082269,50,,Aggregated,14.600000,0.000000,77,96,140,160,180,220,330,410,800,940,980,24901,1,77,104.98482190956472,11.179457884281874,978.5517761483788,6290.56873217943
1788082270,50,,Aggregated,14.500000,0.000000,77,96,140,160,180,220,330,410,800,940,980,24917,1,77,104.98182822527227,11.179457884281874,978.5517761483788,6290.216117510134
1788082271,50,,Aggregated,14.700000,0.000000,77,96,140,160,180,220,330,410,800,940,980,24930,1,77,104.97712384326802,11.179457884281874,978.5517761483788,6290.470718010429
1788082272,50,,Aggregated,14.200000,0.000000,77,96,140,160,180,220,330,410,800,940,980,24949,1,77,105.01954469085942,11.179457884281874,978.5517761483788,6291.653813780112
1788082273,50,,Aggregated,14.200000,0.000000,77,96,140,160,180,220,330,410,800,940,980,24960,1,77,105.03604965587071,11.179457884281874,978.5517761483788,6292.344671474359
1788082274,50,,Aggregated,14.400000,0.000000,77,96,140,160,180,220,330,410,800,940,980,24968,1,77,105.03062723355822,11.179457884281874,978.5517761483788,6292.738945850689
1788082275,50,,Aggregated,14.700000,0.000000,77,96,140,160,180,220,330,410,800,940,980,24981,1,77,105.02728554495108,11.179457884281874,978.5517761483788,6291.847444057484
1788082276,50,,Aggregated,14.000000,0.000000,77,96,140,160,180,220,330,410,800,940,980,25003,1,77,105.06288239240929,11.179457884281874,978.5517761483788,6292.584089909211
1788082277,50,,Aggregated,13.400000,0.000000,77,96,140,160,180,220,330,410,800,940,980,25013,1,77,105.06500824121247,11.179457884281874,978.5517761483788,6292.673769639788
1788082278,50,,Aggregated,13.600000,0.000000,77,96,140,160,180,220,330,410,800,940,980,25028,1,77,105.06705889617385,11.179457884281874,978.5517761483788,6293.052061690906
1788082279,50,,Aggregated,13.600000,0.000000,77,96,140,160,180,220,330,410,800,940,980,25048,1,77,105.06259078571603,11.179457884281874,978.5517761483788,6291.87627754711
1788082280,50,,Aggregated,14.000000,0.000000,77,96,140,160,180,220,330,410,800,940,980,25063,1,77,105.05788932469032,11.179457884281874,978.5517761483788,6293.540358297091
1788082281,50,,Aggregated,14.400000,0.000000,77,96,140,160,180,220,330,410,800,940,980,25075,1,77,105.05158622606154,11.179457884281874,978.5517761483788,6293.567736789631
1788082282,50,,Aggregated,14.500000,0.000000,77,96,140,160,180,220,330,410,800,940,980,25083,1,77,105.0542916100298,11.179457884281874,978.5517761483788,6294.3327353187415
1788082283,50,,Aggregated,14.700000,0.000000,77,96,140,160,180,220,330,410,800,940,980,25100,1,77,105.09693714880025,11.179457884281874,978.5517761483788,6294.479482071713
1788082284,50,,Aggregated,13.700000,0.000000,77,96,140,160,180,220,330,410,800,940,980,25109,1,77,105.09393453214537,11.179457884281874,978.5517761483788,6294.661953881078
1788082285,50,,Aggregated,13.700000,0.000000,77,96,140,160,180,220,330,410,800,940,980,25133,1,77,105.10010993119566,11.179457884281874,978.5517761483788,6294.9760474276845
1788082286,50,,Aggregated,14.000000,0.000000,77,96,140,160,180,220,330,410,800,940,980,25141,1,77,105.10599547322731,11.179457884281874,978.5517761483788,6295.567240762101
1788082287,50,,Aggregated,14.800000,0.000000,77,96,140,160,180,220,330,410,800,940,980,25159,1,77,105.10786584914166,11.179457884281874,978.5517761483788,6294.854922691681
1788082288,50,,Aggregated,13.800000,0.000000,77,96,140,160,180,220,330,410,800,940,980,25171,1,77,105.09377957692737,11.179457884281874,978.5517761483788,6293.645067736681
1788082289,50,,Aggregated,14.500000,0.000000,77,96,140,160,180,220,330,410,800,940,980,25185,1,77,105.16066374122232,11.179457884281874,978.5517761483788,6294.302878697637
1788082290,50,,Aggregated,14.100000,0.000000,77,96,140,160,180,220,330,410,800,940,980,25201,1,77,105.14366409853429,11.179457884281874,978.5517761483788,6294.7550890837665
1788082291,50,,Aggregated,13.300000,0.000000,77,96,140,160,180,220,330,410,800,940,980,25217,1,77,105.13619830605565,11.179457884281874,978.5517761483788,6294.224372447159
1788082292,50,,Aggregated,13.500000,0.000000,77,96,140,160,180,220,330,410,800,940,980,25234,1,77,105.1139547866593,11.179457884281874,978.5517761483788,6292.917769675834
1788082293,50,,Aggregated,13.700000,0.000000,77,96,140,160,180,220,330,410,800,940,980,25246,1,77,105.10760683286595,11.179457884281874,978.5517761483788,6292.634199477145
1788082294,50,,Aggregated,14.400000,0.000000,77,96,140,160,180,220,330,410,800,940,980,25258,1,77,105.1019137159501,11.179457884281874,978.5517761483788,6291.99085438277
1788082295,50,,Aggregated,14.500000,0.000000,77,96,140,160,180,220,330,410,800,940,980,25276,1,77,105.1123352052816,11.179457884281874,978.5517761483788,6292.787228991929
1788082296,50,,Aggregated,14.700000,0.000000,77,96,140,160,180,220,330,410,800,940,980,25289,1,77,105.10597205760062,11.179457884281874,978.5517761483788,6292.850330183083
1788082297,50,,Aggregated,14.100000,0.000000,77,96,140,160,180,220,330,410,800,940,980,25308,1,77,105.10816056619626,11.179457884281874,978.5517761483788,6293.463450292397
1788082298,50,,Aggregated,14.700000,0.000000,77,96,140,160,180,220,330,410,800,940,980,25322,1,77,105.08807890861249,11.179457884281874,978.5517761483788,6292.3642682252585
1788082299,50,,Aggregated,14.700000,0.000000,77,96,140,160,180,220,330,410,800,940,980,25334,1,77,105.08595972002541,11.179457884281874,978.5517761483788,6292.37427962422
1788082300,50,,Aggregated,15.000000,0.000000,77,96,140,160,180,220,330,410,800,940,980,25351,1,77,105.0767482298129,11.179457884281874,978.5517761483788,6293.719616583172
1788082301,50,,Aggregated,15.200000,0.000000,77,96,140,160,180,220,330,410,800,940,980,25364,1,77,105.08076470841176,11.179457884281874,978.5517761483788,6294.733519949535
1788082302,50,,Aggregated,14.800000,0.000000,77,96,140,160,180,220,330,410,800,940,980,25381,1,77,105.09780309022717,11.179457884281874,978.5517761483788,6295.232102754028
1788082303,50,,Aggregated,14.800000,0.000000,77,96,140,160,180,220,330,410,800,940,980,25390,1,77,105.10214250788786,11.179457884281874,978.5517761483788,6295.415478534856
1788082304,50,,Aggregated,14.700000,0.000000,77,96,140,160,180,220,330,410,800,940,980,25403,1,77,105.09767450061702,11.179457884281874,978.5517761483788,6294.863283864111
1788082305,50,,Aggregated,14.300000,0.000000,77,96,140,160,180,220,330,410,800,940,980,25418,1,77,105.09100215771072,11.179457884281874,978.5517761483788,6294.392713824848
1788082306,50,,Aggregated,14.400000,0.000000,77,96,140,160,180,220,330,410,800,940,980,25434,1,77,105.10424267487237,11.179457884281874,978.5517761483788,6294.29653220099
1788082307,50,,Aggregated,14.200000,0.000000,77,96,140,160,180,220,330,410,800,940,980,25448,1,77,105.09893679667297,11.179457884281874,978.5517761483788,6293.604448286702
1788082308,50,,Aggregated,14.100000,0.000000,77,96,140,160,180,220,330,410,800,940,980,25460,1,77,105.10752671125702,11.179457884281874,978.5517761483788,6294.285781618225
1788082309,50,,Aggregated,14.000000,0.000000,77,96,140,160,180,220,330,410,800,940,980,25481,1,77,105.11732005984526,11.179457884281874,978.5517761483788,6295.400298261449
1788082310,50,,Aggregated,13.800000,0.000000,77,96,140,160,180,220,330,410,800,940,980,25493,1,77,105.12680780390126,11.179457884281874,978.5517761483788,6295.992782332405
