Timestamp,User Count,Type,Name,Requests/s,Failures/s,50%,66%,75%,80%,90%,95%,98%,99%,99.9%,99.99%,100%,Total Request Count,Total Failure Count,Total Median Response Time,Total Average Response Time,Total Min Response Time,Total Max Response Time,Total Average Content Size
1788071277,0,,Aggregated,0.000000,0.000000,N/A,N/A,N/A,N/A,N/A,N/A,N/A,N/A,N/A,N/A,N/A,0,0,0,0.0,0,0,0
1788071278,10,,Aggregated,0.000000,0.000000,450,490,650,700,720,720,720,720,720,720,720,20,0,320.0,393.2737026363611,125.84895803593099,722.0337258186191,3505.5
1788071279,20,,Aggregated,0.000000,0.000000,410,470,550,590,700,720,720,720,720,720,720,38,0,410.0,359.50334083999655,54.33466099202633,722.0337258186191,3424.7631578947367
1788071280,30,,Aggregated,0.000000,0.000000,410,480,510,590,700,720,730,740,740,740,740,58,0,410.0,365.63495801890207,54.33466099202633,739.5598711445928,4080.293103448276
1788071281,40,,Aggregated,10.000000,0.000000,390,460,510,590,650,710,730,740,740,740,740,81,0,390.0,347.46163950106245,27.27283607237041,739.5598711445928,4253.913580246914
1788071282,50,,Aggregated,13.333333,0.000000,370,460,510,570,630,710,730,740,740,740,740,98,0,360.0,346.42115557490257,27.27283607237041,739.5598711445928,3983.4285714285716
1788071283,60,,Aggregated,14.750000,0.000000,390,470,540,590,650,720,740,1000,1200,1200,1200,101,0,390.0,363.40299193599805,27.27283607237041,1170.6475929822773,4043.4752475247524
1788071284,70,,Aggregated,14.750000,0.000000,390,470,540,590,650,720,1000,1200,1600,1600,1600,102,0,390.0,375.4162859655551,27.27283607237041,1588.7589829508215,4067.1862745098038
1788071285,80,,Aggregated,16.500000,0.000000,440,540,620,670,2100,2500,2900,3000,3000,3000,3000,115,0,440.0,619.5569758566663,27.27283607237041,2956.6695760004222,4393.321739130435
1788071286,90,,Aggregated,14.571429,0.000000,480,650,2000,2400,3000,3100,3400,3400,3400,3400,3400,138,0,480.0,981.0003560201765,27.27283607237041,3405.556594952941,4677.152173913043
1788071287,100,,Aggregated,12.875000,0.000000,490,700,2000,2500,3100,3200,3400,4000,4000,4000,4000,142,0,490.0,1055.025976118435,27.27283607237041,3992.387183010578,4668.06338028169
1788071288,110,,Aggregated,13.888889,0.000000,620,2500,2900,3100,3800,3800,4000,4000,4200,4200,4200,170,0,610.0,1454.0914064314327,27.27283607237041,4214.409732026979,4499.947058823529
1788071289,120,,Aggregated,14.000000,0.000000,700,2700,3100,3100,3800,3800,4000,4000,4200,4200,4200,186,0,670.0,1611.3046385968726,27.27283607237041,4214.409732026979,4595.8279569892475
1788071290,130,,Aggregated,15.000000,0.000000,1000,2900,3100,3300,3800,4000,4100,4200,4200,4200,4200,200,0,990.0,1747.499011560576,27.27283607237041,4214.409732026979,4778.425
1788071291,140,,Aggregated,16.200000,0.000000,2400,3100,3300,3700,4000,4200,4600,4600,4700,4700,4700,221,0,2400.0,1971.2982018124228,27.27283607237041,4703.389389906079,4726.850678733032
1788071292,150,,Aggregated,14.700000,0.000000,2700,3300,3800,3900,4200,4600,4700,4700,4700,4700,4700,245,0,2700.0,2191.3001561622914,27.27283607237041,4703.389389906079,4767.371428571429
1788071293,150,,Aggregated,14.400000,0.000000,2900,3400,3800,3900,4300,4600,4700,4700,5000,5000,5000,260,0,2900.0,2307.008033766984,27.27283607237041,5006.6967031452805,4771.0192307692305
1788071294,150,,Aggregated,14.300000,0.000000,3000,3800,3900,4000,4600,5000,5200,5300,5500,5500,5500,277,0,3000.0,2472.890429708952,27.27283607237041,5548.778379103169,4789.729241877257
1788071295,150,,Aggregated,15.400000,0.000000,3100,3900,4000,4300,4700,5100,5400,5500,5600,5600,5600,298,0,3100.0,2643.9882268021256,27.27283607237041,5580.403781030327,4764.379194630873
1788071296,150,,Aggregated,16.800000,0.000000,3100,3900,4200,4300,5000,5300,5500,5900,6400,6400,6400,306,0,3100.0,2712.4473961143226,27.27283607237041,6425.1253409311175,4875.767973856209
1788071297,150,,Aggregated,18.000000,0.000000,3200,3900,4300,4600,5100,5600,6100,6200,6600,6600,6600,319,0,3200.0,2844.1945370753824,27.27283607237041,6564.1183839179575,4817.742946708464
1788071298,150,,Aggregated,17.400000,0.000000,3400,4000,4500,4700,5700,6200,6900,6900,7000,7000,7000,338,0,3400.0,3054.574810913571,27.27283607237041,7033.591120969504,4789.378698224852
1788071299,150,,Aggregated,17.700000,0.000000,3400,4100,4600,4800,5900,6400,6900,7000,7700,7700,7700,342,0,3400.0,3102.3342423944337,27.27283607237041,7667.621029075235,4798.6549707602335
1788071300,150,,Aggregated,16.900000,0.000000,3600,4200,4600,5100,6200,6700,7000,7700,7800,7800,7800,351,0,3600.0,3196.783041814342,27.27283607237041,7760.075486963615,4822.2962962962965
1788071301,150,,Aggregated,16.900000,0.000000,3600,4200,4600,5100,6200,6700,7000,7700,7800,7800,7800,351,0,3600.0,3196.783041814342,27.27283607237041,7760.075486963615,4822.2962962962965
1788071302,150,,Aggregated,15.500000,0.000000,3800,4300,4900,5300,6700,7700,8700,9300,9400,9400,9400,369,0,3800.0,3447.095438459419,27.27283607237041,9440.639703068882,4917.211382113821
1788071303,150,,Aggregated,14.800000,0.000000,3800,4400,5100,5400,6800,8000,9400,9800,11000,11000,11000,375,0,3800.0,3552.977002769088,27.27283607237041,10740.298872813582,4980.264
1788071304,150,,Aggregated,13.400000,0.000000,3800,4400,5100,5600,6900,8700,9700,11000,11000,11000,11000,380,0,3800.0,3638.0384583167092,27.27283607237041,10740.298872813582,5052.386842105263
1788071305,150,,Aggregated,11.600000,0.000000,3800,4500,5100,5700,7000,8800,10000,11000,11000,11000,11000,383,0,3800.0,3689.9246586725,27.27283607237041,10740.298872813582,5061.049608355092
1788071306,150,,Aggregated,10.800000,0.000000,3800,4600,5200,6000,7700,9400,11000,11000,12000,12000,12000,390,0,3800.0,3826.629330786781,27.27283607237041,11974.826612044126,5073.21282051282
1788071307,150,,Aggregated,9.700000,0.000000,3900,4600,5400,6200,8600,10000,11000,12000,13000,13000,13000,399,0,3900.0,3988.9540214991353,27.27283607237041,12750.497431959957,5146.50626566416
1788071308,150,,Aggregated,8.600000,0.000000,3900,4700,5900,6600,9600,11000,12000,13000,13000,13000,13000,413,0,3900.0,4240.395722208324,27.27283607237041,13108.969237888232,5226.784503631961
1788071309,150,,Aggregated,7.300000,0.000000,4000,5100,6200,6900,11000,12000,13000,13000,14000,14000,14000,429,0,4000.0,4542.430083036188,27.27283607237041,13506.415485171601,5341.797202797203
1788071310,150,,Aggregated,9.000000,0.000000,4000,5100,6500,7700,11000,12000,13000,13000,14000,14000,14000,437,0,4000.0,4690.303297282369,27.27283607237041,13824.80833097361,5393.102974828375
1788071311,150,,Aggregated,7.900000,0.000000,4000,5300,6700,8300,12000,12000,13000,13000,14000,14000,14000,448,0,4000.0,4883.502086117265,27.27283607237041,13824.80833097361,5456.265625
1788071312,150,,Aggregated,8.800000,0.000000,4200,5900,7700,10000,12000,13000,13000,14000,14000,14000,14000,468,0,4200.0,5213.063764309264,27.27283607237041,14085.074539063498,5523.096153846154
1788071313,150,,Aggregated,8.600000,0.000000,4300,6200,9100,10000,12000,13000,14000,14000,14000,14000,14000,488,0,4300.0,5457.120338970123,27.27283607237041,14226.480840006843,5669.6577868852455
1788071314,150,,Aggregated,9.000000,0.000000,4400,6400,9200,10000,12000,13000,14000,14000,14000,14000,14000,494,0,4300.0,5520.285753771731,27.27283607237041,14226.480840006843,5670.8400809716595
1788071315,150,,Aggregated,10.300000,0.000000,4400,6600,9400,10000,12000,13000,14000,14000,14000,14000,14000,498,0,4400.0,5575.48830957324,27.27283607237041,14226.480840006843,5716.9859437751
1788071316,150,,Aggregated,11.000000,0.000000,4600,6900,9800,11000,12000,13000,14000,14000,14000,14000,14000,513,0,4600.0,5743.056357385714,27.27283607237041,14226.480840006843,5861.428849902534
1788071317,150,,Aggregated,11.400000,0.000000,4600,7100,10000,11000,12000,13000,14000,14000,14000,14000,14000,526,0,4600.0,5857.10537612054,27.27283607237041,14226.480840006843,5878.809885931559
1788071318,150,,Aggregated,11.300000,0.000000,4600,7700,10000,11000,12000,13000,14000,14000,14000,14000,14000,535,0,4600.0,5917.939929792953,27.27283607237041,14226.480840006843,5873.771962616823
1788071319,150,,Aggregated,12.500000,0.000000,4600,7700,10000,11000,12000,13000,14000,14000,14000,14000,14000,536,0,4600.0,5929.465296643929,27.27283607237041,14226.480840006843,5887.104477611941
1788071320,150,,Aggregated,11.900000,0.000000,4700,8100,10000,11000,12000,13000,14000,14000,14000,14000,14000,543,0,4700.0,5984.02633380126,27.27283607237041,14226.480840006843,5918.092081031307
1788071321,150,,Aggregated,11.600000,0.000000,4700,8400,10000,11000,12000,13000,14000,14000,14000,14000,14000,549,0,4700.0,6046.949220920076,27.27283607237041,14226.480840006843,5925.051001821494
1788071322,150,,Aggregated,10.600000,0.000000,5000,8700,10000,11000,12000,13000,14000,14000,14000,14000,14000,559,0,5000.0,6135.8172419890825,27.27283607237041,14226.480840006843,5963.422182468694
1788071323,150,,Aggregated,10.600000,0.000000,5100,9300,10000,11000,12000,13000,14000,14000,14000,14000,14000,576,0,5100.0,6260.5367155495815,27.27283607237041,14226.480840006843,6033.979166666667
1788071324,150,,Aggregated,10.200000,0.000000,5400,9400,10000,11000,12000,13000,14000,14000,14000,14000,14000,602,0,5400.0,6421.886087238226,27.27283607237041,14226.480840006843,6070.950166112957
1788071325,150,,Aggregated,8.900000,0.000000,5500,9500,10000,11000,12000,13000,14000,14000,14000,14000,14000,607,0,5500.0,6462.555374784082,27.27283607237041,14226.480840006843,6097.230642504119
1788071326,150,,Aggregated,9.400000,0.000000,5900,9600,11000,11000,12000,13000,14000,14000,14000,14000,14000,617,0,5900.0,6551.088538672549,27.27283607237041,14226.480840006843,6162.888168557536
1788071327,150,,Aggregated,10.900000,0.000000,6200,9700,11000,11000,12000,13000,14000,14000,14000,14000,14000,635,0,6200.0,6663.117546377352,27.27283607237041,14226.480840006843,6208.716535433071
1788071328,150,,Aggregated,10.900000,0.000000,6500,9800,11000,11000,12000,13000,13000,14000,14000,14000,14000,655,0,6500.0,6752.304046418347,27.27283607237041,14226.480840006843,6264.537404580153
1788071329,150,,Aggregated,10.200000,0.000000,6900,9700,11000,11000,12000,13000,13000,14000,14000,14000,14000,682,0,6900.0,6833.538090380364,27.27283607237041,14226.480840006843,6293.4926686217
1788071330,150,,Aggregated,10.700000,0.000000,6900,9700,11000,11000,12000,13000,13000,14000,14000,14000,14000,686,0,6900.0,6844.349644391569,27.27283607237041,14226.480840006843,6304.19970845481
1788071331,150,,Aggregated,12.000000,0.000000,6900,9700,11000,11000,12000,13000,13000,14000,14000,14000,14000,694,0,6900.0,6851.4792203842135,27.27283607237041,14226.480840006843,6306.07060518732
1788071332,150,,Aggregated,14.600000,0.000000,6900,9500,10000,11000,12000,13000,13000,14000,14000,14000,14000,727,0,6900.0,6846.603095772942,27.27283607237041,14226.480840006843,6320.14030261348
1788071333,150,,Aggregated,14.400000,0.000000,6800,9500,10000,11000,12000,13000,13000,14000,14000,14000,14000,736,0,6700.0,6837.779407826336,27.27283607237041,14226.480840006843,6343.486413043478
1788071334,150,,Aggregated,14.400000,0.000000,6700,9400,10000,11000,12000,13000,13000,14000,14000,14000,14000,753,0,6700.0,6831.236779222891,27.27283607237041,14226.480840006843,6364.250996015936
1788071336,150,,Aggregated,16.600000,0.000000,6700,9400,10000,11000,12000,13000,13000,14000,14000,14000,14000,762,0,6600.0,6826.086578833849,27.27283607237041,14226.480840006843,6369.581364829396
1788071337,150,,Aggregated,15.400000,0.000000,6600,9300,10000,11000,12000,13000,13000,14000,14000,14000,14000,781,0,6600.0,6811.731369850535,27.27283607237041,14226.480840006843,6352.962868117797
1788071338,150,,Aggregated,15.000000,0.000000,6600,9300,10000,11000,12000,13000,13000,14000,14000,14000,14000,791,0,6600.0,6804.244859479651,27.27283607237041,14226.480840006843,6372.881163084703
1788071339,150,,Aggregated,16.400000,0.000000,6600,9200,10000,11000,12000,13000,13000,14000,14000,14000,14000,808,1,6600.0,6802.769160575042,27.27283607237041,14226.480840006843,6382.181930693069
1788071340,150,,Aggregated,16.400000,0.000000,6600,9200,10000,11000,12000,13000,13000,14000,14000,14000,14000,816,1,6600.0,6802.687554070658,27.27283607237041,14226.480840006843,6369.617647058823
1788071341,150,,Aggregated,15.600000,0.000000,6600,9200,10000,11000,12000,13000,13000,14000,14000,14000,14000,822,1,6600.0,6807.244549087054,27.27283607237041,14226.480840006843,6377.782238442823
1788071342,150,,Aggregated,15.200000,0.100000,6600,9200,10000,11000,12000,13000,13000,14000,14000,14000,14000,826,1,6600.0,6806.50239743148,27.27283607237041,14226.480840006843,6381.799031476998
1788071343,150,,Aggregated,13.500000,0.100000,6700,9100,10000,11000,12000,13000,13000,14000,14000,14000,14000,850,1,6700.0,6834.076261672958,27.27283607237041,14226.480840006843,6416.18
1788071344,150,,Aggregated,13.500000,0.100000,6700,9000,10000,11000,12000,13000,13000,14000,14000,14000,14000,859,1,6700.0,6843.683321994152,27.27283607237041,14226.480840006843,6420.734575087311
1788071345,150,,Aggregated,13.200000,0.100000,6800,9000,9900,11000,12000,13000,13000,14000,14000,14000,14000,871,1,6800.0,6859.657241298307,27.27283607237041,14226.480840006843,6443.785304247991
1788071346,150,,Aggregated,12.200000,0.100000,6900,9000,9900,10000,12000,13000,13000,14000,14000,14000,14000,879,1,6900.0,6877.1119481281075,27.27283607237041,14226.480840006843,6463.4015927189985
1788071347,150,,Aggregated,12.300000,0.100000,6900,9100,9900,10000,12000,13000,13000,14000,14000,14000,14000,892,1,6900.0,6910.101307751799,27.27283607237041,14226.480840006843,6527.087443946189
1788071348,150,,Aggregated,11.800000,0.100000,7000,9100,9900,10000,12000,13000,13000,14000,14000,14000,14000,905,1,7000.0,6939.733452351445,27.27283607237041,14226.480840006843,6532.62320441989
1788071349,150,,Aggregated,11.700000,0.100000,7000,9100,9900,10000,12000,13000,13000,14000,14000,14000,14000,915,1,7000.0,6958.785243229076,27.27283607237041,14226.480840006843,6549.149726775956
1788071350,150,,Aggregated,11.400000,0.100000,7200,9100,9900,10000,12000,13000,13000,14000,14000,14000,14000,940,1,7200.0,7014.187701107647,27.27283607237041,14226.480840006843,6581.656382978724
1788071351,150,,Aggregated,11.400000,0.100000,7400,9000,9800,10000,12000,13000,13000,14000,14000,14000,14000,954,1,7300.0,7030.838317773988,27.27283607237041,14226.480840006843,6595.895178197065
1788071352,150,,Aggregated,11.900000,0.000000,7300,9000,9800,10000,12000,13000,13000,14000,14000,14000,14000,968,1,7300.0,7039.350171483262,27.27283607237041,14226.480840006843,6640.231404958678
1788071353,150,,Aggregated,13.200000,0.000000,7400,9000,9800,10000,12000,13000,13000,14000,14000,14000,14000,978,1,7400.0,7052.872682856358,27.27283607237041,14226.480840006843,6639.140081799591
1788071354,150,,Aggregated,14.000000,0.000000,7400,8900,9700,10000,12000,12000,13000,14000,14000,14000,14000,1002,1,7400.0,7067.611072533123,27.27283607237041,14226.480840006843,6635.330339321357
1788071355,150,,Aggregated,12.500000,0.000000,7300,8900,9700,10000,12000,12000,13000,14000,14000,14000,14000,1017,1,7300.0,7056.259077228239,27.27283607237041,14226.480840006843,6634.82005899705
1788071356,150,,Aggregated,12.500000,0.000000,7300,8800,9700,10000,12000,12000,13000,14000,14000,14000,14000,1027,1,7300.0,7055.528732995161,27.27283607237041,14226.480840006843,6679.911392405063
1788071357,150,,Aggregated,14.200000,0.000000,7300,8800,9700,10000,12000,12000,13000,14000,14000,14000,14000,1029,1,7300.0,7054.660153457582,27.27283607237041,14226.480840006843,6677.8483965014575
1788071358,150,,Aggregated,14.800000,0.000000,7300,8800,9700,10000,12000,12000,13000,14000,14000,14000,14000,1043,1,7300.0,7063.856996073944,27.27283607237041,14226.480840006843,6669.971236816875
1788071359,150,,Aggregated,14.800000,0.000000,7300,8700,9600,10000,12000,12000,13000,14000,14000,14000,14000,1055,1,7300.0,7065.930613629317,27.27283607237041,14226.480840006843,6658.3763033175355
1788071360,150,,Aggregated,13.400000,0.000000,7300,8600,9600,10000,12000,12000,13000,14000,14000,14000,14000,1072,1,7300.0,7068.574294492641,27.27283607237041,14226.480840006843,6649.388059701492
1788071361,150,,Aggregated,13.400000,0.000000,7300,8600,9600,10000,12000,12000,13000,14000,14000,14000,14000,1075,1,7300.0,7070.141159267229,27.27283607237041,14226.480840006843,6648.09488372093
1788071362,150,,Aggregated,13.300000,0.000000,7300,8700,9600,10000,12000,12000,13000,14000,14000,14000,14000,1083,1,7300.0,7084.822512698073,27.27283607237041,14226.480840006843,6689.202216066482
1788071363,150,,Aggregated,13.300000,0.000000,7300,8700,9600,10000,12000,12000,13000,14000,14000,14000,14000,1087,1,7300.0,7092.267567417803,27.27283607237041,14226.480840006843,6698.071757129715
1788071364,150,,Aggregated,12.100000,0.000000,7400,8800,9600,10000,12000,12000,13000,14000,14000,14000,14000,1098,1,7400.0,7113.787888323011,27.27283607237041,14226.480840006843,6725.364298724954
1788071365,150,,Aggregated,11.300000,0.000000,7600,8900,9600,10000,12000,12000,13000,14000,14000,14000,14000,1129,1,7600.0,7165.116739534403,27.27283607237041,14226.480840006843,6700.991142604074
1788071366,150,,Aggregated,11.300000,0.000000,7600,8900,9600,10000,12000,12000,13000,14000,14000,14000,14000,1136,1,7600.0,7176.03622281573,27.27283607237041,14226.480840006843,6688.266725352113
1788071367,150,,Aggregated,10.400000,0.000000,7700,8900,9600,10000,12000,12000,13000,14000,14000,14000,14000,1151,1,7700.0,7210.790378952457,27.27283607237041,14226.480840006843,6699.983492615117
1788071368,150,,Aggregated,10.900000,0.000000,7700,9000,9600,10000,12000,12000,13000,14000,14000,14000,14000,1162,1,7700.0,7236.192531954648,27.27283607237041,14226.480840006843,6717.466437177281
1788071369,150,,Aggregated,11.900000,0.000000,7700,9000,9600,10000,11000,12000,13000,14000,14000,14000,14000,1186,1,7700.0,7268.600144424526,27.27283607237041,14226.480840006843,6741.656829679595
1788071370,150,,Aggregated,11.900000,0.000000,7700,9000,9600,10000,11000,12000,13000,14000,14000,14000,14000,1198,1,7700.0,7280.085015132245,27.27283607237041,14226.480840006843,6749.668614357262
1788071371,150,,Aggregated,12.300000,0.000000,7800,9000,9600,10000,11000,12000,13000,14000,14000,14000,14000,1215,1,7800.0,7298.334326074409,27.27283607237041,14226.480840006843,6772.464197530864
1788071372,150,,Aggregated,13.000000,0.000000,7800,9000,9600,10000,11000,12000,13000,14000,14000,14000,14000,1225,1,7800.0,7304.659657129561,27.27283607237041,14226.480840006843,6768.843265306123
1788071373,150,,Aggregated,13.000000,0.000000,7800,8900,9600,10000,11000,12000,13000,14000,14000,14000,14000,1232,1,7800.0,7306.131238593302,27.27283607237041,14226.480840006843,6774.479707792208
1788071374,150,,Aggregated,13.500000,0.000000,7800,8900,9600,9900,11000,12000,13000,14000,14000,14000,14000,1246,1,7800.0,7310.97223481573,27.27283607237041,14226.480840006843,6773.847512038523
1788071375,150,,Aggregated,14.500000,0.000000,7800,8900,9500,9900,11000,12000,13000,14000,14000,14000,14000,1257,1,7800.0,7319.580709446123,27.27283607237041,14226.480840006843,6798.6260938743035
1788071376,150,,Aggregated,14.800000,0.000000,7800,8900,9500,9900,11000,12000,13000,14000,14000,14000,14000,1273,1,7800.0,7327.888064324024,27.27283607237041,14226.480840006843,6811.567164179104
1788071377,150,,Aggregated,13.100000,0.000000,7800,8900,9500,9900,11000,12000,13000,14000,14000,14000,14000,1281,1,7800.0,7333.031632791904,27.27283607237041,14226.480840006843,6821.637782982045
1788071378,150,,Aggregated,12.900000,0.000000,7800,8900,9500,9900,11000,12000,13000,14000,14000,14000,14000,1292,1,7800.0,7336.091448303677,27.27283607237041,14226.480840006843,6822.698142414861
1788071379,150,,Aggregated,12.900000,0.000000,7800,8900,9500,9900,11000,12000,13000,14000,14000,14000,14000,1297,1,7800.0,7343.207396809213,27.27283607237041,14226.480840006843,6825.316885119507
1788071380,150,,Aggregated,13.200000,0.000000,7800,8900,9500,9900,11000,12000,13000,13000,14000,14000,14000,1302,1,7800.0,7352.40838054182,27.27283607237041,14226.480840006843,6841.029953917051
1788071381,150,,Aggregated,11.900000,0.000000,7800,9000,9500,9900,11000,12000,13000,13000,14000,14000,14000,1314,1,7800.0,7375.144901347511,27.27283607237041,14226.480840006843,6852.859208523592
1788071382,150,,Aggregated,10.400000,0.000000,7900,9000,9500,9900,11000,12000,13000,13000,14000,14000,14000,1339,1,7900.0,7401.888155637488,27.27283607237041,14226.480840006843,6850.493651979089
1788071383,150,,Aggregated,10.400000,0.000000,7900,9000,9500,9900,11000,12000,13000,13000,14000,14000,14000,1347,1,7900.0,7412.439922319722,27.27283607237041,14226.480840006843,6842.403860430586
1788071384,150,,Aggregated,10.500000,0.000000,7900,9000,9600,9900,11000,12000,13000,13000,14000,14000,14000,1362,1,7900.0,7442.473760580202,27.27283607237041,14226.480840006843,6890.400146842878
1788071385,150,,Aggregated,11.500000,0.000000,7900,9100,9600,10000,11000,12000,13000,13000,14000,14000,14000,1371,1,7900.0,7458.037178186811,27.27283607237041,14226.480840006843,6920.265499635303
1788071386,150,,Aggregated,10.700000,0.000000,7900,9100,9600,10000,11000,12000,13000,13000,14000,14000,14000,1396,1,7900.0,7483.594817786383,27.27283607237041,14226.480840006843,6934.004297994269
1788071387,150,,Aggregated,11.800000,0.000000,7900,9100,9600,9900,11000,12000,13000,13000,14000,14000,14000,1413,1,7900.0,7490.4072480650275,27.27283607237041,14226.480840006843,6929.7338995046
1788071388,150,,Aggregated,12.100000,0.000000,7900,9100,9600,9900,11000,12000,13000,13000,14000,14000,14000,1422,1,7900.0,7496.132895232731,27.27283607237041,14226.480840006843,6931.079465541491
1788071389,150,,Aggregated,12.500000,0.000000,8000,9100,9600,9900,11000,12000,13000,13000,14000,14000,14000,1432,1,7900.0,7506.047402867233,27.27283607237041,14226.480840006843,6942.967178770949
1788071390,150,,Aggregated,12.800000,0.000000,7900,9100,9600,9900,11000,12000,13000,13000,14000,14000,14000,1448,1,7900.0,7508.040086272332,27.27283607237041,14226.480840006843,6932.917127071823
1788071391,150,,Aggregated,12.800000,0.000000,7900,9000,9500,9900,11000,12000,13000,13000,14000,14000,14000,1459,1,7900.0,7503.918698414358,27.27283607237041,14226.480840006843,6951.682659355723
1788071392,150,,Aggregated,14.500000,0.000000,7900,9000,9500,9900,11000,12000,13000,13000,14000,14000,14000,1470,1,7900.0,7505.952934513572,27.27283607237041,14226.480840006843,6960.668707482993
1788071393,150,,Aggregated,15.300000,0.000000,7900,9000,9500,9900,11000,12000,13000,13000,14000,14000,14000,1482,1,7900.0,7506.356679239466,27.27283607237041,14226.480840006843,6964.90620782726
1788071394,150,,Aggregated,13.900000,0.000000,7900,9000,9500,9800,11000,12000,13000,13000,14000,14000,14000,1492,1,7900.0,7504.4313382072405,27.27283607237041,14226.480840006843,6952.282171581769
1788071395,150,,Aggregated,12.700000,0.000000,7900,9000,9500,9800,11000,12000,13000,13000,14000,14000,14000,1503,1,7900.0,7503.358799551507,27.27283607237041,14226.480840006843,6966.967398536261
1788071396,150,,Aggregated,13.400000,0.000000,7900,9000,9400,9800,11000,12000,13000,13000,14000,14000,14000,1511,2,7900.0,7508.20598394541,27.27283607237041,14226.480840006843,6954.0172071475845
1788071397,150,,Aggregated,13.400000,0.000000,7900,9000,9500,9800,11000,12000,13000,13000,14000,14000,14000,1515,2,7900.0,7512.141652352856,27.27283607237041,14226.480840006843,6961.446864686469
1788071398,150,,Aggregated,11.900000,0.100000,7900,9000,9400,9800,11000,12000,13000,13000,14000,14000,14000,1527,2,7900.0,7521.632965819571,27.27283607237041,14226.480840006843,6968.991486574983
1788071399,150,,Aggregated,11.000000,0.100000,7900,9000,9400,9800,11000,12000,13000,13000,14000,14000,14000,1543,2,7900.0,7533.810687775899,27.27283607237041,14226.480840006843,6960.069993519119
1788071400,150,,Aggregated,10.600000,0.100000,7900,9000,9400,9800,11000,12000,13000,13000,14000,14000,14000,1566,2,7900.0,7548.681209989351,27.27283607237041,14226.480840006843,6955.798212005108
1788071401,150,,Aggregated,10.400000,0.100000,8000,9000,9400,9800,11000,12000,13000,13000,14000,14000,14000,1570,2,8000.0,7556.650502915393,27.27283607237041,14226.480840006843,6961.685987261147
1788071402,150,,Aggregated,11.000000,0.100000,8000,9000,9400,9800,11000,12000,13000,13000,14000,14000,14000,1577,2,8000.0,7568.612545331085,27.27283607237041,14226.480840006843,6985.468611287254
1788071403,150,,Aggregated,10.700000,0.100000,8000,9100,9500,9900,11000,12000,13000,13000,14000,14000,14000,1603,2,8000.0,7607.070663895374,27.27283607237041,14226.480840006843,7009.767935121647
1788071404,150,,Aggregated,10.900000,0.100000,8000,9100,9500,9800,11000,12000,13000,13000,14000,14000,14000,1616,2,8000.0,7614.203340645521,27.27283607237041,14226.480840006843,6993.980816831683
1788071405,150,,Aggregated,11.300000,0.100000,8000,9100,9500,9900,11000,12000,13000,13000,14000,14000,14000,1630,2,8000.0,7627.6573131913665,27.27283607237041,14226.480840006843,7010.166257668711
1788071406,150,,Aggregated,12.300000,0.100000,8100,9100,9500,9900,11000,12000,13000,13000,14000,14000,14000,1646,2,8100.0,7640.583773252225,27.27283607237041,14226.480840006843,7010.599027946537
1788071407,150,,Aggregated,12.100000,0.100000,8100,9100,9500,9900,11000,12000,13000,13000,14000,14000,14000,1652,2,8100.0,7644.38709364099,27.27283607237041,14226.480840006843,7020.178571428572
1788071408,150,,Aggregated,12.600000,0.000000,8100,9100,9500,9900,11000,12000,13000,13000,14000,14000,14000,1657,2,8100.0,7648.052252527955,27.27283607237041,14226.480840006843,7018.669281834641
1788071409,150,,Aggregated,13.500000,0.000000,8100,9100,9500,9900,11000,12000,13000,13000,14000,14000,14000,1669,2,8100.0,7651.691541081984,27.27283607237041,14226.480840006843,7008.684841222289
1788071410,150,,Aggregated,13.000000,0.000000,8100,9100,9500,9900,11000,12000,13000,13000,14000,14000,14000,1685,2,8100.0,7664.563753138205,27.27283607237041,14226.480840006843,7018.962611275964
1788071411,150,,Aggregated,13.000000,0.000000,8100,9100,9500,9900,11000,12000,13000,13000,14000,14000,14000,1692,2,8100.0,7668.94621713278,27.27283607237041,14226.480840006843,7042.987588652482
1788071412,150,,Aggregated,12.200000,0.000000,8100,9100,9500,9900,11000,12000,13000,13000,14000,14000,14000,1701,2,8100.0,7675.597173520838,27.27283607237041,14226.480840006843,7038.388007054674
1788071413,150,,Aggregated,12.200000,0.000000,8100,9100,9500,9900,11000,12000,13000,13000,14000,14000,14000,1712,2,8100.0,7684.599125467047,27.27283607237041,14226.480840006843,7045.203271028037
1788071414,150,,Aggregated,12.000000,0.000000,8100,9100,9500,9900,11000,12000,13000,13000,14000,14000,14000,1730,2,8100.0,7700.428740012277,27.27283607237041,14226.480840006843,7042.736416184971
1788071415,150,,Aggregated,11.600000,0.000000,8100,9100,9500,9900,11000,12000,13000,13000,14000,14000,14000,1743,2,8100.0,7708.854897157463,27.27283607237041,14226.480840006843,7049.440619621342
1788071416,150,,Aggregated,11.200000,0.000000,8100,9100,9500,9800,11000,12000,13000,13000,14000,14000,14000,1770,2,8100.0,7711.171712256615,27.27283607237041,14226.480840006843,7039.592655367232
1788071417,150,,Aggregated,11.600000,0.000000,8100,9100,9500,9800,11000,12000,13000,13000,14000,14000,14000,1794,2,8100.0,7691.800778485246,27.27283607237041,14226.480840006843,7024.0496098104795
1788071418,150,,Aggregated,12.300000,0.000000,8100,9000,9500,9800,11000,12000,13000,13000,14000,14000,14000,1811,2,8100.0,7656.483222699345,27.27283607237041,14226.480840006843,7023.139701822198
1788071419,150,,Aggregated,12.200000,0.000000,8100,9000,9400,9800,11000,12000,13000,13000,14000,14000,14000,1834,2,8100.0,7604.76977652474,27.27283607237041,14226.480840006843,7000.464558342421
1788071420,150,,Aggregated,14.200000,0.000000,8000,9000,9400,9800,11000,12000,13000,13000,14000,14000,14000,1842,2,8000.0,7582.7885918547,27.27283607237041,14226.480840006843,6988.801302931596
1788071421,150,,Aggregated,15.600000,0.000000,8000,9000,9400,9800,11000,12000,13000,13000,14000,14000,14000,1850,2,8000.0,7562.459764265254,27.27283607237041,14226.480840006843,6978.197837837838
1788071422,150,,Aggregated,16.100000,0.000000,8000,9000,9400,9800,11000,12000,13000,13000,14000,14000,14000,1862,2,8000.0,7534.689251394496,27.27283607237041,14226.480840006843,6958.561761546724
1788071423,150,,Aggregated,15.600000,0.000000,8000,9000,9400,9800,11000,12000,13000,13000,14000,14000,14000,1877,2,8000.0,7501.324101276403,27.27283607237041,14226.480840006843,6964.74800213106
1788071424,150,,Aggregated,15.700000,0.000000,8000,8900,9400,9800,11000,12000,13000,13000,14000,14000,14000,1896,2,8000.0,7460.136684927527,27.27283607237041,14226.480840006843,6948.209915611815
1788071425,150,,Aggregated,16.200000,0.000000,7900,8900,9400,9800,11000,12000,13000,13000,14000,14000,14000,1910,2,7900.0,7431.067865110168,27.27283607237041,14226.480840006843,6945.504712041885
1788071426,150,,Aggregated,16.300000,0.000000,7900,8900,9400,9700,11000,12000,13000,13000,14000,14000,14000,1925,2,7900.0,7397.211475145168,27.27283607237041,14226.480840006843,6933.672207792208
1788071427,150,,Aggregated,16.100000,0.000000,7900,8900,9400,9700,11000,12000,13000,13000,14000,20000,20000,1940,2,7900.0,7369.6693359933,27.27283607237041,19962.886675959453,6943.948453608247
1788071428,150,,Aggregated,15.800000,0.000000,7900,8800,9300,9700,11000,12000,13000,13000,14000,20000,20000,1965,2,7900.0,7302.103058664536,27.27283607237041,19962.886675959453,6936.340458015267
1788071429,150,,Aggregated,15.500000,0.000000,7900,8800,9300,9700,11000,12000,13000,13000,14000,20000,20000,1981,3,7900.0,7250.836345733598,27.27283607237041,19962.886675959453,6916.594144371529
1788071430,150,,Aggregated,14.700000,0.000000,7800,8800,9300,9700,11000,12000,13000,13000,14000,20000,20000,1995,3,7800.0,7207.393064587039,27.27283607237041,19962.886675959453,6913.989473684211
1788071431,150,,Aggregated,15.000000,0.000000,7800,8800,9300,9700,11000,12000,13000,13000,14000,20000,20000,2007,3,7800.0,7169.3727786953905,27.27283607237041,19962.886675959453,6900.639262580967
1788071432,150,,Aggregated,14.400000,0.100000,7800,8800,9300,9700,11000,12000,13000,13000,14000,20000,20000,2012,3,7800.0,7155.322450995177,27.27283607237041,19962.886675959453,6900.693836978131
1788071433,150,,Aggregated,15.600000,0.100000,7800,8800,9300,9700,11000,12000,13000,13000,14000,20000,20000,2032,3,7800.0,7101.408149323021,27.27283607237041,19962.886675959453,6902.431594488189
1788071434,150,,Aggregated,15.500000,0.100000,7800,8800,9300,9700,11000,12000,13000,13000,14000,20000,20000,2048,3,7800.0,7055.803836536597,27.27283607237041,19962.886675959453,6893.5283203125
1788071435,150,,Aggregated,15.000000,0.100000,7800,8800,9300,9700,11000,12000,13000,13000,20000,29000,29000,2061,3,7800.0,7043.542107888477,27.27283607237041,28705.955551937222,6893.159631246967
1788071436,150,,Aggregated,14.900000,0.100000,7700,8800,9300,9700,11000,12000,13000,13000,20000,29000,29000,2069,3,7700.0,7022.324051976824,27.27283607237041,28705.955551937222,6891.235862735621
1788071437,150,,Aggregated,15.500000,0.100000,7700,8800,9300,9700,11000,12000,13000,13000,27000,29000,29000,2074,3,7700.0,7021.487460441604,27.27283607237041,29371.615526964888,6895.61475409836
1788071438,150,,Aggregated,15.000000,0.100000,7700,8700,9300,9700,11000,12000,13000,13000,29000,31000,31000,2081,3,7700.0,7018.194334286792,27.27283607237041,31123.140600975603,6893.62758289284
1788071439,150,,Aggregated,15.000000,0.100000,7700,8700,9300,9700,11000,12000,13000,13000,29000,31000,31000,2081,3,7700.0,7018.194334286792,27.27283607237041,31123.140600975603,6893.62758289284
1788071440,150,,Aggregated,13.300000,0.100000,7700,8700,9300,9700,11000,12000,13000,13000,29000,33000,33000,2086,5,7700.0,7026.00841098023,27.27283607237041,32500.983439851552,7105.889741131352
1788071441,150,,Aggregated,11.300000,0.100000,7700,8700,9300,9700,11000,12000,13000,13000,29000,33000,33000,2089,7,7700.0,7023.759500354497,27.27283607237041,32500.983439851552,7314.717568214457
1788071442,150,,Aggregated,9.700000,0.000000,7700,8700,9300,9600,11000,12000,13000,13000,29000,33000,33000,2101,15,7700.0,7016.657692245826,27.27283607237041,32500.983439851552,8141.300809138505
1788071443,150,,Aggregated,8.600000,0.200000,7700,8700,9300,9600,11000,12000,13000,13000,29000,33000,33000,2109,18,7700.0,7007.0946974654,27.27283607237041,32500.983439851552,8446.350403034614
1788071444,150,,Aggregated,8.200000,0.400000,7700,8700,9300,9600,11000,12000,13000,13000,31000,37000,37000,2128,28,7700.0,7001.691364451365,27.27283607237041,37068.41550488025,9459.489661654135
1788071445,150,,Aggregated,8.800000,1.200000,7700,8700,9300,9600,11000,12000,13000,13000,31000,37000,37000,2130,29,7700.0,6998.715598145806,27.27283607237041,37068.41550488025,9559.33427230047
1788071446,150,,Aggregated,7.500000,1.500000,7700,8700,9300,9600,11000,12000,13000,14000,37000,39000,39000,2134,30,7700.0,7024.670366455749,27.27283607237041,38503.92532395199,9661.891283973759
1788071447,150,,Aggregated,7.700000,2.500000,7700,8700,9300,9600,11000,12000,13000,14000,37000,39000,39000,2139,34,7700.0,7023.32474018633,27.27283607237041,38503.92532395199,10063.041608228144
1788071448,150,,Aggregated,6.900000,2.600000,7700,8700,9300,9600,11000,12000,13000,14000,39000,40000,40000,2141,34,7700.0,7053.934959164159,27.27283607237041,39948.35713296197,10065.78514712751
1788071449,150,,Aggregated,6.300000,2.700000,7700,8700,9300,9600,11000,12000,13000,14000,39000,40000,40000,2149,40,7700.0,7049.846502929526,27.27283607237041,39948.35713296197,10661.065146579804
1788071451,150,,Aggregated,6.200000,3.100000,7700,8700,9300,9600,11000,12000,13000,14000,40000,42000,42000,2153,42,7700.0,7081.826599269065,27.27283607237041,42208.31553381868,10862.251277287505
1788071452,150,,Aggregated,6.200000,3.100000,7700,8700,9300,9600,11000,12000,13000,14000,40000,42000,42000,2153,42,7700.0,7081.826599269065,27.27283607237041,42208.31553381868,10862.251277287505
1788071453,150,,Aggregated,6.800000,3.700000,7700,8700,9300,9600,11000,12000,13000,14000,42000,43000,43000,2158,44,7700.0,7115.403107497789,27.27283607237041,43301.241762936115,11061.288229842447
1788071454,150,,Aggregated,6.700000,3.700000,7700,8700,9300,9600,11000,12000,13000,14000,42000,43000,43000,2162,46,7700.0,7116.601547056479,27.27283607237041,43301.241762936115,11255.129972247918
1788071455,150,,Aggregated,6.400000,3.500000,7700,8700,9300,9600,11000,12000,13000,14000,44000,45000,45000,2166,46,7700.0,7165.516309109486,27.27283607237041,45021.689617075026,11266.56001846722
1788071456,150,,Aggregated,5.500000,2.900000,7700,8700,9300,9600,11000,12000,13000,14000,44000,45000,45000,2168,46,7700.0,7159.314343023176,27.27283607237041,45021.689617075026,11259.944649446494
1788071457,150,,Aggregated,5.300000,2.800000,7700,8700,9300,9700,11000,12000,13000,14000,44000,45000,45000,2177,54,7700.0,7174.56234232161,27.27283607237041,45021.689617075026,12042.31924666973
1788071458,150,,Aggregated,3.800000,1.800000,7700,8700,9300,9700,11000,12000,13000,14000,44000,45000,45000,2183,58,7700.0,7195.97960386668,27.27283607237041,45293.55288203806,12430.918460833715
1788071459,150,,Aggregated,3.700000,1.700000,7700,8700,9300,9700,11000,12000,13000,14000,45000,49000,49000,2193,65,7700.0,7248.7549175637,27.27283607237041,49147.778859129176,13107.523027815778
1788071460,150,,Aggregated,4.300000,2.400000,7700,8800,9300,9700,11000,12000,13000,14000,45000,49000,49000,2195,66,7700.0,7252.341211766879,27.27283607237041,49147.778859129176,13200.333485193622
1788071461,150,,Aggregated,4.400000,2.400000,7700,8800,9300,9700,11000,12000,13000,14000,47000,49000,49000,2202,71,7700.0,7279.612472019269,27.27283607237041,49147.778859129176,13674.85331516803
1788071462,150,,Aggregated,5.200000,3.100000,7700,8800,9300,9700,11000,12000,13000,20000,48000,49000,49000,2219,80,7700.0,7322.771193302556,27.27283607237041,49257.65434303321,14514.563316809374
1788071463,150,,Aggregated,4.900000,2.900000,7700,8800,9400,9800,11000,12000,13000,27000,49000,52000,52000,2238,91,7700.0,7346.238404329408,27.27283607237041,52254.26653702743,15524.82037533512
1788071464,150,,Aggregated,4.900000,2.900000,7700,8800,9400,9800,11000,12000,13000,29000,49000,52000,52000,2251,97,7700.0,7369.556680190849,27.27283607237041,52254.26653702743,16057.801421590404
1788071465,150,,Aggregated,6.600000,3.800000,7700,8800,9400,9800,11000,12000,13000,37000,51000,52000,52000,2260,97,7700.0,7413.020815163752,27.27283607237041,52254.26653702743,16024.016814159291
1788071466,150,,Aggregated,7.700000,4.600000,7700,8800,9400,9800,11000,12000,13000,38000,51000,53000,53000,2265,97,7700.0,7421.634048096339,27.27283607237041,52823.53628613055,16000.222958057395
1788071467,150,,Aggregated,9.400000,5.100000,7700,8800,9400,9800,11000,12000,13000,39000,52000,53000,53000,2271,97,7700.0,7429.211675356343,27.27283607237041,52823.53628613055,15985.210920299427
1788071468,150,,Aggregated,9.400000,5.100000,7700,8800,9400,9800,11000,12000,13000,39000,52000,53000,53000,2274,99,7700.0,7424.995849017755,27.27283607237041,52823.53628613055,16162.572999120492
1788071469,150,,Aggregated,9.300000,4.300000,7700,8800,9300,9800,11000,12000,13000,39000,52000,53000,53000,2284,105,7700.0,7417.950741368899,27.27283607237041,52823.53628613055,16696.631348511382
1788071470,150,,Aggregated,9.300000,4.300000,7700,8800,9300,9800,11000,12000,13000,39000,52000,53000,53000,2285,106,7700.0,7417.315119420455,27.27283607237041,52823.53628613055,16787.72691466083
1788071471,150,,Aggregated,8.900000,3.800000,7700,8800,9300,9800,11000,12000,13000,40000,53000,54000,54000,2301,110,7700.0,7443.498697823381,27.27283607237041,54297.17399808578,17105.920469361146
1788071472,150,,Aggregated,9.000000,4.000000,7700,8800,9300,9800,11000,12000,14000,41000,54000,58000,58000,2309,111,7700.0,7479.692934715417,27.27283607237041,57611.74021102488,17168.97661325249
1788071473,150,,Aggregated,9.700000,3.900000,7700,8700,9300,9700,11000,12000,14000,41000,54000,58000,58000,2323,120,7700.0,7470.007362633281,27.27283607237041,57611.74021102488,17961.09900990099
1788071474,150,,Aggregated,9.700000,3.900000,7700,8700,9300,9700,11000,12000,14000,41000,54000,58000,58000,2333,123,7700.0,7455.5102184056,27.27283607237041,57611.74021102488,18190.574367766825
1788071475,150,,Aggregated,8.600000,2.900000,7600,8700,9300,9700,11000,12000,14000,41000,54000,58000,58000,2341,124,7600.0,7441.913984174891,27.27283607237041,57611.74021102488,18244.222554463904
1788071476,150,,Aggregated,8.600000,2.900000,7600,8700,9300,9700,11000,12000,14000,42000,58000,59000,59000,2350,131,7600.0,7462.57094148329,27.27283607237041,59197.93154112995,18852.561276595745
1788071477,150,,Aggregated,7.600000,2.600000,7600,8700,9300,9700,11000,12000,14000,42000,58000,59000,59000,2356,133,7600.0,7454.776423531358,27.27283607237041,59197.93154112995,19003.066638370117
1788071478,150,,Aggregated,8.500000,3.400000,7600,8700,9300,9700,11000,12000,14000,44000,59000,59000,59000,2363,133,7600.0,7512.7189686039965,27.27283607237041,59413.81984995678,18974.452391028353
1788071479,150,,Aggregated,8.300000,3.500000,7600,8700,9300,9700,11000,12000,14000,45000,59000,60000,60000,2371,137,7600.0,7550.860294140394,27.27283607237041,59574.61451180279,19305.404892450442
1788071480,150,,Aggregated,8.300000,3.500000,7600,8700,9300,9700,11000,12000,14000,47000,60000,61000,61000,2373,137,7600.0,7595.4277146283175,27.27283607237041,60574.68072511256,19300.08891698272
1788071481,150,,Aggregated,8.800000,3.400000,7600,8700,9300,9700,11000,12000,14000,48000,60000,62000,62000,2384,140,7600.0,7607.915231932842,27.27283607237041,62018.17582803778,19510.95889261745
1788071482,150,,Aggregated,8.800000,3.100000,7600,8700,9300,9700,11000,12000,14000,49000,61000,62000,62000,2388,140,7600.0,7650.623659033025,27.27283607237041,62018.17582803778,19489.957705192628
1788071483,150,,Aggregated,8.200000,3.000000,7600,8700,9300,9700,11000,12000,14000,49000,62000,63000,63000,2401,149,7600.0,7673.185277271849,27.27283607237041,63263.79501493648,20240.336526447314
1788071484,150,,Aggregated,8.200000,3.000000,7600,8700,9300,9700,11000,12000,14000,49000,62000,63000,63000,2403,150,7600.0,7695.368698760539,27.27283607237041,63263.79501493648,20322.525176862255
1788071485,150,,Aggregated,7.800000,2.800000,7600,8700,9300,9700,11000,12000,20000,49000,62000,64000,64000,2415,154,7600.0,7711.488171415241,27.27283607237041,64179.53421897255,20618.96977225673
1788071486,150,,Aggregated,7.000000,2.700000,7600,8700,9300,9700,11000,12000,27000,49000,63000,65000,65000,2423,155,7600.0,7727.946416816303,27.27283607237041,64513.50516011007,20670.082955014444
1788071487,150,,Aggregated,7.500000,3.000000,7600,8700,9300,9700,11000,12000,33000,52000,65000,67000,67000,2430,157,7600.0,7821.901281866244,27.27283607237041,66739.43317891099,20819.63621399177
1788071488,150,,Aggregated,7.000000,2.400000,7600,8700,9300,9700,11000,12000,38000,54000,66000,67000,67000,2437,159,7600.0,7868.149576647246,27.27283607237041,66739.43317891099,20961.30898645876
1788071489,150,,Aggregated,7.000000,2.400000,7600,8700,9300,9800,11000,12000,39000,54000,66000,68000,68000,2439,159,7600.0,7891.701788826329,27.27283607237041,67752.82081309706,20949.948339483395
1788071490,150,,Aggregated,7.400000,2.400000,7600,8700,9300,9800,11000,12000,40000,58000,67000,69000,69000,2456,167,7600.0,7965.330327871349,27.27283607237041,69181.37159594335,21568.10016286645
1788071491,150,,Aggregated,7.400000,2.400000,7600,8700,9300,9800,11000,12000,41000,58000,68000,69000,69000,2466,171,7600.0,7985.7141480178625,27.27283607237041,69181.37159594335,21859.360502838605
1788071492,150,,Aggregated,7.400000,2.800000,7600,8700,9300,9800,11000,12000,43000,59000,68000,69000,69000,2482,177,7600.0,8050.979609324944,27.27283607237041,69181.37159594335,22290.114020950845
1788071493,150,,Aggregated,8.500000,3.100000,7600,8700,9300,9800,11000,12000,47000,61000,68000,69000,69000,2499,181,7600.0,8150.649775147483,27.27283607237041,69181.37159594335,22541.60544217687
1788071494,150,,Aggregated,9.100000,3.700000,7600,8700,9300,9800,11000,12000,47000,61000,68000,69000,69000,2513,184,7600.0,8147.951092786064,27.27283607237041,69181.37159594335,22723.795463589337
1788071495,150,,Aggregated,9.600000,3.300000,7600,8700,9300,9800,11000,13000,49000,63000,68000,71000,71000,2529,187,7600.0,8244.220856586464,27.27283607237041,70909.96880899183,22891.816132858836
1788071496,150,,Aggregated,10.700000,3.300000,7600,8700,9300,9800,11000,13000,49000,63000,68000,71000,71000,2540,187,7600.0,8240.064844445107,27.27283607237041,70909.96880899183,22821.744488188975
1788071497,150,,Aggregated,11.300000,3.300000,7600,8700,9300,9800,11000,13000,49000,63000,68000,71000,71000,2549,187,7600.0,8218.294149890758,27.27283607237041,70909.96880899183,22762.06041584935
1788071498,150,,Aggregated,11.400000,3.200000,7600,8700,9300,9800,11000,13000,52000,64000,68000,71000,71000,2563,187,7600.0,8286.252577075747,27.27283607237041,70909.96880899183,22682.72649239173
1788071499,150,,Aggregated,11.300000,3.100000,7500,8700,9300,9800,11000,13000,57000,65000,68000,71000,71000,2582,187,7500.0,8363.61387841205,27.27283607237041,70909.96880899183,22566.95933384973
1788071500,150,,Aggregated,12.200000,3.000000,7500,8700,9300,9800,11000,13000,58000,66000,69000,71000,71000,2592,187,7500.0,8413.734853238577,27.27283607237041,70909.96880899183,22520.440200617282
1788071501,150,,Aggregated,13.400000,2.800000,7500,8700,9300,9800,11000,13000,58000,66000,69000,71000,71000,2600,188,7500.0,8395.26970789939,27.27283607237041,70909.96880899183,22552.85653846154
1788071502,150,,Aggregated,13.800000,2.200000,7500,8700,9300,9800,11000,13000,59000,66000,69000,71000,71000,2619,192,7500.0,8452.659808605655,27.27283607237041,70909.96880899183,22772.199312714776
1788071503,150,,Aggregated,12.600000,1.600000,7500,8700,9300,9800,11000,13000,61000,66000,69000,72000,72000,2630,193,7500.0,8529.215803587405,27.27283607237041,71920.55664910004,22814.9680608365
1788071504,150,,Aggregated,13.900000,1.400000,7500,8600,9300,9800,11000,13000,61000,66000,69000,72000,72000,2650,193,7500.0,8507.821440645504,27.27283607237041,71920.55664910004,22686.075471698114
1788071505,150,,Aggregated,13.400000,1.300000,7400,8600,9300,9700,11000,13000,61000,66000,69000,72000,72000,2668,194,7400.0,8461.139888231177,27.27283607237041,71920.55664910004,22593.239130434784
1788071506,150,,Aggregated,13.100000,1.000000,7400,8600,9300,9700,11000,13000,61000,66000,69000,72000,72000,2682,194,7400.0,8423.054832698022,27.27283607237041,71920.55664910004,22497.527964205816
1788071507,150,,Aggregated,13.600000,0.700000,7400,8600,9300,9700,11000,13000,61000,66000,69000,72000,72000,2692,195,7400.0,8396.149968275657,27.27283607237041,71920.55664910004,22528.97585438336
1788071508,150,,Aggregated,13.600000,0.700000,7400,8600,9300,9700,11000,13000,61000,66000,69000,72000,72000,2692,195,7400.0,8396.149968275657,27.27283607237041,71920.55664910004,22528.97585438336
1788071509,150,,Aggregated,14.600000,0.700000,7400,8600,9300,9700,11000,13000,61000,66000,69000,72000,72000,2699,195,7400.0,8421.13490500326,27.27283607237041,71920.55664910004,22489.935161170804
1788071510,150,,Aggregated,13.600000,0.800000,7400,8600,9300,9700,11000,13000,61000,66000,69000,72000,72000,2701,196,7400.0,8417.119798457905,27.27283607237041,71920.55664910004,22558.975564605702
1788071511,150,,Aggregated,13.600000,0.800000,7400,8600,9300,9700,11000,13000,61000,66000,69000,72000,72000,2703,196,7400.0,8433.54712579756,27.27283607237041,71920.55664910004,22549.485386607474
1788071512,150,,Aggregated,11.500000,0.900000,7400,8600,9300,9700,11000,13000,61000,66000,69000,72000,72000,2711,199,7400.0,8421.18463939251,27.27283607237041,71920.55664910004,22740.558465510883
1788071513,150,,Aggregated,11.500000,0.900000,7400,8600,9300,9700,11000,13000,61000,66000,69000,72000,72000,2713,200,7400.0,8417.547096827439,27.27283607237041,71920.55664910004,22808.202727607815
1788071514,150,,Aggregated,9.100000,0.600000,7400,8600,9300,9700,11000,13000,61000,66000,69000,72000,72000,2719,205,7400.0,8415.251122891044,27.27283607237041,71920.55664910004,23173.959176167707
1788071515,150,,Aggregated,8.400000,0.700000,7400,8600,9300,9700,11000,13000,61000,66000,69000,72000,72000,2725,210,7400.0,8414.37798611735,27.27283607237041,71920.55664910004,23539.817614678897
1788071516,150,,Aggregated,7.600000,1.000000,7400,8600,9300,9700,11000,13000,61000,66000,69000,72000,72000,2736,217,7400.0,8410.366571512186,27.27283607237041,71920.55664910004,24029.329678362574
1788071517,150,,Aggregated,6.100000,1.400000,7400,8600,9300,9700,11000,13000,61000,66000,69000,72000,72000,2746,221,7400.0,8408.701150962319,27.27283607237041,71920.55664910004,24280.928259286233
1788071518,150,,Aggregated,5.700000,2.000000,7400,8600,9300,9700,11000,13000,61000,66000,69000,72000,72000,2760,225,7400.0,8416.38473912752,27.27283607237041,71920.55664910004,24510.23115942029
1788071519,150,,Aggregated,4.800000,2.300000,7400,8600,9300,9700,11000,13000,61000,66000,69000,72000,72000,2778,236,7400.0,8398.353372843168,27.27283607237041,71920.55664910004,25259.296616270698
1788071520,150,,Aggregated,6.400000,2.600000,7400,8600,9300,9700,11000,13000,61000,66000,69000,72000,72000,2784,237,7400.0,8407.164776159174,27.27283607237041,71920.55664910004,25299.74173850575
1788071521,150,,Aggregated,7.000000,3.500000,7400,8600,9300,9700,11000,13000,61000,66000,69000,72000,72000,2788,237,7400.0,8419.417597298849,27.27283607237041,71920.55664910004,25275.789096126256
1788071522,150,,Aggregated,8.300000,4.100000,7400,8600,9300,9700,11000,13000,61000,66000,69000,72000,72000,2792,238,7300.0,8411.402614972858,27.27283607237041,71920.55664910004,25324.847421203438
1788071523,150,,Aggregated,8.100000,4.100000,7400,8600,9300,9700,11000,13000,61000,66000,69000,72000,72000,2794,238,7300.0,8428.307400106038,27.27283607237041,71920.55664910004,25315.435934144596
1788071524,150,,Aggregated,8.200000,4.000000,7400,8600,9300,9700,11000,13000,61000,66000,69000,72000,72000,2800,240,7400.0,8462.52787193467,27.27283607237041,71920.55664910004,25435.819642857143
1788071525,150,,Aggregated,8.000000,3.800000,7400,8600,9300,9700,11000,13000,61000,66000,69000,72000,72000,2803,242,7400.0,8461.952494569094,27.27283607237041,71920.55664910004,25571.384231180877
1788071526,150,,Aggregated,8.000000,3.600000,7400,8600,9300,9700,11000,13000,61000,66000,69000,72000,72000,2812,246,7400.0,8475.321730446549,27.27283607237041,71920.55664910004,25822.911095305833
1788071527,150,,Aggregated,7.900000,3.300000,7400,8600,9300,9700,11000,13000,62000,66000,69000,72000,72000,2816,246,7400.0,8508.350234710148,27.27283607237041,71920.55664910004,25808.01775568182
1788071528,150,,Aggregated,7.600000,3.100000,7400,8600,9300,9700,11000,13000,62000,66000,69000,72000,72000,2820,249,7400.0,8508.784993146706,27.27283607237041,71920.55664910004,26013.690070921984
1788071529,150,,Aggregated,7.600000,2.900000,7400,8600,9300,9700,11000,13000,62000,66000,69000,72000,72000,2822,251,7400.0,8509.487354827952,27.27283607237041,71920.55664910004,26154.60985116938
1788071530,150,,Aggregated,6.100000,2.600000,7400,8600,9300,9700,11000,13000,62000,66000,69000,72000,72000,2835,260,7400.0,8533.097470620893,27.27283607237041,71920.55664910004,26760.594356261023
1788071531,150,,Aggregated,5.300000,1.900000,7400,8600,9300,9700,11000,13000,62000,66000,69000,72000,72000,2852,271,7400.0,8552.791149144206,27.27283607237041,71920.55664910004,27484.5213884993
1788071532,150,,Aggregated,4.400000,1.800000,7400,8600,9300,9700,11000,13000,62000,66000,69000,72000,72000,2870,278,7400.0,8603.71737646156,27.27283607237041,71920.55664910004,27891.757839721253
1788071533,150,,Aggregated,5.400000,2.500000,7400,8600,9300,9700,11000,13000,62000,66000,69000,72000,72000,2888,284,7400.0,8592.100228557865,27.27283607237041,71920.55664910004,28210.92382271468
1788071534,150,,Aggregated,6.900000,3.600000,7400,8600,9300,9700,11000,13000,63000,66000,69000,72000,72000,2895,284,7400.0,8595.821369593306,27.27283607237041,71920.55664910004,28169.7609671848
1788071535,150,,Aggregated,8.500000,4.200000,7400,8600,9300,9700,11000,13000,62000,66000,69000,72000,72000,2904,286,7400.0,8596.49804114354,27.27283607237041,71920.55664910004,28261.822314049587
1788071536,150,,Aggregated,9.400000,4.500000,7400,8600,9300,9700,11000,13000,63000,66000,69000,72000,72000,2913,286,7400.0,8595.416797288977,27.27283607237041,71920.55664910004,28193.659457603844
1788071537,150,,Aggregated,9.600000,4.400000,7400,8600,9300,9700,11000,13000,63000,66000,69000,72000,72000,2917,286,7400.0,8626.731658974282,27.27283607237041,71920.55664910004,28170.074734316077
1788071538,150,,Aggregated,9.800000,4.100000,7300,8600,9300,9700,11000,13000,63000,66000,69000,72000,72000,2924,289,7300.0,8614.40346900374,27.27283607237041,71920.55664910004,28339.64021887825
1788071539,150,,Aggregated,10.100000,4.000000,7300,8600,9300,9700,11000,13000,63000,66000,69000,72000,72000,2927,289,7300.0,8607.850611137335,27.27283607237041,71920.55664910004,28316.640587632388
1788071540,150,,Aggregated,10.100000,4.000000,7300,8600,9300,9700,11000,13000,63000,66000,69000,72000,72000,2932,293,7300.0,8603.710105675962,27.27283607237041,71920.55664910004,28578.922919508866
1788071541,150,,Aggregated,10.500000,4.000000,7300,8600,9300,9700,11000,13000,63000,66000,69000,72000,72000,2938,293,7300.0,8631.071371509208,27.27283607237041,71920.55664910004,28537.592579986383
1788071542,150,,Aggregated,10.000000,3.400000,7300,8600,9300,9700,11000,13000,63000,66000,69000,72000,72000,2942,294,7300.0,8642.055427211377,27.27283607237041,71920.55664910004,28581.873895309313
1788071543,150,,Aggregated,9.400000,3.100000,7300,8600,9300,9700,11000,13000,63000,66000,69000,72000,72000,2946,297,7300.0,8639.085705996202,27.27283607237041,71920.55664910004,28782.53224711473
1788071544,150,,Aggregated,8.000000,2.000000,7300,8600,9300,9700,11000,13000,63000,66000,69000,72000,72000,2959,300,7300.0,8665.553027502505,27.27283607237041,71920.55664910004,28909.98884758364
1788071545,150,,Aggregated,6.500000,1.400000,7300,8600,9300,9700,11000,13000,63000,66000,69000,72000,72000,2965,302,7300.0,8675.077067965321,27.27283607237041,71920.55664910004,29010.681956155142
1788071546,150,,Aggregated,5.600000,1.300000,7300,8600,9300,9700,11000,13000,63000,66000,69000,72000,72000,2966,302,7300.0,8694.827942320304,27.27283607237041,71920.55664910004,29005.282535401213
1788071547,150,,Aggregated,6.400000,1.600000,7300,8600,9300,9700,11000,13000,63000,66000,69000,72000,72000,2972,307,7300.0,8695.85427929955,27.27283607237041,71920.55664910004,29326.836473755047
1788071548,150,,Aggregated,5.900000,1.600000,7300,8600,9300,9700,11000,13000,63000,66000,69000,72000,72000,2981,311,7300.0,8696.335931290932,27.27283607237041,71920.55664910004,29551.655149278766
1788071549,150,,Aggregated,5.300000,1.600000,7400,8600,9300,9700,11000,13000,63000,66000,69000,72000,72000,3000,321,7400.0,8695.848066799439,27.27283607237041,71920.55664910004,30133.618
1788071550,150,,Aggregated,5.400000,2.000000,7400,8600,9300,9800,11000,13000,63000,66000,69000,72000,72000,3023,329,7400.0,8799.579521024996,27.27283607237041,71920.55664910004,30543.4875951042
1788071551,150,,Aggregated,5.800000,2.200000,7400,8600,9300,9800,11000,13000,63000,66000,71000,72000,72000,3039,333,7400.0,8875.566152634436,27.27283607237041,72016.61771698855,30709.466929911156
1788071552,150,,Aggregated,7.300000,3.200000,7300,8600,9300,9800,11000,14000,63000,66000,71000,72000,72000,3056,336,7300.0,8895.537075512735,27.27283607237041,72016.61771698855,30788.328861256545
1788071553,150,,Aggregated,9.200000,3.600000,7300,8600,9300,9800,11000,14000,64000,66000,71000,72000,72000,3075,336,7300.0,8986.407524705468,27.27283607237041,72016.61771698855,30652.191544715446
1788071554,150,,Aggregated,10.100000,4.000000,7300,8600,9300,9800,11000,14000,64000,66000,71000,72000,72000,3079,336,7300.0,8976.427810617884,27.27283607237041,72016.61771698855,30627.439103605066
1788071555,150,,Aggregated,11.300000,4.200000,7300,8600,9300,9800,11000,14000,64000,66000,71000,72000,72000,3085,336,7300.0,9001.163184534966,27.27283607237041,72016.61771698855,30580.520583468395
1788071556,150,,Aggregated,12.800000,3.900000,7300,8600,9300,9800,11000,14000,64000,66000,71000,72000,72000,3097,336,7300.0,9011.965742747478,27.27283607237041,72016.61771698855,30497.947691314173
1788071558,150,,Aggregated,12.000000,3.600000,7300,8600,9300,9800,11000,14000,64000,66000,71000,72000,72000,3115,336,7300.0,8988.95968661315,27.27283607237041,72016.61771698855,30369.386195826646
1788071559,150,,Aggregated,12.000000,3.400000,7300,8600,9300,9800,11000,14000,64000,66000,71000,72000,72000,3119,336,7300.0,9016.625933897074,27.27283607237041,72016.61771698855,30341.6187880731
1788071560,150,,Aggregated,13.100000,3.400000,7300,8600,9300,9800,11000,27000,64000,66000,71000,72000,72000,3129,337,7300.0,9053.86444983716,27.27283607237041,72016.61771698855,30339.28859060403
1788071561,150,,Aggregated,13.600000,2.500000,7300,8600,9300,9800,11000,29000,64000,66000,71000,72000,72000,3134,338,7300.0,9064.144454640606,27.27283607237041,72016.61771698855,30370.3410976388
1788071562,150,,Aggregated,13.600000,2.500000,7300,8600,9300,9800,11000,33000,64000,66000,71000,72000,72000,3147,339,7300.0,9115.687089409557,27.27283607237041,72016.61771698855,30349.245948522403
1788071563,150,,Aggregated,10.900000,0.900000,7300,8600,9300,9800,11000,38000,64000,66000,71000,72000,72000,3164,347,7300.0,9151.163770420964,27.27283607237041,72016.61771698855,30781.43710493047
1788071564,150,,Aggregated,10.700000,0.600000,7300,8600,9300,9800,11000,38000,64000,66000,71000,72000,72000,3176,349,7300.0,9133.303381531305,27.27283607237041,72016.61771698855,30822.23740554156
1788071565,150,,Aggregated,10.700000,1.100000,7200,8600,9300,9800,11000,41000,64000,66000,71000,72000,72000,3199,354,7200.0,9185.100483543898,27.27283607237041,72016.61771698855,31003.465145357924
1788071566,150,,Aggregated,10.000000,1.200000,7200,8600,9300,9800,11000,40000,64000,66000,71000,72000,72000,3213,354,7200.0,9150.665641565443,27.27283607237041,72016.61771698855,30899.010270774976
1788071567,150,,Aggregated,11.600000,1.800000,7200,8600,9300,9800,11000,41000,64000,66000,71000,72000,72000,3220,354,7200.0,9152.017729148292,27.27283607237041,72016.61771698855,30846.802795031057
1788071568,150,,Aggregated,12.700000,1.800000,7200,8600,9300,9800,11000,40000,64000,66000,71000,72000,72000,3229,354,7200.0,9130.315464555659,27.27283607237041,72016.61771698855,30776.121399814183
1788071569,150,,Aggregated,12.700000,1.800000,7200,8500,9300,9800,11000,40000,64000,66000,71000,72000,72000,3244,359,7200.0,9120.951370221579,27.27283607237041,72016.61771698855,31000.153205918617
1788071570,150,,Aggregated,11.200000,1.800000,7200,8500,9300,9800,11000,43000,64000,66000,71000,72000,72000,3257,359,7200.0,9165.866126566365,27.27283607237041,72016.61771698855,30910.963156278784
1788071571,150,,Aggregated,12.500000,2.300000,7100,8500,9300,9800,11000,44000,64000,66000,71000,72000,72000,3272,359,7100.0,9168.965295365128,27.27283607237041,72016.61771698855,30809.433068459657
1788071572,150,,Aggregated,12.500000,2.300000,7100,8500,9300,9800,11000,44000,64000,66000,71000,72000,72000,3278,359,7100.0,9174.944761364968,27.27283607237041,72016.61771698855,30764.991458206223
1788071573,150,,Aggregated,12.700000,2.200000,7100,8500,9300,9800,11000,44000,64000,66000,71000,72000,72000,3280,359,7100.0,9170.525096741832,27.27283607237041,72016.61771698855,30750.40487804878
1788071574,150,,Aggregated,13.700000,2.100000,7100,8500,9300,9800,11000,44000,64000,66000,71000,72000,72000,3285,359,7100.0,9181.63910639251,27.27283607237041,72016.61771698855,30712.131202435314
1788071575,150,,Aggregated,11.700000,1.200000,7100,8500,9300,9700,11000,44000,64000,66000,71000,72000,72000,3304,366,7100.0,9153.76156818603,27.27283607237041,72016.61771698855,31044.26694915254
1788071576,150,,Aggregated,11.700000,1.200000,7100,8500,9300,9700,11000,44000,64000,66000,71000,72000,72000,3313,366,7100.0,9153.002292613777,27.27283607237041,72016.61771698855,30975.5143374585
1788071577,150,,Aggregated,11.000000,1.100000,7100,8500,9300,9700,11000,44000,64000,66000,71000,72000,72000,3315,366,7100.0,9148.685393394737,27.27283607237041,72016.61771698855,30961.63076923077
1788071578,150,,Aggregated,11.000000,1.100000,7100,8500,9300,9700,11000,44000,64000,66000,71000,72000,72000,3315,366,7100.0,9148.685393394737,27.27283607237041,72016.61771698855,30961.63076923077
1788071579,150,,Aggregated,9.700000,1.200000,7100,8500,9200,9700,11000,44000,64000,66000,71000,72000,72000,3328,375,7000.0,9141.111718181295,27.27283607237041,72016.61771698855,31455.892127403848
1788071580,150,,Aggregated,8.800000,1.200000,7000,8500,9200,9700,11000,44000,64000,66000,71000,72000,72000,3336,379,7000.0,9132.567951878882,27.27283607237041,72016.61771698855,31657.981414868107
1788071581,150,,Aggregated,7.600000,0.800000,7000,8500,9200,9700,11000,44000,64000,66000,71000,72000,72000,3362,389,7000.0,9149.194253942676,27.27283607237041,72016.61771698855,32117.84562760262
1788071582,150,,Aggregated,7.600000,0.800000,7000,8500,9200,9700,11000,45000,64000,66000,71000,72000,72000,3368,389,7000.0,9154.609305902954,27.27283607237041,72016.61771698855,32074.437351543944
1788071583,150,,Aggregated,8.200000,2.500000,7000,8500,9200,9700,11000,45000,64000,66000,71000,72000,72000,3370,390,7000.0,9151.486372149588,27.27283607237041,72016.61771698855,32123.699703264094
1788071584,150,,Aggregated,9.000000,3.000000,7000,8500,9200,9700,11000,45000,64000,66000,71000,72000,72000,3374,391,7000.0,9161.828796672562,27.27283607237041,72016.61771698855,32160.56372258447
1788071585,150,,Aggregated,8.900000,3.000000,7000,8500,9200,9700,11000,47000,64000,66000,71000,72000,72000,3377,391,7000.0,9171.968887497273,27.27283607237041,72016.61771698855,32140.459283387623
1788071586,150,,Aggregated,8.700000,3.100000,7000,8500,9200,9700,11000,45000,64000,66000,71000,72000,72000,3385,398,7000.0,9166.179232011276,27.27283607237041,72016.61771698855,32530.45435745938
1788071587,150,,Aggregated,8.700000,3.100000,7000,8500,9200,9700,11000,47000,64000,66000,71000,72000,72000,3387,398,7000.0,9179.553886354935,27.27283607237041,72016.61771698855,32524.16297608503
1788071588,150,,Aggregated,6.900000,3.000000,7000,8400,9200,9700,11000,45000,64000,66000,71000,72000,72000,3404,404,7000.0,9159.269659763424,27.27283607237041,72016.61771698855,32781.219153936545
1788071589,150,,Aggregated,7.200000,3.200000,7000,8400,9200,9700,11000,48000,64000,66000,71000,72000,72000,3414,407,7000.0,9198.110708932898,27.27283607237041,72016.61771698855,32899.68804920914
1788071590,150,,Aggregated,7.200000,3.200000,7000,8400,9200,9700,11000,48000,64000,66000,71000,72000,72000,3417,408,7000.0,9194.023749566511,27.27283607237041,72016.61771698855,32940.7111501317
1788071591,150,,Aggregated,8.900000,3.700000,7000,8400,9200,9700,11000,48000,64000,66000,71000,72000,72000,3425,410,7000.0,9201.83578478826,27.27283607237041,72016.61771698855,33007.169343065696
1788071592,150,,Aggregated,8.800000,3.200000,7000,8400,9200,9700,11000,48000,64000,66000,71000,72000,72000,3427,411,7000.0,9199.765059624058,27.27283607237041,72016.61771698855,33056.10592354829
1788071593,150,,Aggregated,7.100000,2.500000,7000,8400,9200,9700,11000,48000,64000,66000,71000,72000,72000,3436,418,7000.0,9196.674155027747,27.27283607237041,72016.61771698855,33432.64697322468
1788071594,150,,Aggregated,7.100000,2.500000,7000,8400,9200,9700,11000,48000,64000,66000,71000,72000,72000,3436,418,7000.0,9196.674155027747,27.27283607237041,72016.61771698855,33432.64697322468
1788071595,150,,Aggregated,6.400000,2.600000,7000,8400,9200,9700,11000,49000,64000,66000,71000,72000,72000,3455,426,7000.0,9213.789372095056,27.27283607237041,72016.61771698855,33795.25991316932
1788071596,150,,Aggregated,6.400000,2.800000,7000,8400,9200,9700,11000,49000,64000,66000,71000,72000,72000,3461,426,7000.0,9218.441603542427,27.27283607237041,72016.61771698855,33745.140421843396
1788071597,150,,Aggregated,6.400000,2.800000,7000,8400,9200,9700,11000,49000,64000,66000,71000,72000,72000,3462,426,7000.0,9233.88375787385,27.27283607237041,72016.61771698855,33739.16897746967
1788071598,150,,Aggregated,7.600000,3.000000,7000,8400,9200,9700,11000,49000,64000,66000,71000,72000,72000,3475,432,7000.0,9227.575606024237,27.27283607237041,72016.61771698855,34018.8109352518
1788071599,150,,Aggregated,7.500000,2.800000,7000,8400,9200,9700,11000,49000,64000,66000,71000,72000,72000,3483,437,7000.0,9223.17511662938,27.27283607237041,72016.61771698855,34267.38644846397
1788071600,150,,Aggregated,6.300000,2.500000,7000,8400,9200,9700,11000,49000,64000,66000,71000,72000,72000,3491,441,7000.0,9218.14004119079,27.27283607237041,72016.61771698855,34454.08307075337
1788071601,150,,Aggregated,6.900000,3.100000,7000,8500,9200,9700,11000,49000,64000,66000,71000,72000,72000,3503,448,7000.0,9227.838377749313,27.27283607237041,72016.61771698855,34795.16642877534
1788071602,150,,Aggregated,7.200000,3.300000,7000,8500,9200,9700,11000,51000,64000,66000,71000,72000,72000,3515,448,7000.0,9273.629330118905,27.27283607237041,72016.61771698855,34704.723186344236
1788071603,150,,Aggregated,7.500000,3.600000,7000,8500,9200,9700,11000,51000,64000,66000,71000,72000,72000,3519,448,7000.0,9280.917135659325,27.27283607237041,72016.61771698855,34671.89599317988
1788071604,150,,Aggregated,7.500000,3.600000,7000,8500,9200,9700,11000,51000,64000,66000,71000,72000,72000,3519,448,7000.0,9280.917135659325,27.27283607237041,72016.61771698855,34671.89599317988
1788071605,150,,Aggregated,8.500000,3.300000,7000,8500,9200,9700,11000,51000,64000,66000,71000,72000,72000,3530,455,7000.0,9281.180646279754,27.27283607237041,72016.61771698855,35017.037110481586
1788071606,150,,Aggregated,8.300000,3.000000,7000,8500,9200,9700,11000,51000,64000,66000,71000,72000,72000,3541,456,7000.0,9303.45848819796,27.27283607237041,72016.61771698855,34995.09178198249
1788071607,150,,Aggregated,7.300000,2.700000,7000,8500,9200,9700,11000,52000,64000,66000,71000,72000,72000,3561,466,7000.0,9318.991105697209,27.27283607237041,72016.61771698855,35450.23645043527
1788071608,150,,Aggregated,7.600000,3.000000,7000,8400,9200,9700,11000,52000,64000,66000,71000,72000,72000,3583,470,7000.0,9314.915822591445,27.27283607237041,72016.61771698855,35520.35417248116
1788071609,150,,Aggregated,9.100000,3.800000,7000,8400,9200,9700,12000,53000,64000,66000,71000,72000,72000,3589,470,7000.0,9317.44524387578,27.27283607237041,72016.61771698855,35484.139314572305
1788071610,150,,Aggregated,10.700000,4.200000,7000,8400,9200,9700,11000,52000,64000,66000,71000,72000,72000,3604,478,7000.0,9293.981909478109,27.27283607237041,72016.61771698855,35845.632352941175
1788071611,150,,Aggregated,11.000000,3.500000,7000,8400,9200,9700,12000,54000,64000,66000,71000,72000,72000,3609,478,7000.0,9315.560838807458,27.27283607237041,72016.61771698855,35808.37018564699
1788071612,150,,Aggregated,10.300000,3.200000,6900,8400,9200,9700,12000,56000,64000,66000,71000,72000,72000,3619,478,6900.0,9326.05615195323,27.27283607237041,72016.61771698855,35726.31417518652
1788071613,150,,Aggregated,10.300000,3.200000,6900,8400,9200,9700,12000,56000,64000,66000,71000,72000,72000,3621,478,6900.0,9337.530591534272,27.27283607237041,72016.61771698855,35710.428887047776
1788071614,150,,Aggregated,10.000000,3.000000,6900,8400,9200,9700,12000,57000,64000,66000,71000,72000,72000,3632,478,6900.0,9382.10878250975,27.27283607237041,72016.61771698855,35625.22714757709
1788071615,150,,Aggregated,10.300000,3.000000,6900,8400,9200,9700,12000,57000,64000,66000,71000,72000,72000,3634,478,6900.0,9378.171860027054,27.27283607237041,72016.61771698855,35607.57539900936
1788071616,150,,Aggregated,10.900000,3.000000,6900,8400,9200,9700,12000,57000,64000,66000,71000,72000,72000,3638,478,6900.0,9388.868592560852,27.27283607237041,72016.61771698855,35578.503298515665
1788071617,150,,Aggregated,10.700000,2.500000,6900,8400,9200,9700,12000,57000,64000,66000,71000,72000,72000,3646,484,6900.0,9383.442961211551,27.27283607237041,72016.61771698855,35874.16319253977
1788071618,150,,Aggregated,10.200000,2.200000,7000,8400,9200,9700,12000,57000,64000,66000,71000,72000,72000,3657,492,7000.0,9375.985227668367,27.27283607237041,72016.61771698855,36263.157232704405
1788071619,150,,Aggregated,10.200000,2.200000,6900,8400,9200,9700,12000,57000,64000,66000,71000,72000,72000,3660,492,6900.0,9372.160682819735,27.27283607237041,72016.61771698855,36237.75846994536
1788071620,150,,Aggregated,7.800000,1.700000,6900,8400,9200,9700,12000,57000,64000,66000,71000,72000,72000,3676,493,6900.0,9386.871446675044,27.27283607237041,72016.61771698855,36168.5027203482
1788071621,150,,Aggregated,7.200000,2.200000,6900,8400,9200,9700,12000,57000,64000,67000,71000,72000,72000,3687,498,6900.0,9463.563065017492,27.27283607237041,72016.61771698855,36384.60320043396
1788071622,150,,Aggregated,7.500000,2.000000,6900,8400,9200,9700,12000,58000,64000,67000,71000,72000,72000,3713,508,6900.0,9533.49590676758,27.27283607237041,72016.61771698855,36774.13412335039
1788071623,150,,Aggregated,7.400000,1.700000,6900,8400,9200,9700,12000,58000,65000,67000,71000,72000,72000,3743,509,6900.0,9590.62279754008,27.27283607237041,72016.61771698855,36596.04995992519
1788071624,150,,Aggregated,8.700000,2.500000,6900,8400,9200,9700,12000,59000,65000,67000,71000,72000,72000,3762,509,6900.0,9597.554646417491,27.27283607237041,72016.61771698855,36441.24508240298
1788071625,150,,Aggregated,10.400000,3.100000,6900,8400,9200,9700,12000,59000,65000,67000,71000,72000,72000,3776,509,6900.0,9597.371245905262,27.27283607237041,72016.61771698855,36337.26271186441
1788071626,150,,Aggregated,12.300000,3.100000,6900,8400,9200,9700,12000,59000,65000,67000,71000,72000,72000,3783,509,6900.0,9644.796687680662,27.27283607237041,72016.61771698855,36287.74781919112
1788071627,150,,Aggregated,13.700000,3.100000,6900,8400,9200,9700,12000,59000,65000,67000,71000,72000,72000,3798,510,6900.0,9645.056516633034,27.27283607237041,72016.61771698855,36165.99789362823
1788071628,150,,Aggregated,14.100000,3.100000,6900,8400,9200,9700,12000,59000,65000,67000,71000,72000,72000,3811,510,6900.0,9648.538032298664,27.27283607237041,72016.61771698855,36075.76961427447
1788071629,150,,Aggregated,14.800000,3.100000,6900,8400,9200,9700,12000,59000,65000,67000,71000,72000,72000,3820,510,6900.0,9645.320386707144,27.27283607237041,72016.61771698855,36000.18481675393
1788071630,150,,Aggregated,15.200000,2.300000,6900,8400,9200,9700,12000,59000,65000,67000,71000,72000,72000,3828,510,6900.0,9630.477995586496,27.27283607237041,72016.61771698855,35936.35762800418
1788071631,150,,Aggregated,15.400000,1.800000,6900,8400,9200,9700,12000,59000,65000,67000,71000,72000,72000,3835,510,6900.0,9649.462290416755,27.27283607237041,72016.61771698855,35893.16114732725
1788071632,150,,Aggregated,15.400000,1.700000,6800,8400,9200,9700,12000,59000,65000,67000,71000,72000,72000,3844,510,6800.0,9651.595008139362,27.27283607237041,72016.61771698855,35822.37799167534
1788071633,150,,Aggregated,14.800000,1.500000,6900,8400,9200,9700,12000,59000,65000,67000,71000,72000,72000,3849,510,6900.0,9704.214543705344,27.27283607237041,72016.61771698855,35791.0737853988
1788071634,150,,Aggregated,14.000000,0.700000,6800,8400,9200,9700,12000,59000,65000,67000,71000,72000,72000,3871,513,6800.0,9689.184419530007,27.27283607237041,72016.61771698855,35802.105140790496
1788071635,150,,Aggregated,12.000000,0.100000,6800,8400,9200,9700,12000,59000,65000,67000,71000,72000,72000,3896,518,6800.0,9652.255910256308,27.27283607237041,72016.61771698855,35889.93685831622
1788071636,150,,Aggregated,10.100000,0.100000,6800,8300,9200,9700,12000,59000,65000,67000,71000,72000,72000,3908,519,6800.0,9641.774848691568,27.27283607237041,72016.61771698855,35854.35312180143
1788071637,150,,Aggregated,11.200000,0.900000,6800,8300,9200,9700,12000,59000,65000,67000,71000,72000,72000,3915,519,6800.0,9656.454490970691,27.27283607237041,72016.61771698855,35805.47151979566
1788071638,150,,Aggregated,12.100000,0.900000,6800,8300,9200,9700,12000,59000,65000,67000,71000,72000,72000,3928,519,6800.0,9660.562497859273,27.27283607237041,72016.61771698855,35707.06084521385
1788071639,150,,Aggregated,12.200000,1.000000,6700,8300,9200,9700,12000,59000,65000,67000,71000,72000,72000,3944,522,6700.0,9659.406023345315,27.27283607237041,72016.61771698855,35755.792089249495
1788071640,150,,Aggregated,11.700000,0.900000,6700,8300,9200,9700,12000,59000,64000,67000,71000,72000,72000,3959,526,6700.0,9659.444364904708,27.27283607237041,72016.61771698855,35864.66127810053
1788071641,150,,Aggregated,11.800000,0.900000,6700,8300,9200,9700,12000,59000,64000,67000,71000,72000,72000,3974,526,6700.0,9628.155060780802,27.27283607237041,72016.61771698855,35750.61977856064
1788071642,150,,Aggregated,12.400000,1.200000,6700,8300,9100,9700,12000,59000,64000,67000,71000,72000,72000,3979,526,6700.0,9617.32979922339,27.27283607237041,72016.61771698855,35711.70872078412
1788071643,150,,Aggregated,12.400000,1.200000,6700,8300,9100,9700,12000,59000,64000,67000,71000,72000,72000,3980,526,6700.0,9615.382820565781,27.27283607237041,72016.61771698855,35704.12386934673
1788071644,150,,Aggregated,13.700000,1.600000,6700,8300,9100,9700,12000,59000,64000,67000,71000,72000,72000,3985,526,6700.0,9619.87890646936,27.27283607237041,72016.61771698855,35669.60476787955
1788071645,150,,Aggregated,13.500000,1.600000,6700,8300,9100,9700,12000,59000,64000,67000,71000,72000,72000,3988,526,6700.0,9627.03631286638,27.27283607237041,72016.61771698855,35647.41825476429
1788071646,150,,Aggregated,12.800000,1.600000,6700,8300,9100,9700,12000,59000,64000,67000,71000,72000,72000,3995,530,6700.0,9630.260838775288,27.27283607237041,72016.61771698855,35816.58423028786
1788071647,150,,Aggregated,10.300000,0.800000,6700,8300,9100,9700,12000,59000,64000,67000,71000,72000,72000,3998,532,6700.0,9627.161103764149,27.27283607237041,72016.61771698855,35902.4032016008
1788071648,150,,Aggregated,9.000000,0.800000,6700,8300,9100,9700,12000,59000,64000,67000,70000,72000,72000,4002,534,6700.0,9636.841835181433,27.27283607237041,72016.61771698855,35982.492003998
1788071649,150,,Aggregated,8.700000,1.100000,6700,8300,9100,9700,12000,59000,64000,67000,70000,72000,72000,4007,536,6700.0,9632.457718750007,27.27283607237041,72016.61771698855,36054.5632642875
1788071650,150,,Aggregated,7.900000,1.400000,6700,8300,9100,9700,12000,59000,64000,67000,70000,72000,72000,4009,538,6700.0,9631.76021048744,27.27283607237041,72016.61771698855,36148.697680219506
1788071651,150,,Aggregated,7.000000,1.500000,6700,8300,9100,9600,12000,59000,64000,67000,70000,72000,72000,4030,550,6700.0,9623.14729423352,27.27283607237041,72016.61771698855,36646.73200992556
1788071652,150,,Aggregated,6.300000,1.500000,6700,8300,9100,9600,12000,59000,64000,67000,70000,72000,72000,4040,556,6700.0,9616.709242534886,27.27283607237041,72016.61771698855,36896.156683168316
1788071653,150,,Aggregated,4.900000,1.200000,6700,8300,9100,9600,12000,59000,64000,67000,70000,72000,72000,4052,557,6700.0,9613.455856064606,27.27283607237041,72016.61771698855,36860.798864758144
1788071654,150,,Aggregated,5.400000,2.400000,6700,8300,9100,9600,12000,59000,64000,67000,70000,72000,72000,4069,568,6700.0,9613.430152209754,27.27283607237041,72016.61771698855,37325.64659621529
1788071655,150,,Aggregated,6.000000,3.000000,6700,8300,9100,9600,12000,59000,64000,67000,70000,72000,72000,4080,568,6700.0,9616.668334023692,27.27283607237041,72016.61771698855,37246.767892156866
1788071657,150,,Aggregated,7.400000,3.300000,6700,8300,9100,9600,12000,59000,64000,67000,70000,72000,72000,4084,570,6700.0,9610.704349396388,27.27283607237041,72016.61771698855,37322.76493633693
1788071658,150,,Aggregated,9.200000,4.200000,6700,8300,9100,9600,12000,59000,64000,67000,70000,72000,72000,4085,571,6700.0,9610.08703481319,27.27283607237041,72016.61771698855,37368.76523867809
1788071659,150,,Aggregated,9.200000,4.200000,6700,8300,9100,9600,12000,59000,64000,67000,70000,72000,72000,4088,571,6700.0,9618.34502142121,27.27283607237041,72016.61771698855,37348.22822896282
1788071660,150,,Aggregated,8.900000,4.000000,6700,8300,9100,9600,12000,59000,64000,67000,70000,72000,72000,4091,573,6700.0,9615.395779069395,27.27283607237041,72016.61771698855,37432.11513077487
1788071661,150,,Aggregated,8.500000,3.700000,6700,8300,9100,9600,12000,59000,64000,67000,70000,72000,72000,4095,577,6700.0,9613.75700866245,27.27283607237041,72016.61771698855,37615.19145299145
1788071662,150,,Aggregated,8.600000,3.700000,6700,8300,9100,9600,12000,59000,64000,67000,70000,72000,72000,4103,581,6700.0,9606.449171016082,27.27283607237041,72016.61771698855,37768.165488666826
1788071663,150,,Aggregated,8.600000,3.900000,6700,8300,9100,9600,12000,59000,64000,67000,70000,72000,72000,4108,583,6700.0,9627.636652610841,27.27283607237041,72016.61771698855,37839.623417721516
1788071664,150,,Aggregated,8.600000,3.900000,6700,8300,9100,9600,12000,59000,64000,67000,70000,72000,72000,4111,583,6700.0,9637.097753216885,27.27283607237041,72016.61771698855,37817.023595232306
1788071665,150,,Aggregated,6.700000,2.700000,6700,8300,9100,9600,12000,59000,64000,67000,70000,72000,72000,4114,585,6700.0,9649.006453657186,27.27283607237041,72016.61771698855,37901.889158969374
1788071666,150,,Aggregated,6.700000,2.700000,6700,8300,9100,9600,12000,59000,64000,67000,70000,72000,72000,4132,593,6700.0,9650.835623212037,27.27283607237041,72016.61771698855,38184.51839303001
1788071667,150,,Aggregated,4.200000,1.600000,6700,8300,9100,9600,12000,59000,64000,67000,70000,72000,72000,4144,598,6700.0,9654.773036392218,27.27283607237041,72016.61771698855,38355.831805019305
1788071668,150,,Aggregated,4.200000,1.600000,6700,8300,9100,9600,12000,59000,64000,67000,70000,72000,72000,4155,605,6700.0,9650.488164554785,27.27283607237041,72016.61771698855,38640.58844765343
1788071669,150,,Aggregated,5.900000,2.700000,6700,8300,9100,9600,12000,59000,64000,67000,70000,72000,72000,4169,613,6700.0,9679.97988516344,27.27283607237041,72016.61771698855,38956.31830175102
1788071670,150,,Aggregated,7.100000,3.500000,6700,8300,9100,9600,12000,59000,64000,67000,70000,72000,72000,4188,619,6700.0,9681.17361246588,27.27283607237041,72016.61771698855,39124.81017191977
1788071671,150,,Aggregated,7.500000,3.700000,6700,8300,9100,9600,12000,59000,64000,66000,70000,72000,72000,4203,619,6700.0,9693.995618610177,27.27283607237041,72016.61771698855,39011.50654294551
1788071672,150,,Aggregated,9.500000,4.600000,6700,8300,9100,9600,12000,59000,64000,66000,70000,72000,72000,4208,619,6700.0,9683.825130752795,27.27283607237041,72016.61771698855,38970.30180608365
1788071673,150,,Aggregated,9.500000,4.600000,6700,8300,9100,9600,12000,59000,64000,66000,70000,72000,72000,4221,625,6700.0,9679.21216134457,27.27283607237041,72016.61771698855,39178.099976308935
1788071674,150,,Aggregated,10.700000,4.200000,6700,8300,9100,9600,12000,59000,64000,66000,70000,72000,72000,4231,627,6700.0,9673.806501798841,27.27283607237041,72016.61771698855,39205.22713306547
1788071675,150,,Aggregated,11.400000,4.200000,6700,8300,9100,9600,12000,59000,64000,66000,70000,72000,72000,4247,629,6700.0,9658.730283019491,27.27283607237041,72016.61771698855,39194.37720744055
1788071676,150,,Aggregated,12.000000,4.400000,6700,8300,9100,9600,12000,59000,64000,66000,70000,72000,72000,4256,629,6700.0,9682.888093088333,27.27283607237041,72016.61771698855,39126.75728383459
1788071677,150,,Aggregated,12.000000,4.400000,6700,8300,9100,9600,12000,59000,64000,66000,70000,72000,72000,4258,629,6700.0,9678.59936086872,27.27283607237041,72016.61771698855,39110.53757632691
1788071678,150,,Aggregated,12.200000,3.600000,6700,8300,9100,9600,12000,59000,64000,66000,70000,72000,72000,4264,633,6700.0,9671.705534122817,27.27283607237041,72016.61771698855,39269.08278611632
1788071679,150,,Aggregated,11.500000,3.200000,6700,8300,9100,9600,12000,59000,64000,66000,70000,72000,72000,4278,641,6700.0,9692.94582737837,27.27283607237041,72016.61771698855,39574.40883590463
1788071680,150,,Aggregated,10.500000,2.400000,6600,8300,9100,9600,12000,59000,64000,66000,70000,72000,72000,4284,641,6600.0,9683.898466129764,27.27283607237041,72016.61771698855,39526.93674136321
1788071681,150,,Aggregated,10.800000,3.000000,6600,8200,9100,9600,12000,59000,64000,66000,70000,72000,72000,4298,645,6600.0,9679.591899625422,27.27283607237041,72016.61771698855,39624.631921824104
1788071682,150,,Aggregated,9.600000,2.200000,6600,8200,9100,9600,12000,59000,64000,66000,70000,72000,72000,4322,652,6600.0,9699.127384811143,27.27283607237041,72016.61771698855,39803.97061545581
1788071683,150,,Aggregated,9.100000,2.300000,6600,8200,9100,9600,12000,59000,64000,66000,70000,72000,72000,4338,652,6600.0,9732.839616280373,27.27283607237041,72016.61771698855,39690.231904103275
1788071684,150,,Aggregated,10.600000,3.100000,6600,8200,9100,9600,12000,59000,64000,66000,70000,72000,72000,4345,652,6600.0,9731.847940283906,27.27283607237041,72016.61771698855,39633.86743383199
1788071685,150,,Aggregated,11.400000,2.700000,6600,8200,9100,9500,12000,59000,64000,66000,70000,72000,72000,4364,660,6600.0,9716.285203951782,27.27283607237041,72016.61771698855,39891.96585701191
1788071686,150,,Aggregated,11.200000,2.500000,6600,8200,9100,9500,12000,59000,64000,66000,70000,72000,72000,4383,660,6600.0,9707.772656803749,27.27283607237041,72016.61771698855,39748.37006616473
1788071687,150,,Aggregated,10.800000,2.600000,6600,8200,9100,9500,12000,59000,64000,66000,70000,72000,72000,4395,660,6600.0,9697.447876204538,27.27283607237041,72016.61771698855,39661.51740614334
1788071688,150,,Aggregated,10.800000,2.600000,6600,8200,9100,9500,12000,59000,64000,66000,70000,72000,72000,4400,660,6600.0,9727.970841379829,27.27283607237041,72016.61771698855,39629.4025
1788071689,150,,Aggregated,13.100000,3.100000,6600,8200,9100,9500,12000,59000,64000,66000,70000,72000,72000,4412,664,6600.0,9721.060035788532,27.27283607237041,72016.61771698855,39741.69106980961
1788071690,150,,Aggregated,14.000000,3.100000,6600,8200,9100,9500,12000,59000,64000,66000,70000,72000,72000,4428,664,6600.0,9744.274846880822,27.27283607237041,72016.61771698855,39626.06594399278
1788071691,150,,Aggregated,14.000000,3.100000,6600,8200,9100,9500,12000,59000,64000,66000,70000,72000,72000,4433,664,6600.0,9763.071481411585,27.27283607237041,72016.61771698855,39588.553575456805
1788071692,150,,Aggregated,14.000000,2.300000,6500,8200,9100,9500,12000,59000,64000,66000,70000,72000,72000,4439,664,6500.0,9780.336848395258,27.27283607237041,72016.61771698855,39546.498986258164
1788071693,150,,Aggregated,14.000000,2.200000,6500,8200,9100,9500,12000,59000,64000,66000,70000,72000,72000,4442,664,6500.0,9789.7464424668,27.27283607237041,72016.61771698855,39524.0310670869
1788071694,150,,Aggregated,12.400000,1.400000,6500,8200,9000,9500,12000,59000,64000,66000,70000,72000,72000,4460,669,6500.0,9780.066890481105,27.27283607237041,72016.61771698855,39642.53834080717
1788071695,150,,Aggregated,10.400000,1.200000,6500,8200,9000,9500,12000,59000,64000,66000,70000,72000,72000,4481,672,6500.0,9814.192998105942,27.27283607237041,72016.61771698855,39634.40682883285
1788071696,150,,Aggregated,10.500000,1.400000,6500,8200,9000,9500,12000,60000,64000,66000,70000,72000,72000,4491,674,6500.0,9836.792668172311,27.27283607237041,72016.61771698855,39662.60454241817
1788071697,150,,Aggregated,11.800000,1.500000,6500,8200,9000,9500,12000,60000,64000,66000,70000,72000,72000,4503,675,6500.0,9828.885560199073,27.27283607237041,72016.61771698855,39620.95136575616
1788071698,150,,Aggregated,11.000000,1.300000,6500,8200,9000,9500,12000,60000,64000,66000,70000,72000,72000,4509,675,6500.0,9844.716725627499,27.27283607237041,72016.61771698855,39580.054113994236
1788071699,150,,Aggregated,11.000000,1.500000,6500,8200,9000,9500,12000,60000,64000,66000,70000,72000,72000,4521,681,6500.0,9867.372019876644,27.27283607237041,72016.61771698855,39786.58416279584
1788071700,150,,Aggregated,10.400000,1.500000,6500,8200,9000,9500,12000,60000,64000,66000,70000,72000,72000,4534,682,6500.0,9844.373475728487,27.27283607237041,72016.61771698855,39747.81164534627
1788071701,150,,Aggregated,10.600000,1.500000,6500,8200,9000,9500,12000,60000,64000,66000,70000,72000,72000,4541,682,6500.0,9844.402065157601,27.27283607237041,72016.61771698855,39696.10107905747
1788071702,150,,Aggregated,10.700000,1.700000,6500,8200,9000,9500,12000,60000,64000,66000,70000,72000,72000,4543,682,6500.0,9840.627827786615,27.27283607237041,72016.61771698855,39680.055910191506
1788071703,150,,Aggregated,10.400000,1.800000,6400,8100,9000,9500,12000,60000,64000,66000,70000,72000,72000,4550,685,6400.0,9832.043199519228,27.27283607237041,72016.61771698855,39771.71296703297
1788071704,150,,Aggregated,10.400000,1.800000,6400,8100,9000,9500,12000,60000,64000,66000,70000,72000,72000,4555,687,6400.0,9826.07305945106,27.27283607237041,72016.61771698855,39832.01668496158
1788071705,150,,Aggregated,10.800000,1.800000,6400,8100,9000,9500,12000,60000,64000,66000,70000,72000,72000,4571,691,6400.0,9858.516834246717,27.27283607237041,72016.61771698855,39920.345001093854
1788071706,150,,Aggregated,10.200000,1.900000,6400,8100,9000,9500,12000,60000,64000,66000,70000,72000,72000,4590,698,6400.0,9863.241923932075,27.27283607237041,72016.61771698855,40115.85032679739
1788071707,150,,Aggregated,9.500000,2.000000,6400,8100,9000,9500,12000,60000,64000,66000,70000,72000,72000,4603,701,6400.0,9872.508625424785,27.27283607237041,72016.61771698855,40169.59526395829
1788071708,150,,Aggregated,9.400000,2.000000,6400,8100,9000,9500,12000,60000,64000,66000,70000,72000,72000,4613,703,6400.0,9856.682753879448,27.27283607237041,72016.61771698855,40196.72425753306
1788071709,150,,Aggregated,9.700000,2.400000,6400,8100,9000,9500,12000,60000,64000,66000,70000,72000,72000,4617,703,6400.0,9850.470992323148,27.27283607237041,72016.61771698855,40165.380550140784
1788071710,150,,Aggregated,10.700000,2.800000,6400,8100,9000,9500,12000,60000,64000,66000,70000,72000,72000,4623,703,6400.0,9839.630759180633,27.27283607237041,72016.61771698855,40124.837118754054
1788071711,150,,Aggregated,9.900000,2.400000,6400,8100,9000,9500,12000,60000,64000,66000,70000,72000,72000,4627,703,6400.0,9846.224058305386,27.27283607237041,72016.61771698855,40096.82710179382
1788071712,150,,Aggregated,9.000000,2.200000,6400,8100,9000,9500,12000,60000,64000,66000,70000,72000,72000,4636,706,6400.0,9835.682586163355,27.27283607237041,72016.61771698855,40177.33671268335
1788071713,150,,Aggregated,8.900000,2.100000,6400,8100,9000,9500,12000,60000,64000,66000,70000,72000,72000,4647,710,6400.0,9858.031242064148,27.27283607237041,72016.61771698855,40296.00344308156
1788071714,150,,Aggregated,8.700000,2.100000,6400,8100,9000,9500,12000,60000,64000,66000,70000,72000,72000,4650,711,6400.0,9854.892225695508,27.27283607237041,72016.61771698855,40321.04064516129
1788071715,150,,Aggregated,9.300000,2.600000,6400,8100,9000,9500,12000,60000,64000,66000,70000,72000,72000,4656,715,6400.0,9851.723527892686,27.27283607237041,72016.61771698855,40465.570231958765
1788071716,150,,Aggregated,9.800000,2.500000,6400,8100,9000,9500,12000,60000,64000,66000,70000,72000,72000,4666,720,6400.0,9844.75980903769,27.27283607237041,72016.61771698855,40625.587441063006
1788071717,150,,Aggregated,8.500000,2.100000,6400,8100,9000,9500,12000,60000,64000,66000,70000,72000,72000,4677,726,6400.0,9859.691485270943,27.27283607237041,72016.61771698855,40827.05623262775
1788071718,150,,Aggregated,7.700000,2.200000,6400,8100,9000,9500,12000,60000,64000,66000,70000,72000,72000,4687,730,6400.0,9849.420476223273,27.27283607237041,72016.61771698855,40946.484958395566
1788071719,150,,Aggregated,7.000000,2.100000,6400,8100,9000,9500,12000,60000,64000,66000,70000,72000,72000,4697,736,6400.0,9851.121039480346,27.27283607237041,72016.61771698855,41153.606983180754
1788071720,150,,Aggregated,7.000000,2.600000,6400,8100,9000,9500,12000,60000,64000,66000,70000,72000,72000,4699,736,6400.0,9847.144688653312,27.27283607237041,72016.61771698855,41138.0525643754
1788071721,150,,Aggregated,7.900000,3.300000,6400,8100,9000,9500,12000,60000,64000,66000,70000,72000,72000,4700,736,6400.0,9845.281358455506,27.27283607237041,72016.61771698855,41129.49723404255
1788071722,150,,Aggregated,7.900000,3.300000,6400,8100,9000,9500,12000,60000,64000,66000,70000,72000,72000,4710,737,6400.0,9857.320101587828,27.27283607237041,72016.61771698855,41108.83864118896
1788071723,150,,Aggregated,7.300000,3.300000,6400,8100,9000,9500,12000,60000,64000,66000,70000,72000,72000,4713,737,6400.0,9852.500196936633,27.27283607237041,72016.61771698855,41083.79842987481
1788071724,150,,Aggregated,7.700000,3.400000,6400,8100,9000,9500,12000,60000,64000,66000,70000,72000,72000,4717,740,6400.0,9850.786904941326,27.27283607237041,72016.61771698855,41192.99936400254
1788071725,150,,Aggregated,7.200000,2.900000,6400,8100,9000,9500,12000,60000,64000,66000,70000,72000,72000,4729,749,6400.0,9860.154308798465,27.27283607237041,72016.61771698855,41523.19221822795
1788071726,150,,Aggregated,7.200000,2.900000,6400,8100,9000,9500,12000,60000,64000,66000,70000,72000,72000,4731,749,6400.0,9856.573326455878,27.27283607237041,72016.61771698855,41507.32783766645
1788071727,150,,Aggregated,6.500000,2.700000,6400,8100,9000,9500,12000,60000,64000,66000,70000,72000,72000,4732,749,6400.0,9854.60360336282,27.27283607237041,72016.61771698855,41498.6910397295
1788071728,150,,Aggregated,7.200000,3.400000,6400,8100,9000,9500,12000,60000,64000,66000,70000,72000,72000,4734,750,6400.0,9865.525803758104,27.27283607237041,72016.61771698855,41531.44359949303
1788071729,150,,Aggregated,6.600000,2.900000,6400,8100,9000,9500,12000,60000,64000,66000,70000,72000,72000,4746,757,6400.0,9864.724392711274,27.27283607237041,72016.61771698855,41766.15571007164
1788071730,150,,Aggregated,5.100000,2.000000,6400,8100,9000,9500,12000,60000,64000,66000,70000,72000,72000,4757,765,6400.0,9862.582796024488,27.27283607237041,72016.61771698855,42051.364515450914
1788071731,150,,Aggregated,4.100000,1.400000,6400,8100,9000,9500,12000,60000,64000,66000,70000,72000,72000,4769,770,6400.0,9859.64361737257,27.27283607237041,72016.61771698855,42191.33570979241
1788071732,150,,Aggregated,4.800000,2.100000,6400,8100,9000,9600,12000,60000,64000,66000,70000,72000,72000,4787,780,6400.0,9875.062531056647,27.27283607237041,72016.61771698855,42516.95487779403
1788071733,150,,Aggregated,5.800000,2.900000,6400,8100,9000,9600,12000,60000,64000,66000,70000,72000,72000,4800,783,6400.0,9895.551679249318,27.27283607237041,72016.61771698855,42557.505833333336
1788071734,150,,Aggregated,6.500000,3.400000,6400,8100,9000,9600,12000,60000,64000,66000,70000,72000,72000,4810,785,6400.0,9919.34071911697,27.27283607237041,72016.61771698855,42575.814553014556
1788071735,150,,Aggregated,7.600000,4.400000,6400,8100,9000,9600,12000,60000,64000,66000,70000,72000,72000,4817,787,6400.0,9921.923746579962,27.27283607237041,72016.61771698855,42613.18310151547
1788071736,150,,Aggregated,8.900000,4.600000,6400,8100,9000,9600,12000,60000,64000,66000,70000,72000,72000,4826,790,6400.0,9909.780798198874,27.27283607237041,72016.61771698855,42679.67530045586
1788071737,150,,Aggregated,9.200000,4.400000,6400,8100,9000,9600,12000,60000,64000,66000,70000,72000,72000,4837,792,6400.0,9907.260936294611,27.27283607237041,72016.61771698855,42686.618771966096
1788071738,150,,Aggregated,8.700000,3.800000,6400,8100,9000,9600,12000,60000,64000,66000,70000,72000,72000,4844,792,6400.0,9896.41600076359,27.27283607237041,72016.61771698855,42633.56193228737
1788071739,150,,Aggregated,9.400000,4.100000,6400,8100,9000,9600,12000,60000,64000,66000,70000,72000,72000,4848,792,6400.0,9890.433760940312,27.27283607237041,72016.61771698855,42601.22627887789
1788071740,150,,Aggregated,10.500000,4.300000,6400,8100,9000,9600,12000,60000,64000,66000,70000,72000,72000,4861,797,6400.0,9924.686031458674,27.27283607237041,72016.61771698855,42739.780086401974
1788071741,150,,Aggregated,10.900000,4.200000,6400,8100,9000,9600,12000,60000,64000,66000,70000,72000,72000,4866,798,6400.0,9931.93762205725,27.27283607237041,72016.61771698855,42746.19749280723
1788071742,150,,Aggregated,10.400000,3.500000,6400,8100,9000,9600,12000,60000,64000,66000,70000,72000,72000,4876,800,6400.0,9932.798627610022,27.27283607237041,72016.61771698855,42763.49856439705
1788071743,150,,Aggregated,10.400000,3.200000,6300,8100,9000,9500,12000,60000,64000,66000,70000,72000,72000,4888,802,6300.0,9918.706592665847,27.27283607237041,72016.61771698855,42762.7133797054
1788071744,150,,Aggregated,9.600000,2.700000,6300,8100,9000,9500,12000,60000,64000,66000,70000,72000,72000,4889,802,6300.0,9916.968171212013,27.27283607237041,72016.61771698855,42754.90611577009
1788071745,150,,Aggregated,8.800000,1.900000,6300,8100,9000,9500,12000,60000,64000,66000,70000,72000,72000,4900,809,6300.0,9909.55494046718,27.27283607237041,72016.61771698855,42984.70857142857
1788071747,150,,Aggregated,7.800000,1.700000,6300,8100,9000,9500,12000,60000,64000,66000,70000,72000,72000,4916,819,6300.0,9908.493782399773,27.27283607237041,72016.61771698855,43312.572620016275
1788071748,150,,Aggregated,7.800000,1.700000,6300,8100,9000,9500,12000,60000,64000,66000,70000,72000,72000,4927,822,6300.0,9906.539161387976,27.27283607237041,72016.61771698855,43363.402476151816
1788071749,150,,Aggregated,8.200000,2.200000,6300,8100,9000,9500,12000,60000,64000,66000,70000,72000,72000,4936,824,6300.0,9918.701031524477,27.27283607237041,72016.61771698855,43388.12013776337
1788071750,150,,Aggregated,8.900000,2.800000,6300,8100,9000,9500,12000,60000,64000,66000,71000,72000,72000,4939,824,6300.0,9941.095976698543,27.27283607237041,72055.75854307972,43367.96800971857
1788071751,150,,Aggregated,9.000000,3.000000,6300,8100,9000,9500,12000,60000,64000,66000,71000,72000,72000,4945,824,6300.0,9933.099186203417,27.27283607237041,72055.75854307972,43323.71466127401
1788071752,150,,Aggregated,8.900000,3.200000,6300,8100,9000,9500,12000,60000,64000,66000,71000,72000,72000,4959,829,6300.0,9955.075026689417,27.27283607237041,72055.75854307972,43443.330711837065
1788071753,150,,Aggregated,8.400000,2.700000,6300,8100,9000,9500,12000,60000,64000,66000,71000,72000,72000,4977,834,6300.0,9960.486693988272,27.27283607237041,72055.75854307972,43533.94072734579
1788071754,150,,Aggregated,8.400000,2.700000,6300,8100,9000,9500,12000,60000,65000,67000,71000,72000,72000,4993,836,6300.0,10053.038346535914,27.27283607237041,72055.75854307972,43510.878630082116
1788071755,150,,Aggregated,9.800000,3.400000,6300,8100,9000,9500,12000,60000,65000,67000,70000,72000,72000,5001,836,6300.0,10040.140551130582,27.27283607237041,72055.75854307972,43448.11097780444
1788071756,150,,Aggregated,9.800000,3.400000,6300,8100,9000,9500,12000,60000,65000,67000,70000,72000,72000,5003,836,6300.0,10037.88293593963,27.27283607237041,72055.75854307972,43433.541075354784
1788071757,150,,Aggregated,11.000000,3.400000,6300,8100,9000,9500,12000,60000,65000,67000,70000,72000,72000,5012,839,6300.0,10028.208024440903,27.27283607237041,72055.75854307972,43497.31963288109
1788071758,150,,Aggregated,11.000000,3.400000,6300,8100,9000,9500,12000,60000,65000,67000,70000,72000,72000,5029,848,6300.0,10051.241156030552,27.27283607237041,72055.75854307972,43767.21236826407
1788071759,150,,Aggregated,9.600000,2.100000,6300,8100,9000,9500,12000,60000,65000,67000,71000,72000,72000,5048,849,6300.0,10088.917033149619,27.27283607237041,72055.75854307972,43674.64441362916
1788071760,150,,Aggregated,10.200000,2.600000,6300,8100,9000,9500,12000,60000,65000,67000,71000,72000,72000,5053,849,6300.0,10105.637150813332,27.27283607237041,72055.75854307972,43637.89986146843
1788071761,150,,Aggregated,11.000000,2.500000,6300,8100,9000,9500,12000,60000,65000,67000,71000,73000,73000,5056,849,6300.0,10114.666153336158,27.27283607237041,72936.33039784618,43614.63884493671
1788071762,150,,Aggregated,11.000000,2.500000,6300,8100,9000,9500,12000,60000,65000,67000,71000,73000,73000,5058,849,6300.0,10124.834333815825,27.27283607237041,72936.33039784618,43601.24476077501
1788071763,150,,Aggregated,11.000000,2.500000,6300,8100,9000,9500,12000,60000,65000,67000,71000,73000,73000,5067,851,6300.0,10115.535587965218,27.27283607237041,72936.33039784618,43576.06394316164
1788071764,150,,Aggregated,10.100000,2.200000,6300,8100,9000,9500,12000,60000,65000,67000,71000,73000,73000,5079,854,6300.0,10129.795929267968,27.27283607237041,72936.33039784618,43618.090175231344
1788071765,150,,Aggregated,9.200000,1.600000,6300,8100,9000,9500,12000,60000,65000,67000,72000,74000,74000,5107,858,6300.0,10153.303492092225,27.27283607237041,74343.41164003126,43587.328960250634
1788071766,150,,Aggregated,8.400000,1.700000,6300,8100,9000,9500,12000,61000,65000,68000,72000,74000,74000,5134,862,6300.0,10194.032861841937,27.27283607237041,74343.41164003126,43566.73315153876
1788071767,150,,Aggregated,10.300000,2.200000,6200,8100,9000,9500,12000,61000,65000,68000,72000,74000,74000,5146,862,6200.0,10199.907662890704,27.27283607237041,74343.41164003126,43482.24990283715
1788071768,150,,Aggregated,12.300000,2.600000,6200,8000,9000,9500,12000,61000,65000,68000,72000,74000,74000,5171,862,6200.0,10170.042508530305,27.27283607237041,74343.41164003126,43295.584219686716
1788071769,150,,Aggregated,13.300000,2.300000,6200,8000,9000,9500,12000,61000,65000,68000,72000,74000,74000,5187,862,6200.0,10165.46593254936,27.27283607237041,74343.41164003126,43191.38500096395
1788071770,150,,Aggregated,13.800000,1.400000,6200,8000,9000,9500,12000,61000,65000,68000,72000,74000,74000,5199,862,6200.0,10157.737846586175,27.27283607237041,74343.41164003126,43110.54029621081
1788071771,150,,Aggregated,13.600000,1.300000,6200,8000,9000,9500,12000,61000,65000,68000,72000,74000,74000,5217,862,6200.0,10174.40474118744,27.27283607237041,74343.41164003126,42983.683342917386
1788071772,150,,Aggregated,14.300000,1.300000,6200,8000,9000,9500,12000,61000,65000,68000,72000,74000,74000,5241,862,6200.0,10144.582261480506,27.27283607237041,74343.41164003126,42818.70234688037
1788071773,150,,Aggregated,15.900000,1.300000,6200,8000,9000,9500,12000,61000,65000,68000,72000,74000,74000,5257,862,6200.0,10136.660458836364,27.27283607237041,74343.41164003126,42709.055544987634
1788071774,150,,Aggregated,17.400000,1.300000,6100,8000,9000,9500,12000,61000,65000,68000,72000,74000,74000,5273,862,6100.0,10154.47677963594,27.27283607237041,74343.41164003126,42603.55054048928
1788071775,150,,Aggregated,18.500000,1.200000,6100,8000,8900,9500,12000,61000,65000,68000,72000,74000,74000,5286,862,6100.0,10142.949536219654,27.27283607237041,74343.41164003126,42517.421301551265
1788071776,150,,Aggregated,18.500000,1.200000,6100,8000,8900,9500,12000,61000,65000,68000,72000,74000,74000,5300,862,6100.0,10118.568722116095,27.27283607237041,74343.41164003126,42420.91981132075
1788071777,150,,Aggregated,18.100000,0.400000,6100,8000,8900,9500,12000,61000,65000,68000,72000,74000,74000,5315,862,6100.0,10103.450821667353,27.27283607237041,74343.41164003126,42316.70197554092
1788071778,150,,Aggregated,17.400000,0.000000,6000,8000,8900,9500,12000,61000,65000,68000,72000,74000,74000,5330,862,6000.0,10088.078680294857,27.27283607237041,74343.41164003126,42213.862288930584
1788071779,150,,Aggregated,16.500000,0.000000,6000,7900,8900,9500,12000,61000,65000,68000,72000,74000,74000,5340,862,6000.0,10071.470691853203,27.27283607237041,74343.41164003126,42144.347378277154
1788071780,150,,Aggregated,15.600000,0.000000,6000,7900,8900,9500,12000,61000,65000,68000,72000,74000,74000,5348,863,6000.0,10058.737657563172,27.27283607237041,74343.41164003126,42128.58994016455
1788071781,150,,Aggregated,15.600000,0.000000,6000,7900,8900,9500,12000,61000,65000,68000,72000,74000,74000,5357,868,6000.0,10056.398763057301,27.27283607237041,74343.41164003126,42274.91431771514
1788071782,150,,Aggregated,14.800000,0.000000,6000,7900,8900,9500,12000,61000,65000,68000,72000,74000,74000,5365,871,6000.0,10045.607251407819,27.27283607237041,74343.41164003126,42344.01062441752
1788071783,150,,Aggregated,14.000000,0.400000,6000,7900,8900,9500,12000,61000,65000,68000,72000,74000,74000,5371,871,6000.0,10047.700406048009,27.27283607237041,74343.41164003126,42304.74120275554
1788071784,150,,Aggregated,14.000000,0.400000,6000,7900,8900,9500,12000,61000,65000,68000,72000,74000,74000,5375,871,6000.0,10041.73918375949,27.27283607237041,74343.41164003126,42276.86734883721
1788071785,150,,Aggregated,11.900000,0.900000,6000,7900,8900,9500,12000,61000,65000,68000,72000,74000,74000,5378,871,6000.0,10046.966956982227,27.27283607237041,74343.41164003126,42258.86649312012
1788071786,150,,Aggregated,10.700000,0.900000,6000,7900,8900,9500,12000,61000,65000,68000,72000,74000,74000,5380,872,6000.0,10044.723535635374,27.27283607237041,74343.41164003126,42285.8314126394
1788071787,150,,Aggregated,10.700000,0.900000,6000,7900,8900,9500,12000,61000,65000,68000,72000,74000,74000,5383,872,6000.0,10059.260212980009,27.27283607237041,74343.41164003126,42267.95430057589
1788071788,150,,Aggregated,7.900000,1.000000,6000,7900,8900,9500,12000,61000,65000,68000,72000,74000,74000,5388,875,6000.0,10064.383614484137,27.27283607237041,74343.41164003126,42357.52561247216
1788071789,150,,Aggregated,7.400000,1.000000,6000,7900,8900,9400,12000,61000,65000,68000,72000,74000,74000,5398,881,6000.0,10058.761045936093,27.27283607237041,74343.41164003126,42533.925527973326
1788071790,150,,Aggregated,6.200000,1.100000,6000,7900,8900,9400,12000,61000,65000,67000,72000,74000,74000,5406,883,6000.0,10062.077871515177,27.27283607237041,74343.41164003126,42561.28616352201
1788071791,150,,Aggregated,6.200000,1.100000,6000,7900,8900,9400,12000,61000,65000,67000,72000,74000,74000,5406,883,6000.0,10062.077871515177,27.27283607237041,74343.41164003126,42561.28616352201
1788071792,150,,Aggregated,5.800000,2.000000,6000,7900,8900,9500,12000,61000,65000,67000,72000,74000,74000,5413,887,6000.0,10070.235932799944,27.27283607237041,74343.41164003126,42677.70219841123
1788071793,150,,Aggregated,5.200000,1.700000,6000,7900,8900,9500,12000,61000,65000,67000,72000,74000,74000,5418,889,6000.0,10069.52607176374,27.27283607237041,74343.41164003126,42725.3399778516
1788071794,150,,Aggregated,4.600000,1.400000,6000,8000,8900,9500,12000,60000,65000,67000,72000,74000,74000,5433,902,6000.0,10078.617872465744,27.27283607237041,74343.41164003126,43148.685624884965
1788071795,150,,Aggregated,4.500000,1.600000,6100,8000,8900,9500,12000,60000,65000,67000,72000,74000,74000,5450,909,6100.0,10080.125923057833,27.27283607237041,74343.41164003126,43316.608440366974
1788071796,150,,Aggregated,4.500000,2.000000,6100,8000,8900,9500,12000,60000,65000,67000,72000,74000,74000,5468,915,6100.0,10093.450390150418,27.27283607237041,74343.41164003126,43435.57095830285
1788071797,150,,Aggregated,6.300000,3.500000,6000,8000,8900,9500,12000,60000,65000,67000,72000,74000,74000,5478,915,6000.0,10097.90857595862,27.27283607237041,74343.41164003126,43366.001460387
1788071798,150,,Aggregated,7.900000,4.100000,6000,8000,8900,9500,12000,60000,65000,67000,72000,74000,74000,5482,915,6000.0,10110.721939676243,27.27283607237041,74343.41164003126,43339.318496898944
1788071799,150,,Aggregated,9.100000,4.300000,6000,8000,8900,9500,12000,60000,65000,67000,72000,74000,74000,5483,915,6000.0,10109.511338191704,27.27283607237041,74343.41164003126,43332.62593470728
1788071800,150,,Aggregated,9.300000,4.200000,6000,8000,8900,9500,12000,60000,65000,67000,72000,74000,74000,5487,918,6000.0,10106.67971602111,27.27283607237041,74343.41164003126,43429.862766539096
1788071801,150,,Aggregated,9.000000,3.700000,6000,8000,8900,9500,12000,60000,65000,67000,72000,74000,74000,5496,920,6000.0,10107.1030813904,27.27283607237041,74343.41164003126,43454.60698689956
1788071802,150,,Aggregated,8.300000,3.400000,6000,8000,8900,9500,12000,60000,65000,67000,72000,74000,74000,5520,928,6000.0,10092.002010384042,27.27283607237041,74343.41164003126,43608.24492753623
1788071803,150,,Aggregated,8.100000,3.500000,6000,8000,8900,9500,12000,60000,65000,67000,72000,74000,74000,5529,929,6000.0,10100.08450485618,27.27283607237041,74343.41164003126,43587.09459215048
1788071804,150,,Aggregated,9.900000,4.300000,6000,8000,8900,9500,12000,60000,65000,67000,72000,74000,74000,5538,931,6000.0,10117.575591895591,27.27283607237041,74343.41164003126,43609.99169375226
1788071805,150,,Aggregated,11.200000,4.200000,6000,7900,8900,9500,12000,60000,65000,67000,72000,74000,74000,5551,934,6000.0,10110.538843669727,27.27283607237041,74343.41164003126,43645.978922716626
1788071806,150,,Aggregated,11.100000,3.800000,6000,7900,8900,9500,12000,60000,65000,67000,72000,74000,74000,5567,940,6000.0,10103.459374798995,27.27283607237041,74343.41164003126,43774.16256511586
1788071807,150,,Aggregated,10.400000,2.600000,6000,7900,8900,9500,12000,60000,65000,67000,72000,74000,74000,5581,943,6000.0,10105.076684715996,27.27283607237041,74343.41164003126,43796.876903780685
1788071808,150,,Aggregated,9.600000,2.100000,6000,7900,8900,9500,12000,60000,65000,67000,72000,74000,74000,5590,944,6000.0,10102.549431813712,27.27283607237041,74343.41164003126,43776.16511627907
1788071809,150,,Aggregated,9.400000,2.500000,6000,7900,8900,9500,12000,60000,65000,67000,72000,74000,74000,5605,945,6000.0,10101.07984536835,27.27283607237041,74343.41164003126,43715.964139161464
1788071810,150,,Aggregated,10.400000,2.800000,6000,7900,8900,9500,12000,60000,65000,67000,72000,74000,74000,5617,946,6000.0,10112.627489685741,27.27283607237041,74343.41164003126,43678.09026170554
1788071811,150,,Aggregated,11.300000,3.000000,6000,7900,8900,9500,12000,60000,65000,67000,72000,74000,74000,5641,951,6000.0,10134.180079532947,27.27283607237041,74343.41164003126,43724.64385747208
1788071812,150,,Aggregated,12.300000,2.900000,6000,7900,8900,9500,12000,60000,65000,67000,72000,74000,74000,5654,951,6000.0,10123.540884518157,27.27283607237041,74343.41164003126,43633.88061549346
1788071813,150,,Aggregated,13.900000,3.100000,5900,7900,8900,9500,12000,60000,65000,67000,72000,74000,74000,5667,951,5900.0,10111.179651438755,27.27283607237041,74343.41164003126,43547.94565025587
1788071814,150,,Aggregated,14.000000,2.500000,5900,7900,8900,9500,12000,60000,65000,67000,72000,74000,74000,5678,952,5900.0,10104.548064043604,27.27283607237041,74343.41164003126,43513.10919337795
1788071815,150,,Aggregated,13.100000,2.200000,5900,7900,8900,9500,12000,60000,65000,67000,72000,74000,74000,5692,953,5900.0,10082.70017004439,27.27283607237041,74343.41164003126,43467.573085031625
1788071816,150,,Aggregated,13.900000,2.300000,5900,7900,8900,9500,12000,60000,65000,67000,72000,74000,74000,5699,953,5900.0,10072.484052101716,27.27283607237041,74343.41164003126,43420.76995964204
1788071817,150,,Aggregated,13.700000,2.000000,5900,7900,8900,9500,12000,60000,65000,67000,72000,74000,74000,5703,953,5900.0,10083.582894258976,27.27283607237041,74343.41164003126,43401.416272137474
1788071818,150,,Aggregated,14.000000,1.900000,5900,7900,8900,9500,12000,60000,65000,67000,72000,74000,74000,5712,953,5900.0,10088.632017076998,27.27283607237041,74343.41164003126,43346.75857843137
1788071819,150,,Aggregated,13.100000,1.300000,5900,7900,8900,9500,12000,60000,65000,67000,72000,74000,74000,5715,953,5900.0,10092.286801897793,27.27283607237041,74343.41164003126,43327.92685914261
1788071820,150,,Aggregated,12.300000,1.000000,5900,7900,8900,9500,12000,60000,65000,67000,72000,74000,74000,5720,953,5900.0,10094.047259329807,27.27283607237041,74343.41164003126,43297.71328671329
1788071821,150,,Aggregated,11.700000,0.800000,5900,7900,8900,9500,12000,60000,65000,67000,72000,74000,74000,5728,955,5900.0,10102.819014548946,27.27283607237041,74343.41164003126,43322.20967178771
1788071822,150,,Aggregated,10.800000,0.800000,5900,7900,8900,9500,12000,60000,65000,67000,72000,74000,74000,5732,957,5900.0,10099.769526536322,27.27283607237041,74343.41164003126,43371.05425680391
1788071823,150,,Aggregated,9.500000,0.400000,5900,7900,8900,9500,12000,60000,65000,67000,72000,74000,74000,5735,959,5900.0,10106.633995507109,27.27283607237041,74343.41164003126,43389.86939843069
1788071824,150,,Aggregated,8.200000,0.400000,5900,7900,8900,9500,12000,60000,65000,67000,72000,74000,74000,5764,971,5900.0,10107.82665809029,27.27283607237041,74343.41164003126,43660.711138098544
1788071825,150,,Aggregated,7.500000,0.600000,5900,7900,8800,9500,12000,60000,65000,67000,72000,74000,74000,5790,980,5900.0,10111.061621287789,27.27283607237041,74343.41164003126,43837.494300518134
1788071826,150,,Aggregated,6.600000,0.800000,5900,7900,8800,9400,12000,60000,65000,67000,72000,74000,74000,5802,980,5900.0,10101.85269688647,27.27283607237041,74343.41164003126,43759.52137194071
1788071827,150,,Aggregated,9.100000,2.100000,5900,7900,8800,9400,12000,60000,65000,67000,72000,74000,74000,5814,980,5900.0,10102.536138130443,27.27283607237041,74343.41164003126,43687.452700378395
1788071828,150,,Aggregated,9.700000,2.700000,5900,7900,8800,9400,12000,60000,65000,67000,72000,74000,74000,5829,983,5900.0,10099.801569344163,27.27283607237041,74343.41164003126,43704.6565448619
1788071829,150,,Aggregated,10.500000,2.700000,5900,7900,8800,9400,12000,60000,65000,67000,72000,74000,74000,5841,984,5900.0,10118.226471777929,27.27283607237041,74343.41164003126,43673.41773668892
1788071830,150,,Aggregated,11.000000,2.700000,5900,7900,8800,9400,12000,60000,65000,67000,72000,74000,74000,5851,984,5900.0,10119.921926074807,27.27283607237041,74343.41164003126,43612.62023585712
1788071831,150,,Aggregated,11.900000,3.000000,5900,7900,8800,9400,12000,60000,65000,67000,72000,74000,74000,5857,985,5900.0,10111.372173092297,27.27283607237041,74343.41164003126,43610.74270104149
1788071832,150,,Aggregated,12.600000,3.100000,5900,7900,8800,9400,12000,60000,65000,67000,72000,74000,74000,5861,987,5900.0,10115.696319970806,27.27283607237041,74343.41164003126,43659.938918273336
1788071833,150,,Aggregated,13.000000,3.100000,5900,7900,8800,9400,12000,60000,65000,67000,72000,74000,74000,5871,987,5900.0,10129.87407750825,27.27283607237041,74343.41164003126,43601.80207801056
1788071835,150,,Aggregated,12.900000,3.000000,5900,7900,8800,9500,12000,60000,65000,67000,72000,74000,74000,5881,987,5900.0,10162.447356947328,27.27283607237041,74343.41164003126,43545.69920081619
1788071836,150,,Aggregated,12.900000,3.000000,5900,7900,8800,9500,12000,60000,65000,67000,72000,74000,74000,5881,987,5900.0,10162.447356947328,27.27283607237041,74343.41164003126,43545.69920081619
1788071837,150,,Aggregated,13.500000,2.700000,5900,7900,8800,9500,12000,60000,65000,67000,72000,74000,74000,5882,987,5900.0,10161.015227341926,27.27283607237041,74343.41164003126,43539.39459367562
1788071838,150,,Aggregated,10.900000,1.400000,5900,7900,8800,9500,12000,60000,65000,67000,72000,74000,74000,5893,989,5900.0,10189.792389145567,27.27283607237041,74343.41164003126,43548.59986424571
1788071839,150,,Aggregated,9.000000,0.700000,5900,7900,8800,9500,12000,60000,65000,67000,72000,74000,74000,5902,993,5900.0,10192.377988013537,27.27283607237041,74343.41164003126,43639.906811250425
1788071840,150,,Aggregated,7.800000,0.900000,5900,7900,8800,9500,12000,60000,65000,67000,72000,74000,74000,5910,998,5900.0,10189.583323423873,27.27283607237041,74343.41164003126,43775.140439932315
1788071841,150,,Aggregated,7.100000,1.000000,5900,7900,8800,9400,12000,60000,65000,67000,72000,74000,74000,5941,1004,5900.0,10186.636763867538,27.27283607237041,74343.41164003126,43802.22184817371
1788071842,150,,Aggregated,7.100000,1.000000,5900,7900,8800,9400,12000,60000,65000,67000,72000,74000,74000,5965,1014,5900.0,10194.789249033627,27.27283607237041,74343.41164003126,44024.04576697401
1788071843,150,,Aggregated,8.800000,2.000000,5900,7900,8800,9400,12000,60000,65000,67000,72000,74000,74000,5983,1014,5900.0,10176.302356261858,27.27283607237041,74343.41164003126,43908.71485876651
1788071844,150,,Aggregated,10.800000,2.900000,5900,7900,8800,9400,12000,60000,65000,67000,72000,74000,74000,5994,1014,5900.0,10158.675659438917,27.27283607237041,74343.41164003126,43839.76793460127
1788071845,150,,Aggregated,10.800000,2.900000,5800,7900,8800,9400,12000,60000,65000,67000,72000,74000,74000,6001,1014,5800.0,10147.699736086122,27.27283607237041,74343.41164003126,43799.066655557406
1788071846,150,,Aggregated,12.200000,2.700000,5800,7900,8800,9400,12000,60000,65000,67000,72000,74000,74000,6006,1014,5800.0,10139.968521473902,27.27283607237041,74343.41164003126,43766.966866466864
1788071847,150,,Aggregated,12.200000,2.700000,5800,7900,8800,9400,12000,60000,65000,67000,72000,74000,74000,6011,1014,5800.0,10142.186205802716,27.27283607237041,74343.41164003126,43736.114789552485
1788071848,150,,Aggregated,12.100000,2.700000,5800,7900,8800,9400,12000,60000,65000,67000,72000,74000,74000,6016,1014,5800.0,10135.327059257,27.27283607237041,74343.41164003126,43704.34890292553
1788071849,150,,Aggregated,12.300000,2.700000,5800,7900,8800,9400,12000,60000,65000,67000,72000,74000,74000,6022,1014,5800.0,10153.453925977852,27.27283607237041,74343.41164003126,43669.38542012621
1788071850,150,,Aggregated,12.900000,2.700000,5800,7900,8800,9400,12000,60000,65000,67000,72000,74000,74000,6025,1014,5800.0,10149.947584472977,27.27283607237041,74343.41164003126,43651.068215767635
1788071851,150,,Aggregated,12.000000,2.100000,5800,7900,8800,9400,12000,60000,65000,67000,72000,74000,74000,6031,1014,5800.0,10142.51872926992,27.27283607237041,74343.41164003126,43612.551152379376
1788071852,150,,Aggregated,12.000000,2.100000,5800,7900,8800,9400,12000,60000,65000,67000,72000,74000,74000,6035,1014,5800.0,10144.562987483785,27.27283607237041,74343.41164003126,43587.67174813587
1788071853,150,,Aggregated,11.800000,1.900000,5800,7900,8800,9400,12000,60000,65000,67000,72000,74000,74000,6036,1014,5800.0,10142.940180034888,27.27283607237041,74343.41164003126,43581.211398277
1788071854,150,,Aggregated,9.000000,1.000000,5800,7900,8800,9400,12000,60000,65000,67000,72000,74000,74000,6041,1019,5800.0,10141.585181002783,27.27283607237041,74343.41164003126,43731.57656017216
1788071855,150,,Aggregated,7.000000,0.000000,5800,7900,8800,9400,12000,60000,65000,67000,72000,74000,74000,6065,1031,5800.0,10130.886193524844,27.27283607237041,74343.41164003126,44017.32778235779
1788071856,150,,Aggregated,4.800000,0.500000,5900,7900,8800,9400,12000,60000,65000,67000,72000,74000,74000,6094,1043,5900.0,10136.685017995305,27.27283607237041,74343.41164003126,44272.69937643584
1788071857,150,,Aggregated,6.400000,1.700000,5900,7900,8800,9400,12000,60000,65000,67000,72000,74000,74000,6115,1046,5900.0,10176.73132419375,27.27283607237041,74343.41164003126,44264.97612428455
1788071858,150,,Aggregated,8.300000,2.600000,5800,7900,8800,9400,12000,60000,65000,67000,72000,74000,74000,6127,1049,5800.0,10176.662172910295,27.27283607237041,74343.41164003126,44303.30406397911
1788071859,150,,Aggregated,8.300000,2.600000,5800,7900,8800,9400,12000,60000,65000,67000,72000,74000,74000,6137,1050,5800.0,10161.005329607198,27.27283607237041,74343.41164003126,44244.94329476943
1788071860,150,,Aggregated,10.700000,3.500000,5800,7900,8800,9400,12000,60000,65000,67000,72000,74000,74000,6142,1050,5800.0,10170.308245404349,27.27283607237041,74343.41164003126,44214.364539238035
1788071861,150,,Aggregated,11.500000,3.600000,5800,7900,8800,9400,12000,60000,65000,67000,72000,74000,74000,6153,1050,5800.0,10155.375945542926,27.27283607237041,74343.41164003126,44144.07524784658
1788071862,150,,Aggregated,11.600000,3.600000,5800,7900,8800,9400,12000,60000,65000,67000,72000,74000,74000,6164,1050,5800.0,10157.49787799133,27.27283607237041,74343.41164003126,44080.699383517196
1788071863,150,,Aggregated,11.900000,3.600000,5800,7900,8800,9400,12000,60000,65000,67000,72000,74000,74000,6176,1050,5800.0,10142.132110603012,27.27283607237041,74343.41164003126,44005.97376943005
1788071864,150,,Aggregated,12.700000,3.600000,5800,7900,8800,9400,12000,60000,65000,67000,72000,74000,74000,6179,1050,5800.0,10154.724968296017,27.27283607237041,74343.41164003126,43989.89383395371
1788071865,150,,Aggregated,13.800000,3.600000,5800,7900,8800,9400,12000,60000,65000,67000,72000,74000,74000,6184,1053,5800.0,10158.7712540562,27.27283607237041,74343.41164003126,44066.88065976714
1788071866,150,,Aggregated,13.700000,3.100000,5800,7900,8800,9400,12000,60000,65000,67000,72000,74000,74000,6197,1060,5800.0,10164.209553995875,27.27283607237041,74343.41164003126,44235.083104728095
1788071867,150,,Aggregated,11.700000,2.100000,5800,7800,8800,9400,12000,60000,65000,67000,72000,74000,74000,6219,1065,5800.0,10172.882037013007,27.27283607237041,74343.41164003126,44245.03778742563
1788071868,150,,Aggregated,10.800000,2.000000,5800,7800,8800,9400,12000,60000,65000,67000,72000,74000,74000,6229,1065,5800.0,10185.029249489417,27.27283607237041,74343.41164003126,44184.275806710546
1788071869,150,,Aggregated,10.400000,2.100000,5800,7800,8800,9400,12000,60000,65000,67000,72000,74000,74000,6232,1065,5800.0,10181.400852868335,27.27283607237041,74343.41164003126,44166.543806161746
1788071870,150,,Aggregated,10.400000,1.600000,5800,7800,8800,9400,12000,60000,65000,67000,72000,74000,74000,6236,1065,5800.0,10184.767514164605,27.27283607237041,74343.41164003126,44143.87764592688
1788071871,150,,Aggregated,9.300000,1.500000,5800,7800,8800,9400,12000,60000,65000,67000,72000,74000,74000,6252,1074,5800.0,10172.495225515882,27.27283607237041,74343.41164003126,44362.862763915546
1788071872,150,,Aggregated,9.400000,1.500000,5800,7800,8800,9400,12000,60000,65000,67000,72000,74000,74000,6267,1077,5800.0,10182.59746924363,27.27283607237041,74343.41164003126,44380.69826073081
1788071873,150,,Aggregated,10.000000,2.100000,5800,7800,8800,9400,13000,60000,65000,67000,72000,74000,74000,6275,1077,5800.0,10188.903065434753,27.27283607237041,74343.41164003126,44333.32685258964
