Timestamp,User Count,Type,Name,Requests/s,Failures/s,50%,66%,75%,80%,90%,95%,98%,99%,99.9%,99.99%,100%,Total Request Count,Total Failure Count,Total Median Response Time,Total Average Response Time,Total Min Response Time,Total Max Response Time,Total Average Content Size
1787910512,0,,Aggregated,0.000000,0.000000,N/A,N/A,N/A,N/A,N/A,N/A,N/A,N/A,N/A,N/A,N/A,0,0,0,0.0,0,0,0
1787910513,5,,Aggregated,0.000000,0.000000,340,350,360,420,430,430,430,430,430,430,430,9,0,340.0,252.44118622504175,47.787021147087216,426.58254294656217,2699.777777777778
1787910514,10,,Aggregated,0.000000,0.000000,340,360,400,420,430,500,500,500,500,500,500,19,0,340.0,244.5631587853361,25.89508192613721,495.4239500220865,4237.421052631579
1787910515,15,,Aggregated,0.000000,0.000000,330,360,380,400,420,430,500,500,500,500,500,29,0,330.0,229.2290848583497,17.13775098323822,495.4239500220865,3916.7586206896553
1787910516,20,,Aggregated,9.000000,0.000000,340,360,400,400,420,440,500,500,500,500,500,38,0,330.0,244.76597811659113,17.13775098323822,495.4239500220865,3712.2105263157896
1787910517,25,,Aggregated,9.500000,0.000000,330,360,410,420,530,770,770,810,810,810,810,56,0,230.0,276.09118502420773,17.13775098323822,805.3975561633706,4368.339285714285
1787910518,30,,Aggregated,9.500000,0.000000,230,370,410,430,540,560,770,810,810,810,810,69,0,230.0,276.97141741172993,17.13775098323822,805.3975561633706,4306.347826086957
1787910519,35,,Aggregated,11.200000,0.000000,340,400,430,500,540,570,770,810,810,810,810,85,0,340.0,302.62333966846415,17.13775098323822,805.3975561633706,4527.494117647058
1787910520,40,,Aggregated,11.200000,0.000000,340,410,500,520,570,770,870,950,950,950,950,100,0,340.0,322.3782199015841,17.13775098323822,952.8226170223206,4649.75
1787910521,45,,Aggregated,11.166667,0.000000,340,430,520,540,760,810,910,950,950,950,950,111,0,340.0,352.43610026281294,17.13775098323822,952.8226170223206,4856.387387387387
1787910522,50,,Aggregated,12.500000,0.000000,360,470,540,570,810,950,980,1000,1100,1100,1100,118,0,360.0,385.2714956284232,17.13775098323822,1121.1601148825139,4939.847457627118
1787910523,50,,Aggregated,12.333333,0.000000,410,550,780,910,1200,1600,2100,2100,2200,2200,2200,139,0,410.0,542.6957638257538,17.13775098323822,2210.9962899703532,5245.007194244605
1787910524,50,,Aggregated,12.333333,0.000000,430,590,780,890,1200,1600,2000,2100,2200,2200,2200,157,0,430.0,556.486503627436,17.13775098323822,2210.9962899703532,5513.87898089172
1787910525,50,,Aggregated,12.500000,0.000000,420,570,770,840,1200,1600,2000,2100,2200,2200,2200,170,0,410.0,542.4458799664588,17.13775098323822,2210.9962899703532,5535.458823529411
1787910526,50,,Aggregated,12.500000,0.000000,410,570,770,830,1100,1500,2000,2100,2200,2200,2200,181,0,410.0,538.2366739200603,17.13775098323822,2210.9962899703532,5781.53591160221
1787910527,50,,Aggregated,13.800000,0.000000,410,560,730,810,1100,1500,2000,2100,2200,2200,2200,193,0,410.0,521.9768392153741,17.13775098323822,2210.9962899703532,5953.683937823835
1787910528,50,,Aggregated,14.300000,0.000000,400,540,690,780,1000,1500,1800,2100,2200,2200,2200,205,0,400.0,501.27872290294164,17.13775098323822,2210.9962899703532,6065.521951219513
1787910529,50,,Aggregated,13.500000,0.000000,400,550,730,810,1100,1500,1800,2100,2200,2200,2200,217,0,400.0,509.93243781291807,17.13775098323822,2210.9962899703532,6194.797235023041
1787910530,50,,Aggregated,13.600000,0.000000,400,550,730,810,1100,1500,1800,2100,2200,2200,2200,223,0,400.0,513.8512321992155,17.13775098323822,2210.9962899703532,6244.932735426009
1787910531,50,,Aggregated,12.900000,0.000000,410,590,770,870,1200,1600,1900,2100,2200,2200,2200,233,0,410.0,539.9896560702473,17.13775098323822,2210.9962899703532,6292.06008583691
1787910532,50,,Aggregated,12.100000,0.000000,430,640,780,910,1200,1700,2100,2100,2200,2200,2200,245,0,430.0,574.9498207179107,17.13775098323822,2210.9962899703532,6405.187755102041
1787910533,50,,Aggregated,12.100000,0.000000,490,680,810,930,1400,1900,2100,2200,2400,2400,2400,264,0,480.0,605.7338293837595,17.13775098323822,2350.7443801499903,6497.916666666667
1787910534,50,,Aggregated,12.600000,0.000000,450,660,790,900,1300,1900,2100,2200,2400,2400,2400,279,0,450.0,585.6796450550771,17.13775098323822,2350.7443801499903,6659.566308243728
1787910535,50,,Aggregated,12.400000,0.000000,430,630,780,870,1300,1800,2100,2200,2400,2400,2400,290,0,420.0,566.2156339461819,17.13775098323822,2350.7443801499903,6695.437931034483
1787910536,50,,Aggregated,12.000000,0.000000,420,610,770,870,1200,1800,2100,2200,2400,2400,2400,298,0,420.0,558.6259981293869,17.13775098323822,2350.7443801499903,6759.020134228188
1787910537,50,,Aggregated,12.100000,0.000000,410,580,760,830,1200,1700,2100,2100,2400,2400,2400,312,0,400.0,539.2219907901166,17.13775098323822,2350.7443801499903,6678.75
1787910538,50,,Aggregated,11.500000,0.000000,380,560,730,830,1200,1700,2100,2100,2400,2400,2400,325,0,380.0,521.9545571405727,17.13775098323822,2350.7443801499903,6632.606153846154
1787910539,50,,Aggregated,11.900000,0.000000,370,560,730,810,1200,1700,2100,2100,2400,2400,2400,335,0,370.0,516.1162685331847,17.13775098323822,2350.7443801499903,6642.749253731343
1787910540,50,,Aggregated,11.900000,0.000000,360,550,710,790,1200,1700,2100,2100,2400,2400,2400,348,0,350.0,501.62865149175707,17.13775098323822,2350.7443801499903,6614.787356321839
1787910541,50,,Aggregated,12.200000,0.000000,360,550,710,790,1200,1700,2000,2100,2400,2400,2400,352,0,360.0,503.53482596851376,17.13775098323822,2350.7443801499903,6645.178977272727
1787910542,50,,Aggregated,12.700000,0.000000,380,590,770,840,1200,1700,2000,2100,2400,2400,2400,365,0,380.0,530.2824021827379,17.13775098323822,2350.7443801499903,6692.972602739726
1787910543,50,,Aggregated,11.800000,0.000000,400,620,780,870,1300,1700,2000,2100,2400,2400,2400,384,0,400.0,544.0943565148094,17.13775098323822,2350.7443801499903,6804.427083333333
1787910544,50,,Aggregated,11.800000,0.000000,390,600,770,870,1200,1700,2000,2100,2400,2400,2400,392,0,380.0,538.2903362267974,17.13775098323822,2350.7443801499903,6819.502551020408
1787910545,50,,Aggregated,12.500000,0.000000,400,630,770,870,1300,1700,2000,2100,2400,2400,2400,397,0,400.0,541.5930651534132,17.13775098323822,2350.7443801499903,6822.400503778337
1787910546,50,,Aggregated,11.400000,0.000000,410,660,800,900,1400,1700,2000,2100,2400,2400,2400,407,0,410.0,559.3148503562376,17.13775098323822,2350.7443801499903,6817.1597051597055
1787910547,50,,Aggregated,10.600000,0.000000,420,680,830,930,1500,1900,2200,2400,2600,2600,2600,415,0,420.0,589.7175151933299,17.13775098323822,2644.3274300545454,6889.78313253012
1787910548,50,,Aggregated,10.900000,0.000000,430,700,850,950,1500,1900,2200,2400,2600,2600,2600,425,0,430.0,607.2192834328641,17.13775098323822,2644.3274300545454,6877.336470588235
1787910549,50,,Aggregated,10.300000,0.000000,480,760,900,1000,1600,2000,2400,2600,2900,2900,2900,443,0,480.0,649.659615773161,17.13775098323822,2905.254260171205,6969.715575620768
1787910550,50,,Aggregated,10.100000,0.000000,490,770,920,1000,1600,2000,2400,2600,2900,2900,2900,459,0,490.0,660.0976292549152,17.13775098323822,2905.254260171205,7022.976034858388
1787910551,50,,Aggregated,10.600000,0.000000,490,750,910,1000,1600,2000,2400,2600,2900,2900,2900,468,0,480.0,653.401048859466,17.13775098323822,2905.254260171205,7055.542735042735
1787910552,50,,Aggregated,10.700000,0.000000,490,760,910,1000,1600,2000,2400,2600,2900,2900,2900,474,0,490.0,656.7792276044294,17.13775098323822,2905.254260171205,7095.892405063291
1787910553,50,,Aggregated,11.600000,0.000000,500,770,930,1100,1600,2000,2400,2600,2900,2900,2900,482,0,500.0,671.4974962579689,17.13775098323822,2905.254260171205,7127.836099585063
1787910554,50,,Aggregated,11.200000,0.000000,530,810,1000,1200,1700,2100,2400,2600,2900,2900,2900,503,0,530.0,712.3313956828251,17.13775098323822,2905.254260171205,7153.7335984095425
1787910555,50,,Aggregated,9.700000,0.000000,540,830,1000,1200,1700,2100,2400,2600,2900,2900,2900,522,0,530.0,721.5471467006795,17.13775098323822,2905.254260171205,7153.040229885058
1787910556,50,,Aggregated,10.500000,0.000000,520,810,990,1200,1700,2100,2400,2600,2900,2900,2900,535,0,520.0,707.764526673758,17.13775098323822,2905.254260171205,7156.590654205607
1787910557,50,,Aggregated,12.300000,0.000000,510,810,980,1200,1700,2100,2400,2600,2900,2900,2900,544,0,510.0,698.2355244699112,17.13775098323822,2905.254260171205,7149.404411764706
1787910558,50,,Aggregated,12.800000,0.000000,500,790,960,1200,1700,2100,2400,2600,2900,2900,2900,559,0,500.0,685.2063157096712,17.13775098323822,2905.254260171205,7135.427549194991
1787910559,50,,Aggregated,12.500000,0.000000,490,780,950,1100,1600,2100,2400,2600,2900,2900,2900,571,0,490.0,678.3461782044768,17.13775098323822,2905.254260171205,7139.183887915937
1787910560,50,,Aggregated,12.900000,0.000000,470,770,940,1100,1600,2000,2400,2600,2900,2900,2900,582,0,460.0,668.2864040335563,17.13775098323822,2905.254260171205,7119.862542955327
1787910561,50,,Aggregated,12.600000,0.000000,440,770,930,1100,1600,2000,2400,2600,2900,2900,2900,595,0,440.0,661.4750958893042,17.13775098323822,2905.254260171205,7141.793277310924
1787910562,50,,Aggregated,12.600000,0.000000,440,760,930,1100,1600,2000,2400,2600,2900,2900,2900,606,0,440.0,655.1619149078292,17.13775098323822,2905.254260171205,7140.072607260726
1787910563,50,,Aggregated,12.200000,0.000000,430,740,920,1100,1600,2000,2400,2600,2900,2900,2900,622,0,430.0,647.1022488437054,17.13775098323822,2905.254260171205,7143.622186495177
1787910564,50,,Aggregated,12.900000,0.000000,430,730,910,1100,1600,2000,2400,2600,2900,2900,2900,629,0,430.0,642.7531639604114,17.13775098323822,2905.254260171205,7147.734499205088
1787910565,50,,Aggregated,13.600000,0.000000,430,730,910,1000,1600,2000,2400,2600,2900,2900,2900,641,0,430.0,640.9614093709946,17.13775098323822,2905.254260171205,7136.340093603744
1787910566,50,,Aggregated,13.100000,0.000000,440,730,900,1000,1600,2000,2400,2600,2900,2900,2900,658,0,430.0,641.9354451489055,17.13775098323822,2905.254260171205,7211.937689969604
1787910567,50,,Aggregated,12.200000,0.000000,440,730,900,1000,1600,2000,2400,2600,2900,2900,2900,668,0,440.0,641.9838618275899,17.13775098323822,2905.254260171205,7188.696107784431
1787910568,50,,Aggregated,12.300000,0.000000,460,750,910,1100,1600,2000,2400,2600,2900,2900,2900,683,0,460.0,652.8153991872801,17.13775098323822,2905.254260171205,7202.869692532943
1787910569,50,,Aggregated,12.600000,0.000000,450,730,900,1000,1600,2000,2400,2600,2900,2900,2900,703,0,450.0,645.3080429784308,17.13775098323822,2905.254260171205,7186.344238975818
1787910570,50,,Aggregated,12.600000,0.000000,440,730,900,1000,1600,2000,2400,2600,2900,2900,2900,709,0,440.0,640.5749959629476,17.13775098323822,2905.254260171205,7193.448519040902
1787910571,50,,Aggregated,13.300000,0.000000,440,730,900,1100,1600,2000,2400,2600,2900,2900,2900,714,0,440.0,643.0880928373601,17.13775098323822,2905.254260171205,7210.4929971988795
1787910572,50,,Aggregated,12.800000,0.000000,470,750,910,1100,1600,2000,2400,2600,2900,2900,2900,728,0,470.0,651.2624823167193,17.13775098323822,2905.254260171205,7189.7376373626375
1787910573,50,,Aggregated,12.300000,0.000000,490,760,910,1100,1600,2000,2400,2600,2900,2900,2900,740,0,490.0,658.6809151182958,17.13775098323822,2905.254260171205,7188.1581081081085
1787910574,50,,Aggregated,12.200000,0.000000,500,760,920,1100,1600,2000,2400,2600,2900,2900,2900,753,0,500.0,669.9875274204351,17.13775098323822,2905.254260171205,7196.66401062417
1787910575,50,,Aggregated,12.000000,0.000000,500,770,920,1100,1600,2000,2400,2600,2900,2900,2900,772,0,500.0,673.5899479621828,17.13775098323822,2905.254260171205,7202.344559585492
1787910576,50,,Aggregated,12.400000,0.000000,490,760,910,1100,1600,2000,2400,2600,2900,2900,2900,786,0,490.0,663.2736471979867,17.13775098323822,2905.254260171205,7215.29262086514
1787910577,50,,Aggregated,12.400000,0.000000,480,750,910,1100,1600,2000,2400,2600,2900,2900,2900,796,0,480.0,656.5442506762704,17.13775098323822,2905.254260171205,7210.589195979899
1787910578,50,,Aggregated,12.400000,0.000000,470,740,900,1100,1600,2000,2400,2600,2900,2900,2900,805,0,470.0,652.1382773743352,17.13775098323822,2905.254260171205,7199.408695652174
1787910579,50,,Aggregated,12.900000,0.000000,470,740,900,1000,1600,2000,2400,2600,2900,2900,2900,817,0,470.0,650.856213431835,17.13775098323822,2905.254260171205,7195.461444308446
1787910580,50,,Aggregated,12.800000,0.000000,470,740,900,1000,1600,2000,2400,2600,2900,2900,2900,821,0,470.0,651.6842637355717,17.13775098323822,2905.254260171205,7185.001218026797
1787910581,50,,Aggregated,11.600000,0.000000,500,770,940,1100,1700,2100,2400,2600,2900,2900,2900,846,0,500.0,678.573607490508,17.13775098323822,2905.254260171205,7241.391252955083
1787910582,50,,Aggregated,11.100000,0.000000,500,770,930,1100,1700,2100,2400,2600,2900,2900,2900,858,0,490.0,676.274835367878,17.13775098323822,2905.254260171205,7225.857808857809
1787910583,50,,Aggregated,11.500000,0.000000,490,760,930,1100,1600,2000,2400,2600,2900,2900,2900,870,0,490.0,671.6050603172753,17.13775098323822,2905.254260171205,7242.057471264367
1787910584,50,,Aggregated,13.000000,0.000000,480,760,930,1100,1600,2000,2400,2600,2900,2900,2900,880,0,480.0,668.6573548020202,17.13775098323822,2905.254260171205,7241.448863636364
1787910585,50,,Aggregated,12.400000,0.000000,470,750,920,1100,1600,2000,2400,2600,2900,2900,2900,893,0,470.0,662.0746629624466,17.13775098323822,2905.254260171205,7216.131019036954
1787910586,50,,Aggregated,12.700000,0.000000,470,750,920,1100,1600,2000,2400,2600,2900,2900,2900,899,0,470.0,662.5019038936229,17.13775098323822,2905.254260171205,7219.220244716352
1787910587,50,,Aggregated,12.500000,0.000000,480,760,920,1100,1600,2000,2400,2600,2900,2900,2900,907,0,480.0,665.587526287364,17.13775098323822,2905.254260171205,7209.697905181918
1787910588,50,,Aggregated,11.700000,0.000000,490,780,940,1100,1700,2100,2400,2600,2900,2900,2900,922,0,490.0,681.6329652119788,17.13775098323822,2905.254260171205,7219.07809110629
1787910589,50,,Aggregated,11.100000,0.000000,500,780,950,1100,1700,2100,2400,2600,2900,2900,2900,943,0,500.0,685.4595502824666,17.13775098323822,2905.254260171205,7198.3032873807
1787910590,50,,Aggregated,10.900000,0.000000,490,780,940,1100,1700,2100,2400,2600,2900,2900,2900,951,0,490.0,681.938500623204,17.13775098323822,2905.254260171205,7198.659305993691
1787910591,50,,Aggregated,12.600000,0.000000,490,770,940,1100,1700,2100,2400,2600,2900,2900,2900,964,0,490.0,680.7562393200085,17.13775098323822,2905.254260171205,7169.553941908714
1787910592,50,,Aggregated,12.900000,0.000000,500,770,940,1100,1600,2100,2400,2600,2900,2900,2900,976,0,500.0,681.4055356245248,17.13775098323822,2905.254260171205,7173.923155737705
1787910593,50,,Aggregated,12.900000,0.000000,490,770,940,1100,1600,2100,2400,2600,2900,2900,2900,989,0,490.0,679.1499502522752,17.13775098323822,2905.254260171205,7180.810920121335
1787910594,50,,Aggregated,11.800000,0.000000,500,770,950,1100,1600,2100,2400,2600,2900,2900,2900,996,0,500.0,681.6334606362899,17.13775098323822,2905.254260171205,7189.536144578313
1787910595,50,,Aggregated,12.400000,0.000000,500,780,950,1100,1600,2100,2400,2600,2900,2900,2900,1003,0,500.0,686.9443127542366,17.13775098323822,2905.254260171205,7201.361914257228
1787910596,50,,Aggregated,11.400000,0.000000,510,800,970,1100,1700,2200,2400,2600,2900,2900,2900,1022,0,510.0,703.6572534642446,17.13775098323822,2905.254260171205,7213.882583170254
1787910597,50,,Aggregated,11.100000,0.000000,520,800,970,1100,1700,2100,2400,2600,2900,2900,2900,1043,0,520.0,704.3327863673275,17.13775098323822,2905.254260171205,7184.15723873442
1787910598,50,,Aggregated,11.200000,0.000000,510,790,960,1100,1700,2100,2400,2600,2900,2900,2900,1052,0,510.0,699.9018181470832,17.13775098323822,2905.254260171205,7188.415399239544
1787910599,50,,Aggregated,12.800000,0.000000,510,780,960,1100,1700,2100,2400,2600,2900,2900,2900,1063,0,510.0,693.8432919806411,17.13775098323822,2905.254260171205,7168.542803386642
1787910600,50,,Aggregated,13.200000,0.000000,500,780,950,1100,1700,2100,2400,2600,2900,2900,2900,1079,0,500.0,685.3693651842027,17.13775098323822,2905.254260171205,7137.542168674699
1787910601,50,,Aggregated,11.500000,0.000000,490,770,950,1100,1700,2100,2400,2600,2900,2900,2900,1087,0,490.0,681.8649698016272,17.13775098323822,2905.254260171205,7145.3413063477465
1787910602,50,,Aggregated,12.200000,0.000000,500,780,950,1100,1600,2100,2400,2600,2900,2900,2900,1100,0,500.0,683.6525242498399,17.13775098323822,2905.254260171205,7149.890909090909
1787910603,50,,Aggregated,12.900000,0.000000,500,780,950,1100,1600,2100,2400,2600,2900,2900,2900,1110,0,500.0,685.5965068712746,17.13775098323822,2905.254260171205,7168.25045045045
1787910604,50,,Aggregated,11.800000,0.000000,500,780,950,1100,1600,2100,2400,2600,2900,2900,2900,1125,0,500.0,684.5264417688466,17.13775098323822,2905.254260171205,7216.373333333333
1787910605,50,,Aggregated,11.700000,0.000000,490,770,950,1100,1600,2100,2400,2600,2900,2900,2900,1146,0,490.0,678.9933982358865,17.13775098323822,2905.254260171205,7200.539267015707
1787910606,50,,Aggregated,12.200000,0.000000,480,770,950,1100,1600,2100,2400,2600,2900,2900,2900,1155,1,480.0,674.6526888331794,17.13775098323822,2905.254260171205,7191.025974025974
1787910607,50,,Aggregated,13.300000,0.000000,480,760,940,1100,1600,2100,2400,2600,2900,2900,2900,1160,1,480.0,672.7541135571865,17.13775098323822,2905.254260171205,7175.873275862069
1787910608,50,,Aggregated,14.100000,0.000000,490,770,950,1100,1600,2100,2400,2600,2900,2900,2900,1168,1,490.0,674.9444726692299,17.13775098323822,2905.254260171205,7197.023116438356
1787910609,50,,Aggregated,12.600000,0.100000,490,770,950,1100,1600,2100,2400,2600,2900,2900,2900,1175,1,490.0,681.5002194449227,17.13775098323822,2905.254260171205,7216.857872340425
1787910610,50,,Aggregated,11.800000,0.100000,500,780,960,1200,1600,2100,2400,2600,2900,2900,2900,1187,1,500.0,691.9392791854041,17.13775098323822,2905.254260171205,7215.805391743892
1787910611,50,,Aggregated,11.600000,0.100000,510,800,990,1200,1700,2200,2500,2600,2900,2900,2900,1213,1,510.0,705.4183493252776,17.13775098323822,2917.819338152185,7236.408079142621
1787910612,50,,Aggregated,10.700000,0.100000,500,800,990,1200,1700,2200,2500,2600,2900,2900,2900,1223,1,500.0,700.6107501370356,17.13775098323822,2917.819338152185,7237.226492232216
1787910613,50,,Aggregated,10.800000,0.100000,500,790,980,1200,1700,2200,2500,2600,2900,2900,2900,1234,1,500.0,697.4565619783932,17.13775098323822,2917.819338152185,7225.845218800649
1787910614,50,,Aggregated,12.700000,0.100000,500,790,980,1200,1600,2100,2500,2600,2900,2900,2900,1245,1,500.0,697.3874130091783,17.13775098323822,2917.819338152185,7231.513253012048
1787910615,50,,Aggregated,12.500000,0.100000,500,790,970,1200,1600,2100,2500,2600,2900,2900,2900,1252,1,500.0,695.8236934597821,17.13775098323822,2917.819338152185,7238.928115015974
1787910616,50,,Aggregated,12.200000,0.100000,500,790,980,1200,1600,2100,2500,2600,2900,2900,2900,1262,1,500.0,696.5663029685713,17.13775098323822,2917.819338152185,7258.231378763867
1787910617,50,,Aggregated,11.300000,0.100000,510,790,980,1200,1600,2100,2500,2600,2900,2900,2900,1282,1,510.0,699.734205366461,17.13775098323822,2917.819338152185,7247.75663026521
1787910618,50,,Aggregated,10.600000,0.100000,510,790,970,1200,1600,2100,2500,2600,2900,2900,2900,1290,1,510.0,696.940981237355,17.13775098323822,2917.819338152185,7241.476744186047
1787910619,50,,Aggregated,10.500000,0.000000,510,790,980,1200,1600,2100,2500,2600,2900,2900,2900,1295,1,510.0,696.7997959692707,17.13775098323822,2917.819338152185,7251.881853281853
1787910620,50,,Aggregated,12.400000,0.000000,520,790,980,1200,1600,2100,2400,2600,2900,2900,2900,1307,1,520.0,699.5969638900009,17.13775098323822,2917.819338152185,7252.116296863045
1787910621,50,,Aggregated,12.000000,0.000000,520,800,990,1200,1600,2100,2400,2600,2900,2900,2900,1315,1,520.0,701.6225079141784,17.13775098323822,2917.819338152185,7267.342205323194
1787910622,50,,Aggregated,12.100000,0.000000,530,810,1000,1200,1600,2100,2400,2600,2900,2900,2900,1332,1,530.0,710.3774366460184,17.13775098323822,2917.819338152185,7267.64039039039
1787910623,50,,Aggregated,11.800000,0.000000,530,810,1000,1200,1600,2100,2400,2600,2900,2900,2900,1351,1,530.0,713.6997258025935,17.13775098323822,2917.819338152185,7309.954108068097
1787910624,50,,Aggregated,9.900000,0.000000,530,810,1000,1200,1600,2100,2400,2600,2900,2900,2900,1361,1,530.0,709.464748231263,17.13775098323822,2917.819338152185,7310.459955914768
1787910625,50,,Aggregated,11.000000,0.000000,520,810,1000,1200,1600,2100,2400,2600,2900,2900,2900,1369,1,520.0,705.7848878251083,17.13775098323822,2917.819338152185,7301.862673484296
1787910626,50,,Aggregated,11.600000,0.000000,520,800,1000,1100,1600,2100,2400,2600,2900,2900,2900,1384,1,520.0,701.7473448231087,17.13775098323822,2917.819338152185,7295.429913294798
1787910627,50,,Aggregated,11.600000,0.000000,520,800,990,1100,1600,2100,2400,2600,2900,2900,2900,1397,1,520.0,697.8635908189145,17.13775098323822,2917.819338152185,7294.345025053686
1787910628,50,,Aggregated,11.600000,0.000000,520,800,990,1100,1600,2100,2400,2600,2900,2900,2900,1408,1,520.0,696.5214767520097,17.13775098323822,2917.819338152185,7298.615056818182
1787910629,50,,Aggregated,12.400000,0.000000,520,800,980,1100,1600,2100,2400,2600,2900,2900,2900,1414,1,520.0,695.4588829322364,17.13775098323822,2917.819338152185,7287.997878359264
1787910630,50,,Aggregated,11.000000,0.000000,520,800,990,1100,1600,2100,2400,2600,2900,2900,2900,1428,1,520.0,698.5694391965013,17.13775098323822,2917.819338152185,7286.630952380952
1787910631,50,,Aggregated,11.900000,0.000000,530,800,990,1100,1600,2100,2400,2600,2900,2900,2900,1446,1,520.0,699.641578022634,17.13775098323822,2917.819338152185,7288.121715076072
1787910632,50,,Aggregated,11.700000,0.000000,520,800,980,1100,1600,2100,2400,2600,2900,2900,2900,1459,1,520.0,696.4267109105181,17.13775098323822,2917.819338152185,7326.559287183002
1787910633,50,,Aggregated,12.100000,0.000000,520,790,970,1100,1600,2100,2400,2600,2900,2900,2900,1471,1,520.0,691.7451175748365,17.13775098323822,2917.819338152185,7344.63698164514
1787910634,50,,Aggregated,13.100000,0.000000,510,790,970,1100,1600,2100,2400,2600,2900,2900,2900,1483,1,510.0,688.5889696696144,17.13775098323822,2917.819338152185,7333.543492919757
1787910635,50,,Aggregated,12.300000,0.000000,510,780,960,1100,1600,2100,2400,2600,2900,2900,2900,1496,2,510.0,687.3095124304098,17.13775098323822,2917.819338152185,7312.608957219251
1787910636,50,,Aggregated,12.000000,0.000000,510,780,960,1100,1600,2100,2400,2600,2900,2900,2900,1512,2,510.0,683.8642251335957,17.13775098323822,2917.819338152185,7312.597222222223
1787910637,50,,Aggregated,12.300000,0.000000,500,780,960,1100,1600,2100,2400,2600,2900,2900,2900,1524,2,500.0,679.7360828535307,17.13775098323822,2917.819338152185,7316.94094488189
1787910638,50,,Aggregated,12.900000,0.100000,500,780,960,1100,1600,2100,2400,2600,2900,2900,2900,1532,2,500.0,678.9270714358499,17.13775098323822,2917.819338152185,7309.911227154047
1787910639,50,,Aggregated,12.700000,0.100000,500,780,960,1100,1600,2100,2400,2600,2900,2900,2900,1536,2,500.0,680.5025099730907,17.13775098323822,2917.819338152185,7316.939453125
1787910640,50,,Aggregated,12.700000,0.100000,510,790,980,1100,1600,2100,2400,2600,2900,2900,2900,1552,2,510.0,690.7247583155001,17.13775098323822,2917.819338152185,7328.488402061856
1787910641,50,,Aggregated,12.200000,0.100000,520,800,990,1100,1600,2100,2500,2600,2900,2900,2900,1568,2,520.0,698.0369195559749,17.13775098323822,2917.819338152185,7335.373086734694
1787910642,50,,Aggregated,12.000000,0.100000,510,800,990,1100,1600,2100,2500,2600,2900,2900,2900,1580,2,510.0,696.0788655520677,17.13775098323822,2917.819338152185,7350.593037974683
1787910643,50,,Aggregated,12.100000,0.100000,510,790,990,1100,1600,2100,2500,2600,2900,2900,2900,1589,2,510.0,693.5700060358087,17.13775098323822,2917.819338152185,7364.239773442417
1787910644,50,,Aggregated,12.100000,0.100000,500,790,980,1100,1600,2100,2400,2600,2900,2900,2900,1602,2,500.0,689.1363472663234,17.13775098323822,2917.819338152185,7378.564918851435
1787910645,50,,Aggregated,12.200000,0.100000,500,780,970,1100,1600,2100,2400,2600,2900,2900,2900,1612,2,500.0,685.9718905462855,17.13775098323822,2917.819338152185,7377.62841191067
1787910646,50,,Aggregated,11.900000,0.100000,500,780,970,1100,1600,2100,2400,2600,2900,2900,2900,1620,2,500.0,686.0398107262927,17.13775098323822,2917.819338152185,7383.806172839506
1787910648,50,,Aggregated,11.800000,0.100000,500,780,980,1100,1600,2100,2400,2600,2900,2900,2900,1636,2,500.0,686.0065339746529,17.13775098323822,2917.819338152185,7405.78728606357
1787910649,50,,Aggregated,10.600000,0.000000,490,780,970,1100,1600,2100,2400,2600,2900,2900,2900,1653,2,490.0,680.6215833575637,17.13775098323822,2917.819338152185,7394.377495462795
1787910650,50,,Aggregated,10.600000,0.000000,490,770,960,1100,1600,2100,2400,2600,2900,2900,2900,1664,2,490.0,678.2501693267897,17.13775098323822,2917.819338152185,7401.883413461538
1787910651,50,,Aggregated,11.200000,0.000000,480,770,960,1100,1600,2100,2400,2600,2900,2900,2900,1678,2,480.0,673.5041949118757,17.13775098323822,2917.819338152185,7389.795589988081
1787910652,50,,Aggregated,12.800000,0.000000,480,760,960,1100,1600,2100,2400,2600,2900,2900,2900,1693,2,480.0,668.330480061291,17.13775098323822,2917.819338152185,7384.6503248671
1787910653,50,,Aggregated,12.600000,0.000000,470,760,960,1100,1600,2100,2400,2600,2900,2900,2900,1703,2,470.0,665.7494000310687,17.13775098323822,2917.819338152185,7382.564298297123
1787910654,50,,Aggregated,12.400000,0.000000,470,760,950,1100,1600,2100,2400,2600,2900,2900,2900,1716,2,470.0,661.3767618432289,17.13775098323822,2917.819338152185,7370.131118881119
1787910655,50,,Aggregated,12.000000,0.000000,460,750,950,1100,1500,2000,2400,2600,2900,2900,2900,1727,2,460.0,658.7549245133823,17.13775098323822,2917.819338152185,7373.158077591199
1787910656,50,,Aggregated,12.400000,0.000000,460,750,950,1100,1500,2000,2400,2600,2900,2900,2900,1738,2,460.0,657.1497102581518,17.13775098323822,2917.819338152185,7368.337744533947
1787910657,50,,Aggregated,12.400000,0.000000,460,740,940,1100,1500,2000,2400,2600,2900,2900,2900,1762,2,460.0,653.3131033271206,17.13775098323822,2917.819338152185,7354.040862656073
1787910658,50,,Aggregated,12.400000,0.000000,450,740,930,1100,1500,2000,2400,2600,2900,2900,2900,1771,2,450.0,650.5917883340063,17.13775098323822,2917.819338152185,7354.004517221909
1787910659,50,,Aggregated,14.100000,0.000000,450,730,930,1100,1500,2000,2400,2600,2900,2900,2900,1785,2,450.0,647.7093943261674,17.13775098323822,2917.819338152185,7378.7081232493
1787910660,50,,Aggregated,13.500000,0.000000,440,730,920,1100,1500,2000,2400,2600,2900,2900,2900,1798,2,440.0,644.6535947694556,17.13775098323822,2917.819338152185,7377.1362625139045
1787910661,50,,Aggregated,13.200000,0.000000,440,720,920,1100,1500,2000,2400,2600,2900,2900,2900,1814,2,440.0,639.9058049114456,17.13775098323822,2917.819338152185,7378.443770672547
1787910662,50,,Aggregated,13.100000,0.000000,430,710,910,1100,1500,2000,2400,2600,2900,2900,2900,1827,2,430.0,637.0532632004837,17.13775098323822,2917.819338152185,7375.961685823755
1787910663,50,,Aggregated,13.500000,0.000000,430,710,910,1100,1500,2000,2400,2600,2900,2900,2900,1839,2,430.0,635.6284525858207,17.13775098323822,2917.819338152185,7377.845568243611
1787910664,50,,Aggregated,13.200000,0.000000,430,710,910,1000,1500,2000,2400,2600,2900,2900,2900,1853,2,430.0,634.1818137448964,17.13775098323822,2917.819338152185,7377.110631408526
1787910665,50,,Aggregated,13.600000,0.000000,430,700,910,1000,1500,2000,2400,2600,2900,2900,2900,1867,2,430.0,630.2959949196425,17.13775098323822,2917.819338152185,7376.722013926084
1787910666,50,,Aggregated,13.600000,0.000000,420,700,900,1000,1500,2000,2400,2600,2900,2900,2900,1880,2,420.0,626.7304053218005,17.13775098323822,2917.819338152185,7368.7
1787910667,50,,Aggregated,14.000000,0.000000,420,700,900,1000,1500,2000,2400,2600,2900,2900,2900,1887,2,420.0,624.827093404664,17.13775098323822,2917.819338152185,7364.1430842607315
1787910668,50,,Aggregated,14.300000,0.000000,420,700,900,1000,1500,2000,2400,2600,2900,2900,2900,1898,2,420.0,625.6482477652672,17.13775098323822,2917.819338152185,7356.532139093783
1787910669,50,,Aggregated,12.500000,0.000000,430,710,900,1000,1500,2000,2400,2500,2900,2900,2900,1904,2,430.0,627.212307576952,17.13775098323822,2917.819338152185,7381.449579831933
1787910670,50,,Aggregated,12.300000,0.000000,430,710,910,1000,1500,2000,2400,2500,2900,2900,2900,1913,2,430.0,631.9644616655587,17.13775098323822,2917.819338152185,7401.799790904339
1787910671,50,,Aggregated,11.900000,0.000000,430,720,920,1100,1500,2000,2400,2600,2900,2900,2900,1923,2,430.0,637.8698510636522,17.13775098323822,2917.819338152185,7400.264690587624
1787910672,50,,Aggregated,11.600000,0.000000,440,730,930,1100,1500,2000,2400,2600,2900,2900,2900,1941,2,440.0,646.8109115777083,17.13775098323822,2917.819338152185,7434.435857805255
1787910673,50,,Aggregated,11.600000,0.000000,440,740,940,1100,1600,2100,2400,2600,2900,2900,2900,1949,2,440.0,649.666404659803,17.13775098323822,2917.819338152185,7439.013853258081
1787910674,50,,Aggregated,11.600000,0.000000,450,750,950,1100,1600,2100,2400,2600,2900,2900,2900,1962,2,450.0,654.395084652032,17.13775098323822,2917.819338152185,7431.820081549439
1787910675,50,,Aggregated,11.200000,0.000000,450,750,950,1100,1600,2100,2500,2600,2900,2900,2900,1969,2,450.0,659.0257679317298,17.13775098323822,2917.819338152185,7444.476383951244
1787910676,50,,Aggregated,10.700000,0.000000,460,760,950,1100,1600,2100,2500,2600,2900,2900,2900,1979,2,460.0,664.1291985890633,17.13775098323822,2917.819338152185,7450.277412834765
1787910677,50,,Aggregated,10.200000,0.000000,460,760,960,1100,1600,2100,2500,2600,2900,2900,2900,1995,2,460.0,666.1196778976548,17.13775098323822,2917.819338152185,7454.7904761904765
1787910678,50,,Aggregated,9.300000,0.000000,460,750,950,1100,1600,2100,2500,2600,2900,2900,2900,2011,2,460.0,663.1958911375781,17.13775098323822,2917.819338152185,7454.217802088513
1787910679,50,,Aggregated,10.700000,0.000000,460,750,950,1100,1600,2100,2500,2600,2900,2900,2900,2026,2,450.0,661.2813645294157,17.13775098323822,2917.819338152185,7470.715202369201
1787910680,50,,Aggregated,11.500000,0.000000,450,750,950,1100,1600,2100,2500,2600,2900,2900,2900,2037,2,450.0,658.2521575644327,17.13775098323822,2917.819338152185,7478.759450171821
1787910681,50,,Aggregated,12.100000,0.000000,440,740,940,1100,1600,2100,2500,2600,2900,2900,2900,2054,2,440.0,654.7881473118109,17.13775098323822,2917.819338152185,7463.93670886076
1787910682,50,,Aggregated,12.400000,0.000000,440,740,940,1100,1600,2100,2500,2600,2900,2900,2900,2068,2,440.0,651.5700223769433,17.13775098323822,2917.819338152185,7464.839458413927
1787910683,50,,Aggregated,13.100000,0.000000,430,730,930,1100,1600,2100,2500,2600,2900,2900,2900,2078,2,430.0,649.2325586857968,17.13775098323822,2917.819338152185,7458.507699711261
1787910684,50,,Aggregated,12.000000,0.000000,430,730,930,1100,1600,2100,2500,2600,2900,2900,2900,2081,2,430.0,648.8801591966081,17.13775098323822,2917.819338152185,7457.239308024988
1787910685,50,,Aggregated,12.500000,0.000000,440,740,940,1100,1600,2100,2500,2600,2900,2900,2900,2090,2,440.0,651.2469392216377,17.13775098323822,2917.819338152185,7456.514832535885
1787910686,50,,Aggregated,12.100000,0.000000,440,750,950,1100,1600,2100,2500,2600,2900,2900,2900,2101,2,440.0,656.9155668991634,17.13775098323822,2917.819338152185,7451.110423607805
1787910687,50,,Aggregated,12.000000,0.000000,450,760,960,1100,1600,2100,2500,2600,2900,2900,2900,2127,2,450.0,663.8550065790812,17.13775098323822,2917.819338152185,7455.349788434414
1787910688,50,,Aggregated,12.300000,0.000000,450,750,960,1100,1600,2100,2500,2600,2900,2900,2900,2134,2,440.0,662.0212918601977,17.13775098323822,2917.819338152185,7456.263823805061
1787910689,50,,Aggregated,12.800000,0.000000,440,750,950,1100,1600,2100,2500,2600,2900,2900,2900,2144,2,440.0,660.0305205455385,17.13775098323822,2917.819338152185,7449.131996268657
1787910690,50,,Aggregated,12.100000,0.000000,440,750,960,1100,1600,2100,2500,2600,2900,2900,2900,2157,2,440.0,660.4006692751384,17.13775098323822,2917.819338152185,7457.058878071395
1787910691,50,,Aggregated,11.700000,0.000000,440,750,950,1100,1600,2100,2500,2600,2900,2900,2900,2166,2,440.0,658.6919867525837,17.13775098323822,2917.819338152185,7448.2349953831945
1787910692,50,,Aggregated,11.300000,0.000000,450,750,950,1100,1600,2100,2500,2600,2900,2900,2900,2174,2,440.0,659.1790283536633,17.13775098323822,2917.819338152185,7447.754369825207
1787910693,50,,Aggregated,11.100000,0.000000,450,750,960,1100,1600,2100,2500,2600,2900,2900,2900,2187,2,450.0,661.5007865083181,17.13775098323822,2917.819338152185,7461.0480109739365
1787910694,50,,Aggregated,11.100000,0.000000,460,750,960,1100,1600,2100,2500,2600,2900,2900,2900,2204,2,460.0,662.4396958800595,17.13775098323822,2917.819338152185,7456.4614337568055
1787910695,50,,Aggregated,10.900000,0.000000,460,750,950,1100,1600,2100,2500,2600,2900,2900,2900,2220,2,460.0,661.5339062754526,17.13775098323822,2917.819338152185,7462.838288288288
1787910696,50,,Aggregated,12.000000,0.000000,460,750,950,1100,1600,2100,2500,2600,2900,2900,2900,2226,2,460.0,660.5951852235869,17.13775098323822,2917.819338152185,7456.272237196766
1787910697,50,,Aggregated,12.900000,0.000000,460,750,950,1100,1600,2100,2500,2600,2900,2900,2900,2243,2,460.0,660.5713186155285,17.13775098323822,2917.819338152185,7482.769505127062
1787910698,50,,Aggregated,12.700000,0.000000,460,740,950,1100,1600,2100,2500,2600,2900,2900,2900,2256,2,450.0,657.7918462443714,17.13775098323822,2917.819338152185,7485.318705673759
1787910699,50,,Aggregated,11.500000,0.000000,450,740,950,1100,1600,2100,2500,2600,2900,2900,2900,2271,2,450.0,655.4240669297708,17.13775098323822,2917.819338152185,7493.437692646411
1787910700,50,,Aggregated,12.000000,0.000000,450,740,940,1100,1600,2100,2500,2600,2900,2900,2900,2279,2,450.0,653.5811040652839,17.13775098323822,2917.819338152185,7489.896884598508
1787910701,50,,Aggregated,12.000000,0.000000,450,740,940,1100,1500,2100,2500,2600,2900,2900,2900,2283,2,450.0,653.2451604508057,17.13775098323822,2917.819338152185,7485.97985107315
1787910702,50,,Aggregated,12.600000,0.000000,450,740,950,1100,1600,2100,2500,2600,2900,2900,2900,2292,2,450.0,656.3009241511346,17.13775098323822,2917.819338152185,7502.035340314136
1787910703,50,,Aggregated,12.000000,0.000000,460,750,960,1100,1600,2100,2500,2600,2900,2900,2900,2312,2,460.0,663.4694006805394,17.13775098323822,2917.819338152185,7498.019031141868
1787910704,50,,Aggregated,11.600000,0.000000,460,750,960,1100,1600,2100,2500,2600,2900,2900,2900,2327,2,460.0,664.1707067088903,17.13775098323822,2917.819338152185,7498.006016330039
1787910705,50,,Aggregated,11.600000,0.000000,460,750,960,1100,1600,2100,2500,2600,2900,2900,2900,2343,2,460.0,662.8902664137197,17.13775098323822,2917.819338152185,7496.084933845497
1787910706,50,,Aggregated,12.100000,0.000000,450,750,950,1100,1600,2100,2400,2600,2900,2900,2900,2356,2,450.0,660.1444705149692,17.13775098323822,2917.819338152185,7492.535653650255
1787910707,50,,Aggregated,11.400000,0.000000,450,740,950,1100,1600,2100,2400,2600,2900,2900,2900,2370,2,450.0,656.9841769212495,17.13775098323822,2917.819338152185,7491.1599156118145
1787910708,50,,Aggregated,12.400000,0.000000,440,740,950,1100,1600,2100,2400,2600,2900,2900,2900,2382,2,440.0,654.8404237498842,17.13775098323822,2917.819338152185,7480.329974811083
1787910709,50,,Aggregated,12.700000,0.000000,440,740,950,1100,1600,2100,2400,2600,2900,2900,2900,2393,2,440.0,654.0657337996261,17.13775098323822,2917.819338152185,7477.797325532804
1787910710,50,,Aggregated,12.500000,0.000000,450,740,950,1100,1600,2100,2400,2600,2900,2900,2900,2405,2,450.0,654.6876699070247,17.13775098323822,2917.819338152185,7472.740540540541
1787910711,50,,Aggregated,12.600000,0.000000,450,740,950,1100,1600,2100,2400,2600,2900,2900,2900,2418,2,450.0,657.4453327305441,17.13775098323822,2917.819338152185,7478.495450785774
1787910712,50,,Aggregated,12.200000,0.000000,450,740,950,1100,1600,2100,2400,2600,2900,2900,2900,2440,2,450.0,657.9541891613845,17.13775098323822,2917.819338152185,7482.41475409836
1787910713,50,,Aggregated,12.700000,0.000000,450,740,950,1100,1600,2100,2400,2600,2900,2900,2900,2450,2,450.0,655.8236199448228,17.13775098323822,2917.819338152185,7479.104081632653
1787910714,50,,Aggregated,13.900000,0.000000,450,740,940,1100,1600,2100,2400,2600,2900,2900,2900,2454,2,450.0,654.8497157817299,17.13775098323822,2917.819338152185,7475.719641401793
1787910715,50,,Aggregated,14.100000,0.000000,450,740,950,1100,1600,2100,2400,2600,2900,2900,2900,2463,2,450.0,655.4869199328584,17.13775098323822,2917.819338152185,7476.283800243606
1787910716,50,,Aggregated,13.200000,0.000000,460,740,950,1100,1600,2100,2400,2600,2900,2900,2900,2473,2,460.0,656.8637461564589,17.13775098323822,2917.819338152185,7467.999595632835
1787910717,50,,Aggregated,12.600000,0.000000,460,750,950,1100,1600,2100,2400,2600,2900,2900,2900,2491,2,460.0,660.168587970138,17.13775098323822,2917.819338152185,7475.827378562826
1787910718,50,,Aggregated,12.200000,0.000000,460,750,950,1100,1600,2100,2400,2600,2900,2900,2900,2502,2,460.0,662.0036495613496,17.13775098323822,2917.819338152185,7475.577138289368
1787910719,50,,Aggregated,11.800000,0.000000,470,750,960,1100,1600,2100,2400,2600,2900,2900,2900,2515,2,470.0,662.6272200542885,17.13775098323822,2917.819338152185,7478.583697813121
1787910720,50,,Aggregated,11.600000,0.000000,460,750,950,1100,1600,2100,2400,2600,2900,2900,2900,2522,2,460.0,662.1176031477968,17.13775098323822,2917.819338152185,7481.68358445678
1787910721,50,,Aggregated,11.500000,0.000000,460,750,950,1100,1600,2100,2400,2600,2900,2900,2900,2537,2,460.0,660.1659977638997,17.13775098323822,2917.819338152185,7491.340165549862
1787910722,50,,Aggregated,11.900000,0.000000,460,750,950,1100,1600,2100,2400,2600,2900,2900,2900,2544,2,460.0,659.0337048218997,11.503434972837567,2917.819338152185,7498.1875
1787910723,50,,Aggregated,12.000000,0.000000,460,750,950,1100,1600,2100,2400,2600,2900,2900,2900,2550,2,460.0,659.6344989721719,11.503434972837567,2917.819338152185,7495.692156862745
1787910724,50,,Aggregated,11.200000,0.000000,460,750,960,1100,1600,2100,2400,2600,2900,2900,2900,2555,2,460.0,661.3314206450412,11.503434972837567,2917.819338152185,7494.291976516634
1787910725,50,,Aggregated,10.600000,0.000000,470,760,960,1100,1600,2100,2400,2600,2900,3300,3300,2562,2,470.0,665.5587613071692,11.503434972837567,3334.7270430531353,7499.490241998439
1787910726,50,,Aggregated,10.000000,0.000000,470,770,970,1100,1600,2100,2500,2600,3600,3700,3700,2580,2,470.0,678.5771636386193,11.503434972837567,3671.1154931690544,7511.78488372093
1787910727,50,,Aggregated,10.100000,0.000000,480,770,970,1100,1600,2200,2500,2600,3600,3700,3700,2599,2,480.0,686.0772912622017,11.503434972837567,3671.1154931690544,7519.233166602539
1787910728,50,,Aggregated,9.500000,0.000000,480,770,970,1100,1600,2200,2500,2600,3600,3700,3700,2609,2,480.0,685.934976688181,11.503434972837567,3671.1154931690544,7535.787274817938
1787910729,50,,Aggregated,10.500000,0.000000,470,770,970,1100,1600,2200,2500,2600,3600,3700,3700,2619,2,470.0,685.0526195609606,11.503434972837567,3671.1154931690544,7544.288277968691
1787910730,50,,Aggregated,11.000000,0.000000,480,770,970,1100,1600,2200,2500,2600,3600,3700,3700,2632,2,470.0,684.88733593251,11.503434972837567,3671.1154931690544,7542.406155015197
1787910731,50,,Aggregated,11.400000,0.000000,480,770,980,1100,1600,2200,2500,2600,3600,3700,3700,2639,2,480.0,685.3174410463783,11.503434972837567,3671.1154931690544,7542.15649867374
1787910732,50,,Aggregated,10.500000,0.000000,480,780,980,1100,1600,2200,2500,2600,3600,3700,3700,2660,2,480.0,688.7570110832418,11.503434972837567,3671.1154931690544,7538.001879699248
1787910733,50,,Aggregated,10.600000,0.000000,480,780,980,1100,1600,2100,2500,2600,3600,3700,3700,2670,2,480.0,687.9658109293937,11.503434972837567,3671.1154931690544,7539.775280898876
1787910734,50,,Aggregated,10.200000,0.000000,480,770,980,1100,1600,2100,2500,2600,3600,3700,3700,2673,2,480.0,687.7157159118811,11.503434972837567,3671.1154931690544,7539.395809951366
1787910735,50,,Aggregated,11.800000,0.000000,480,780,990,1200,1600,2100,2500,2600,3600,3700,3700,2684,2,480.0,690.0706597122061,11.503434972837567,3671.1154931690544,7542.907973174367
1787910736,50,,Aggregated,11.700000,0.000000,490,790,990,1200,1600,2100,2500,2600,3600,3700,3700,2693,3,490.0,692.2177432293078,11.503434972837567,3671.1154931690544,7536.73969550687
1787910737,50,,Aggregated,11.500000,0.000000,490,790,990,1200,1600,2200,2500,2600,3600,3700,3700,2701,3,490.0,694.8497372237025,11.503434972837567,3671.1154931690544,7547.773047019622
1787910738,50,,Aggregated,12.100000,0.000000,490,800,1000,1200,1600,2200,2500,2700,3600,3700,3700,2715,4,490.0,701.5067914507694,11.503434972837567,3671.1154931690544,7552.290976058932
1787910739,50,,Aggregated,10.900000,0.100000,500,800,1000,1200,1700,2200,2500,2700,3600,3700,3700,2729,4,500.0,706.0734582100829,11.503434972837567,3671.1154931690544,7554.6108464639065
1787910740,50,,Aggregated,10.100000,0.100000,500,800,1000,1200,1700,2200,2500,2700,3600,3700,3700,2745,4,500.0,707.1916141503157,11.503434972837567,3671.1154931690544,7560.603642987249
1787910741,50,,Aggregated,10.000000,0.200000,500,800,1000,1200,1700,2200,2500,2700,3600,3700,3700,2757,4,500.0,704.5817351471031,11.503434972837567,3671.1154931690544,7557.79941965905
1787910742,50,,Aggregated,10.900000,0.200000,490,800,1000,1200,1700,2200,2500,2700,3600,3700,3700,2766,4,490.0,703.1146984711352,11.503434972837567,3671.1154931690544,7563.831887201735
1787910743,50,,Aggregated,11.100000,0.200000,490,800,1000,1200,1700,2200,2500,2700,3600,3700,3700,2777,4,490.0,700.9110382873281,11.503434972837567,3671.1154931690544,7561.718761253151
1787910744,50,,Aggregated,11.700000,0.200000,490,790,1000,1200,1700,2200,2500,2700,3600,3700,3700,2784,4,490.0,700.5381267837278,11.503434972837567,3671.1154931690544,7558.748563218391
1787910745,50,,Aggregated,10.200000,0.200000,490,800,1000,1200,1700,2200,2500,2700,3600,3700,3700,2793,4,490.0,702.8868041066116,11.503434972837567,3671.1154931690544,7561.504833512352
1787910746,50,,Aggregated,10.700000,0.200000,500,810,1000,1200,1700,2200,2500,2700,3600,3700,3700,2808,5,500.0,707.6232671400862,11.503434972837567,3671.1154931690544,7554.700142450142
1787910748,50,,Aggregated,11.200000,0.200000,500,810,1000,1200,1700,2200,2500,2700,3600,3700,3700,2815,5,500.0,708.4697586162508,11.503434972837567,3671.1154931690544,7557.279928952043
1787910749,50,,Aggregated,11.300000,0.200000,500,810,1000,1200,1700,2200,2500,2700,3600,3700,3700,2837,5,500.0,709.6054502222017,11.503434972837567,3671.1154931690544,7566.604511808248
1787910750,50,,Aggregated,11.300000,0.200000,500,800,1000,1200,1700,2200,2500,2700,3600,3700,3700,2851,5,500.0,706.3861875591479,11.503434972837567,3671.1154931690544,7550.699052963872
1787910751,50,,Aggregated,11.300000,0.200000,500,800,1000,1200,1700,2200,2500,2700,3600,3700,3700,2858,5,500.0,704.9368426578146,11.503434972837567,3671.1154931690544,7553.87788663401
1787910752,50,,Aggregated,12.200000,0.100000,490,800,1000,1200,1700,2200,2500,2700,3600,3700,3700,2873,5,490.0,703.577111240313,11.503434972837567,3671.1154931690544,7560.916463626871
1787910753,50,,Aggregated,11.200000,0.100000,500,800,1000,1200,1700,2200,2500,2700,3600,3700,3700,2888,5,500.0,703.2648015712031,11.503434972837567,3671.1154931690544,7565.143005540166
1787910754,50,,Aggregated,11.200000,0.100000,500,800,1000,1200,1700,2200,2500,2700,3600,3700,3700,2898,5,500.0,703.625944432924,11.503434972837567,3671.1154931690544,7554.723257418909
1787910755,50,,Aggregated,11.500000,0.100000,500,800,1000,1200,1700,2200,2500,2700,3600,3700,3700,2913,5,500.0,704.5626248260355,11.503434972837567,3671.1154931690544,7554.366975626502
1787910756,50,,Aggregated,12.100000,0.100000,500,800,1000,1200,1700,2200,2500,2700,3600,3700,3700,2924,5,500.0,704.5081362273817,11.503434972837567,3671.1154931690544,7555.7667578659375
1787910757,50,,Aggregated,12.800000,0.100000,500,800,1000,1200,1700,2200,2500,2700,3600,3700,3700,2939,5,500.0,705.0057354640005,11.503434972837567,3671.1154931690544,7571.782579108541
1787910758,50,,Aggregated,13.000000,0.100000,500,800,1000,1200,1700,2200,2500,2700,3600,3700,3700,2954,5,500.0,702.9973929704589,11.503434972837567,3671.1154931690544,7569.922816519973
1787910759,50,,Aggregated,13.000000,0.100000,500,800,1000,1200,1700,2200,2500,2700,3600,3700,3700,2961,5,500.0,701.6015578440665,11.503434972837567,3671.1154931690544,7567.381290104694
1787910760,50,,Aggregated,13.600000,0.000000,500,800,1000,1200,1700,2200,2500,2700,3600,3700,3700,2971,5,500.0,701.4685434615914,11.503434972837567,3671.1154931690544,7565.185796028273
1787910761,50,,Aggregated,13.600000,0.000000,500,800,1000,1200,1700,2200,2500,2700,3600,3700,3700,2984,5,500.0,701.3269798811738,11.503434972837567,3671.1154931690544,7565.487600536193
1787910762,50,,Aggregated,11.900000,0.000000,500,800,1000,1200,1600,2200,2500,2700,3600,3700,3700,2998,5,500.0,701.563942557253,11.503434972837567,3671.1154931690544,7553.411941294196
1787910763,50,,Aggregated,12.600000,0.000000,500,800,1000,1200,1600,2100,2500,2700,3600,3700,3700,3009,5,500.0,702.4571101072725,11.503434972837567,3671.1154931690544,7549.5211033565965
1787910764,50,,Aggregated,12.300000,0.000000,510,800,1000,1200,1700,2100,2500,2700,3600,3700,3700,3026,7,510.0,703.4613102798671,11.503434972837567,3671.1154931690544,7550.144415069399
1787910765,50,,Aggregated,12.300000,0.000000,500,790,1000,1200,1600,2100,2500,2700,3600,3700,3700,3039,7,500.0,701.0122955047077,11.503434972837567,3671.1154931690544,7554.836788417242
1787910766,50,,Aggregated,12.300000,0.000000,500,790,1000,1200,1600,2100,2500,2700,3600,3700,3700,3048,7,500.0,699.2115077898432,11.503434972837567,3671.1154931690544,7557.788385826771
1787910767,50,,Aggregated,12.100000,0.200000,500,790,1000,1200,1600,2100,2500,2700,3600,3700,3700,3056,7,500.0,698.5052400120047,11.503434972837567,3671.1154931690544,7554.262107329843
1787910768,50,,Aggregated,12.500000,0.200000,500,790,1000,1200,1600,2100,2500,2700,3600,3700,3700,3068,7,500.0,699.2088669991167,11.503434972837567,3671.1154931690544,7554.838005215124
1787910769,50,,Aggregated,11.600000,0.200000,500,790,1000,1200,1600,2100,2500,2700,3600,3700,3700,3078,7,500.0,700.5914351615456,11.503434972837567,3671.1154931690544,7550.714100064977
1787910770,50,,Aggregated,11.500000,0.200000,510,800,1000,1200,1600,2100,2500,2700,3600,3700,3700,3093,7,510.0,702.5942216787488,11.503434972837567,3671.1154931690544,7553.706433882961
1787910771,50,,Aggregated,11.400000,0.200000,510,800,1000,1200,1600,2100,2500,2700,3600,3700,3700,3113,7,510.0,702.5125429081802,11.503434972837567,3671.1154931690544,7544.216832637328
1787910772,50,,Aggregated,12.000000,0.200000,510,790,1000,1200,1600,2100,2500,2700,3600,3700,3700,3127,8,510.0,700.1206958657509,11.503434972837567,3671.1154931690544,7536.985609210105
1787910773,50,,Aggregated,12.200000,0.200000,500,790,1000,1200,1600,2100,2500,2700,3600,3700,3700,3135,8,500.0,698.6329584417381,11.503434972837567,3671.1154931690544,7540.180542264753
1787910774,50,,Aggregated,12.900000,0.300000,500,790,1000,1200,1600,2100,2500,2700,3600,3700,3700,3145,8,500.0,696.8571685793527,11.503434972837567,3671.1154931690544,7543.397456279809
1787910775,50,,Aggregated,12.300000,0.300000,500,790,990,1200,1600,2100,2500,2700,3600,3700,3700,3166,8,500.0,695.3145881338322,11.503434972837567,3671.1154931690544,7534.770056854075
1787910776,50,,Aggregated,11.700000,0.100000,500,780,990,1200,1600,2100,2500,2700,3600,3700,3700,3180,8,500.0,694.3018391147057,11.503434972837567,3671.1154931690544,7536.896540880503
1787910777,50,,Aggregated,12.400000,0.100000,490,780,990,1200,1600,2100,2500,2700,3600,3700,3700,3190,8,490.0,692.9505409186759,11.503434972837567,3671.1154931690544,7543.742946708464
1787910778,50,,Aggregated,12.700000,0.100000,490,780,990,1200,1600,2100,2500,2600,3600,3700,3700,3207,8,490.0,691.0510934252753,11.503434972837567,3671.1154931690544,7537.455565949485
1787910779,50,,Aggregated,13.400000,0.100000,490,780,980,1200,1600,2100,2500,2600,3600,3700,3700,3222,8,490.0,688.3609360803675,11.503434972837567,3671.1154931690544,7539.886095592799
1787910780,50,,Aggregated,13.300000,0.100000,480,770,980,1100,1600,2100,2500,2600,3600,3700,3700,3232,8,480.0,686.9527313064831,11.503434972837567,3671.1154931690544,7535.1673886138615
1787910781,50,,Aggregated,13.900000,0.100000,480,770,980,1100,1600,2100,2500,2600,3600,3700,3700,3248,8,480.0,685.848042346595,11.503434972837567,3671.1154931690544,7535.487992610838
1787910782,50,,Aggregated,13.800000,0.100000,480,770,980,1100,1600,2100,2500,2600,3600,3700,3700,3261,8,480.0,683.9078735608445,11.503434972837567,3671.1154931690544,7543.695492180313
1787910783,50,,Aggregated,13.600000,0.100000,480,770,970,1100,1600,2100,2500,2600,3600,3700,3700,3272,8,480.0,681.9638992701873,11.503434972837567,3671.1154931690544,7538.886613691931
1787910784,50,,Aggregated,13.100000,0.000000,480,770,970,1100,1600,2100,2500,2600,3600,3700,3700,3294,8,480.0,681.6581459103138,11.503434972837567,3671.1154931690544,7542.206435944141
1787910785,50,,Aggregated,14.000000,0.000000,480,770,970,1100,1600,2100,2500,2600,3600,3700,3700,3300,8,480.0,680.5648208355926,11.503434972837567,3671.1154931690544,7541.985151515151
1787910786,50,,Aggregated,13.500000,0.000000,480,760,970,1100,1600,2100,2500,2600,3600,3700,3700,3304,8,480.0,680.3100136138717,11.503434972837567,3671.1154931690544,7542.4449152542375
1787910787,50,,Aggregated,13.900000,0.000000,480,760,970,1100,1600,2100,2500,2600,3600,3700,3700,3324,8,480.0,680.6742507117104,11.503434972837567,3671.1154931690544,7546.867027677497
1787910788,50,,Aggregated,12.800000,0.000000,480,760,970,1100,1600,2100,2500,2600,3600,3700,3700,3338,8,480.0,679.7109520970412,11.503434972837567,3671.1154931690544,7551.079988016777
1787910789,50,,Aggregated,12.400000,0.000000,480,760,960,1100,1600,2100,2500,2600,3600,3700,3700,3358,8,480.0,676.7386619222532,11.503434972837567,3671.1154931690544,7547.431506849315
1787910790,50,,Aggregated,13.400000,0.000000,480,760,960,1100,1600,2100,2500,2600,3600,3700,3700,3371,9,480.0,675.4645306912083,11.503434972837567,3671.1154931690544,7550.690299614358
1787910791,50,,Aggregated,13.100000,0.000000,480,750,960,1100,1600,2100,2500,2600,3600,3700,3700,3381,9,480.0,673.668429151087,11.503434972837567,3671.1154931690544,7546.299615498373
1787910792,50,,Aggregated,13.400000,0.100000,470,750,960,1100,1600,2100,2500,2600,3600,3700,3700,3396,9,470.0,670.9332314055404,11.503434972837567,3671.1154931690544,7533.526501766784
1787910793,50,,Aggregated,13.200000,0.100000,470,750,960,1100,1600,2100,2500,2600,3600,3700,3700,3405,9,470.0,669.3979235712668,11.503434972837567,3671.1154931690544,7533.008516886931
1787910794,50,,Aggregated,13.300000,0.100000,470,740,950,1100,1600,2100,2500,2600,3600,3700,3700,3413,9,470.0,668.3686369865093,11.503434972837567,3671.1154931690544,7528.508936419572
1787910795,50,,Aggregated,12.600000,0.100000,460,740,950,1100,1600,2100,2500,2600,3600,3700,3700,3430,9,460.0,666.3555304440412,11.503434972837567,3671.1154931690544,7527.525655976677
1787910796,50,,Aggregated,13.000000,0.100000,460,740,950,1100,1600,2100,2500,2600,3600,3700,3700,3440,9,460.0,665.051048732739,11.503434972837567,3671.1154931690544,7519.7072674418605
1787910797,50,,Aggregated,12.500000,0.100000,460,740,950,1100,1600,2100,2500,2600,3600,3700,3700,3449,9,460.0,665.2446017451001,11.503434972837567,3671.1154931690544,7521.427950130473
1787910798,50,,Aggregated,13.000000,0.100000,470,740,950,1100,1600,2100,2500,2600,3600,3700,3700,3457,9,470.0,666.1950978726614,11.503434972837567,3671.1154931690544,7517.237489152444
1787910799,50,,Aggregated,13.200000,0.100000,470,750,960,1100,1600,2100,2500,2600,3600,3700,3700,3465,9,470.0,668.2423250241042,11.503434972837567,3671.1154931690544,7517.742857142857
1787910800,50,,Aggregated,11.800000,0.100000,470,750,960,1100,1600,2100,2500,2600,3600,3700,3700,3473,9,470.0,670.777433780388,11.503434972837567,3671.1154931690544,7515.871868701411
1787910801,50,,Aggregated,11.500000,0.100000,480,760,970,1100,1600,2100,2500,2700,3600,3700,3700,3494,10,480.0,677.2136272486453,11.503434972837567,3671.1154931690544,7516.550085861477
1787910802,50,,Aggregated,10.700000,0.000000,470,760,970,1100,1600,2100,2500,2700,3600,3700,3700,3512,10,470.0,675.987013070518,11.503434972837567,3671.1154931690544,7513.915432801822
1787910803,50,,Aggregated,10.300000,0.000000,470,760,960,1100,1600,2100,2500,2700,3600,3700,3700,3521,10,470.0,674.4434527445238,11.503434972837567,3671.1154931690544,7511.201647259301
1787910804,50,,Aggregated,11.300000,0.100000,470,760,960,1100,1600,2100,2500,2700,3600,3700,3700,3526,10,470.0,674.1345793319686,11.503434972837567,3671.1154931690544,7512.390243902439
1787910805,50,,Aggregated,11.600000,0.100000,480,760,960,1100,1600,2100,2500,2700,3600,3700,3700,3538,10,470.0,675.1093750771787,11.503434972837567,3671.1154931690544,7513.888355002827
1787910806,50,,Aggregated,11.700000,0.100000,480,760,970,1100,1600,2100,2500,2700,3600,3700,3700,3549,10,480.0,676.1993569775651,11.503434972837567,3671.1154931690544,7509.9056072133
1787910807,50,,Aggregated,10.500000,0.100000,480,770,980,1100,1600,2100,2500,2700,3600,3700,3700,3560,10,480.0,678.6621515823559,11.503434972837567,3671.1154931690544,7508.702247191011
1787910808,50,,Aggregated,10.600000,0.100000,480,770,980,1100,1600,2100,2500,2700,3600,3700,3700,3583,10,480.0,680.3886110869299,11.503434972837567,3671.1154931690544,7513.945297236953
1787910809,50,,Aggregated,10.700000,0.100000,480,770,980,1100,1600,2100,2500,2700,3600,3700,3700,3588,10,480.0,679.7684038176285,11.503434972837567,3671.1154931690544,7510.320234113712
1787910810,50,,Aggregated,11.700000,0.100000,480,770,980,1100,1600,2100,2500,2600,3600,3700,3700,3602,10,480.0,680.4968377701713,11.503434972837567,3671.1154931690544,7506.372293170461
1787910811,50,,Aggregated,12.500000,0.100000,480,770,980,1100,1600,2100,2500,2600,3600,3700,3700,3618,10,480.0,680.6488200009097,11.503434972837567,3671.1154931690544,7506.811221669431
1787910812,50,,Aggregated,12.100000,0.100000,480,770,970,1100,1600,2100,2500,2600,3600,3700,3700,3634,10,480.0,679.4172235342726,11.503434972837567,3671.1154931690544,7501.138965327463
1787910813,50,,Aggregated,12.900000,0.100000,480,760,970,1100,1600,2100,2500,2600,3600,3700,3700,3649,10,480.0,677.5976966075737,11.503434972837567,3671.1154931690544,7499.255138394081
1787910814,50,,Aggregated,12.000000,0.000000,480,760,970,1100,1600,2100,2500,2600,3600,3700,3700,3658,10,480.0,676.975414203378,11.503434972837567,3671.1154931690544,7494.811098961181
1787910815,50,,Aggregated,12.300000,0.000000,480,760,970,1100,1600,2100,2500,2600,3600,3700,3700,3670,10,480.0,677.0713941031072,11.503434972837567,3671.1154931690544,7496.525340599455
1787910816,50,,Aggregated,12.700000,0.000000,480,760,970,1100,1600,2100,2500,2600,3600,3700,3700,3686,10,480.0,677.1707173395948,11.503434972837567,3671.1154931690544,7497.439229517092
1787910817,50,,Aggregated,13.400000,0.000000,480,760,970,1100,1600,2100,2500,2600,3600,3700,3700,3701,10,480.0,675.8453241996472,11.503434972837567,3671.1154931690544,7502.215077006214
1787910818,50,,Aggregated,13.200000,0.000000,480,760,960,1100,1600,2100,2500,2600,3600,3700,3700,3715,10,480.0,673.6245619833173,11.503434972837567,3671.1154931690544,7494.68263795424
1787910819,50,,Aggregated,13.800000,0.000000,470,750,960,1100,1600,2100,2500,2600,3600,3700,3700,3723,10,470.0,672.4773862684586,11.503434972837567,3671.1154931690544,7499.307279076014
1787910820,50,,Aggregated,13.300000,0.000000,470,750,960,1100,1600,2100,2500,2600,3600,3700,3700,3734,10,470.0,670.7653929162037,11.503434972837567,3671.1154931690544,7493.098553829674
1787910821,50,,Aggregated,13.000000,0.000000,470,750,960,1100,1600,2100,2500,2600,3600,3700,3700,3745,10,470.0,670.5167886431146,11.503434972837567,3671.1154931690544,7505.133511348465
1787910822,50,,Aggregated,13.500000,0.000000,470,750,960,1100,1600,2100,2500,2600,3600,3700,3700,3767,10,470.0,668.9500092571532,11.503434972837567,3671.1154931690544,7496.165914520839
1787910823,50,,Aggregated,12.800000,0.000000,470,740,960,1100,1600,2100,2500,2600,3600,3700,3700,3777,10,470.0,667.7485963034767,11.503434972837567,3671.1154931690544,7497.289118347895
1787910824,50,,Aggregated,12.400000,0.000000,470,740,960,1100,1600,2100,2500,2600,3600,3700,3700,3788,10,470.0,666.3188079010387,11.503434972837567,3671.1154931690544,7493.888595564942
1787910826,50,,Aggregated,12.700000,0.000000,470,740,950,1100,1600,2100,2500,2600,3600,3700,3700,3801,10,470.0,665.4675721073382,11.503434972837567,3671.1154931690544,7491.047355958958
1787910827,50,,Aggregated,12.700000,0.000000,460,740,950,1100,1600,2100,2500,2600,3600,3700,3700,3814,10,460.0,664.0526833945244,11.503434972837567,3671.1154931690544,7495.750393287887
1787910828,50,,Aggregated,12.900000,0.000000,460,730,950,1100,1600,2100,2500,2600,3600,3700,3700,3824,10,460.0,662.6821972092928,11.503434972837567,3671.1154931690544,7492.10329497908
1787910829,50,,Aggregated,12.900000,0.000000,460,730,950,1100,1600,2100,2500,2600,3600,3700,3700,3832,10,460.0,661.9827746100008,11.503434972837567,3671.1154931690544,7489.8885699373695
1787910830,50,,Aggregated,12.600000,0.000000,460,730,950,1100,1600,2100,2500,2600,3600,3700,3700,3840,10,460.0,662.2951178640506,11.503434972837567,3671.1154931690544,7498.5453125
1787910831,50,,Aggregated,12.200000,0.000000,460,730,950,1100,1600,2100,2500,2600,3600,3700,3700,3860,10,460.0,662.6348823871116,11.503434972837567,3671.1154931690544,7497.718911917098
1787910832,50,,Aggregated,11.500000,0.000000,460,730,950,1100,1600,2100,2500,2600,3600,3700,3700,3871,11,460.0,661.700196123317,11.503434972837567,3671.1154931690544,7496.973391888401
1787910833,50,,Aggregated,12.600000,0.000000,460,730,950,1100,1600,2100,2500,2600,3600,3700,3700,3884,11,460.0,661.5568965250347,11.503434972837567,3671.1154931690544,7495.397785787847
1787910834,50,,Aggregated,12.500000,0.100000,460,730,950,1100,1600,2100,2500,2600,3600,3700,3700,3894,11,460.0,661.1119918456458,11.503434972837567,3671.1154931690544,7497.15716486903
1787910835,50,,Aggregated,12.500000,0.100000,460,730,950,1100,1600,2100,2500,2600,3600,3700,3700,3901,11,460.0,660.8796688992796,11.503434972837567,3671.1154931690544,7493.577287874904
1787910836,50,,Aggregated,11.500000,0.100000,460,730,950,1100,1600,2100,2500,2600,3600,3700,3700,3909,11,460.0,661.4614620530322,11.503434972837567,3671.1154931690544,7493.520593502174
1787910837,50,,Aggregated,11.300000,0.100000,470,740,950,1100,1600,2100,2500,2600,3600,3700,3700,3925,11,470.0,664.5302014567765,11.503434972837567,3671.1154931690544,7493.7414012738855
1787910838,50,,Aggregated,11.300000,0.100000,470,740,960,1100,1600,2100,2500,2600,3600,3700,3700,3930,11,470.0,665.2760441990275,11.503434972837567,3671.1154931690544,7489.352417302799
1787910839,50,,Aggregated,10.800000,0.100000,470,750,960,1100,1600,2100,2500,2700,3600,3700,3700,3943,11,470.0,670.1803110186091,11.503434972837567,3671.1154931690544,7496.651787978696
1787910840,50,,Aggregated,10.700000,0.100000,470,750,960,1100,1600,2100,2500,2700,3600,3700,3700,3970,11,470.0,673.4627937747316,11.503434972837567,3671.1154931690544,7514.888664987406
1787910841,50,,Aggregated,11.000000,0.100000,470,750,960,1100,1600,2100,2500,2700,3600,3700,3700,3976,11,470.0,672.6100452177408,11.503434972837567,3671.1154931690544,7513.240945674044
1787910842,50,,Aggregated,12.500000,0.100000,470,750,960,1100,1600,2100,2500,2700,3600,3700,3700,3984,11,470.0,672.802340754623,11.503434972837567,3671.1154931690544,7514.460592369478
1787910843,50,,Aggregated,11.500000,0.100000,470,750,960,1100,1600,2100,2500,2700,3600,3700,3700,4004,11,470.0,672.7385780415042,11.503434972837567,3671.1154931690544,7515.211038961039
1787910844,50,,Aggregated,11.200000,0.000000,470,740,960,1100,1600,2100,2500,2700,3600,3700,3700,4018,11,470.0,670.7938086212973,11.503434972837567,3671.1154931690544,7527.751617720259
1787910845,50,,Aggregated,11.700000,0.000000,470,740,960,1100,1600,2100,2500,2700,3600,3700,3700,4024,11,470.0,670.5019131166167,11.503434972837567,3671.1154931690544,7528.582256461233
1787910846,50,,Aggregated,12.300000,0.000000,470,740,960,1100,1600,2100,2500,2700,3600,3700,3700,4032,11,470.0,670.740739434497,11.503434972837567,3671.1154931690544,7530.303075396825
1787910847,50,,Aggregated,12.000000,0.000000,470,740,960,1100,1600,2100,2500,2700,3600,3700,3700,4053,11,470.0,670.4727721430661,11.503434972837567,3671.1154931690544,7528.759930915371
1787910848,50,,Aggregated,12.300000,0.000000,470,740,960,1100,1600,2100,2500,2700,3600,3700,3700,4068,11,470.0,668.3948852539414,11.503434972837567,3671.1154931690544,7514.220009832841
1787910849,50,,Aggregated,12.900000,0.000000,470,740,960,1100,1600,2100,2500,2700,3600,3700,3700,4080,11,470.0,666.9648170919733,11.503434972837567,3671.1154931690544,7508.914705882353
1787910850,50,,Aggregated,13.600000,0.000000,460,730,960,1100,1600,2100,2500,2700,3600,3700,3700,4096,12,460.0,665.2416122441309,11.503434972837567,3671.1154931690544,7504.486083984375
1787910851,50,,Aggregated,13.400000,0.000000,460,730,960,1100,1600,2100,2500,2700,3600,3700,3700,4106,12,460.0,664.5994258950851,11.503434972837567,3671.1154931690544,7504.697759376522
1787910852,50,,Aggregated,12.700000,0.100000,460,730,960,1100,1600,2100,2500,2700,3600,3700,3700,4114,12,460.0,664.9586213328167,11.503434972837567,3671.1154931690544,7505.108896451143
1787910853,50,,Aggregated,12.800000,0.100000,470,730,960,1100,1600,2100,2500,2700,3600,3700,3700,4126,12,470.0,666.2732701789465,11.503434972837567,3671.1154931690544,7507.507270964615
1787910854,50,,Aggregated,12.900000,0.100000,470,740,960,1100,1600,2100,2500,2700,3600,3700,3700,4139,12,470.0,667.6234215350363,11.503434972837567,3671.1154931690544,7512.019328340179
1787910855,50,,Aggregated,12.400000,0.100000,470,740,960,1100,1600,2100,2500,2700,3600,3700,3700,4148,13,470.0,667.9803727702875,11.503434972837567,3671.1154931690544,7508.4824011571845
1787910856,50,,Aggregated,11.900000,0.100000,470,740,960,1100,1600,2100,2500,2700,3600,3700,3700,4170,13,470.0,666.9097144239888,11.503434972837567,3671.1154931690544,7503.78345323741
1787910857,50,,Aggregated,12.300000,0.200000,470,730,960,1100,1600,2100,2500,2700,3600,3700,3700,4179,13,470.0,666.0883934122849,11.503434972837567,3671.1154931690544,7500.66570949988
1787910858,50,,Aggregated,13.200000,0.200000,470,730,950,1100,1600,2100,2500,2700,3600,3700,3700,4194,13,470.0,664.8062867980493,11.503434972837567,3671.1154931690544,7494.931807343824
1787910859,50,,Aggregated,12.200000,0.200000,460,730,950,1100,1600,2100,2500,2700,3600,3700,3700,4207,13,460.0,663.50481521717,11.503434972837567,3671.1154931690544,7499.402662229617
1787910860,50,,Aggregated,12.200000,0.200000,460,730,950,1100,1600,2100,2500,2700,3600,3700,3700,4225,13,460.0,661.0689281031886,11.503434972837567,3671.1154931690544,7496.747455621302
1787910861,50,,Aggregated,12.700000,0.200000,460,730,950,1100,1600,2100,2500,2700,3600,3700,3700,4240,13,460.0,659.1850151227159,11.503434972837567,3671.1154931690544,7496.075
1787910862,50,,Aggregated,12.700000,0.100000,450,720,940,1100,1600,2100,2500,2700,3600,3700,3700,4258,14,450.0,656.8751393272963,11.503434972837567,3671.1154931690544,7490.130577736027
1787910863,50,,Aggregated,13.100000,0.100000,450,720,940,1100,1600,2100,2500,2700,3600,3700,3700,4268,14,450.0,655.575590073755,11.503434972837567,3671.1154931690544,7492.109887535145
1787910864,50,,Aggregated,13.600000,0.200000,450,720,940,1100,1500,2100,2500,2700,3600,3700,3700,4284,14,450.0,653.8017017891945,11.503434972837567,3671.1154931690544,7487.129318394024
1787910865,50,,Aggregated,14.200000,0.200000,450,720,940,1100,1500,2100,2500,2700,3600,3700,3700,4291,14,450.0,653.1330300153189,11.503434972837567,3671.1154931690544,7486.1099976695405
1787910866,50,,Aggregated,14.100000,0.200000,450,720,940,1100,1500,2000,2500,2700,3600,3700,3700,4302,14,450.0,653.5756790091841,11.503434972837567,3671.1154931690544,7482.590887959089
1787910867,50,,Aggregated,14.400000,0.100000,450,720,940,1100,1600,2000,2500,2700,3600,3700,3700,4325,14,450.0,655.1018748041565,11.503434972837567,3671.1154931690544,7472.639306358382
1787910868,50,,Aggregated,13.400000,0.100000,450,720,940,1100,1600,2000,2500,2700,3600,3700,3700,4340,14,450.0,654.1402506379707,11.503434972837567,3671.1154931690544,7474.23732718894
1787910869,50,,Aggregated,13.900000,0.100000,450,720,940,1100,1500,2000,2500,2700,3600,3700,3700,4351,14,450.0,652.7055681312713,11.503434972837567,3671.1154931690544,7471.652263847392
1787910870,50,,Aggregated,14.800000,0.100000,450,710,930,1100,1500,2000,2500,2700,3600,3700,3700,4366,15,450.0,650.8825560510684,11.503434972837567,3671.1154931690544,7461.141777370591
1787910871,50,,Aggregated,14.000000,0.100000,450,710,930,1100,1500,2000,2500,2700,3600,3700,3700,4372,15,450.0,650.2667363691088,11.503434972837567,3671.1154931690544,7463.736962488563
1787910872,50,,Aggregated,13.800000,0.100000,450,710,930,1100,1500,2000,2500,2700,3600,3700,3700,4380,15,450.0,650.4315155067111,11.503434972837567,3671.1154931690544,7463.836529680365
1787910873,50,,Aggregated,13.400000,0.200000,450,710,940,1100,1500,2000,2500,2700,3600,3700,3700,4394,16,450.0,651.2266045853705,11.503434972837567,3671.1154931690544,7466.51775147929
1787910874,50,,Aggregated,12.700000,0.100000,450,710,940,1100,1500,2000,2500,2700,3600,3700,3700,4401,16,450.0,651.3429101251495,11.503434972837567,3671.1154931690544,7470.0322653942285
1787910875,50,,Aggregated,11.900000,0.100000,450,710,940,1100,1500,2000,2500,2700,3600,3700,3700,4412,16,450.0,652.0412430144085,11.503434972837567,3671.1154931690544,7467.706255666364
1787910876,50,,Aggregated,12.300000,0.200000,450,710,940,1100,1500,2000,2500,2700,3600,3700,3700,4422,16,450.0,652.2418375712832,11.503434972837567,3671.1154931690544,7464.015603799186
1787910877,50,,Aggregated,11.700000,0.200000,450,720,940,1100,1600,2000,2500,2700,3600,3700,3700,4438,16,450.0,653.6844343278258,11.503434972837567,3671.1154931690544,7465.408292023434
1787910878,50,,Aggregated,12.200000,0.200000,450,710,940,1100,1500,2000,2500,2700,3600,3700,3700,4457,16,450.0,652.3104051563392,11.503434972837567,3671.1154931690544,7456.664123850123
1787910879,50,,Aggregated,11.600000,0.200000,450,710,940,1100,1500,2000,2500,2700,3600,3700,3700,4472,16,450.0,650.7701796855114,11.503434972837567,3671.1154931690544,7467.080277280858
1787910880,50,,Aggregated,10.800000,0.200000,450,710,930,1100,1500,2000,2500,2700,3600,3700,3700,4481,16,450.0,649.6746317522246,11.503434972837567,3671.1154931690544,7470.169381834412
1787910881,50,,Aggregated,11.800000,0.200000,450,710,930,1100,1500,2000,2500,2700,3600,3700,3700,4497,16,450.0,648.4919123305805,11.503434972837567,3671.1154931690544,7465.758060929508
1787910882,50,,Aggregated,11.800000,0.200000,440,710,930,1100,1500,2000,2500,2700,3600,3700,3700,4504,17,440.0,647.655554226863,11.503434972837567,3671.1154931690544,7460.54418294849
1787910883,50,,Aggregated,11.500000,0.100000,450,710,930,1100,1500,2000,2500,2700,3600,3700,3700,4513,17,450.0,647.9672855789302,11.503434972837567,3671.1154931690544,7457.293374695325
1787910884,50,,Aggregated,12.500000,0.100000,450,710,930,1100,1500,2000,2500,2700,3600,3700,3700,4522,17,450.0,649.5312572313655,11.503434972837567,3671.1154931690544,7455.872401592216
1787910885,50,,Aggregated,12.100000,0.200000,450,710,940,1100,1500,2000,2500,2700,3600,3700,3700,4534,17,450.0,652.8971933250439,11.503434972837567,3671.1154931690544,7462.72143802382
1787910886,50,,Aggregated,11.700000,0.100000,450,720,940,1100,1600,2000,2500,2700,3600,3700,3700,4549,17,450.0,653.9158301157613,11.503434972837567,3671.1154931690544,7465.2561002418115
1787910887,50,,Aggregated,11.800000,0.100000,450,720,940,1100,1500,2000,2500,2700,3600,3700,3700,4560,17,450.0,653.6589738321103,11.503434972837567,3671.1154931690544,7470.005043859649
1787910888,50,,Aggregated,12.100000,0.100000,450,710,940,1100,1500,2000,2500,2700,3600,3700,3700,4574,17,450.0,652.4360336251431,11.503434972837567,3671.1154931690544,7471.756012243113
1787910889,50,,Aggregated,12.500000,0.100000,450,710,940,1100,1500,2000,2500,2700,3600,3700,3700,4585,17,450.0,651.1182671972432,11.503434972837567,3671.1154931690544,7474.107960741549
1787910890,50,,Aggregated,12.000000,0.100000,450,710,940,1100,1500,2000,2500,2700,3600,3700,3700,4595,17,450.0,650.7456201432177,11.503434972837567,3671.1154931690544,7468.662241566921
1787910891,50,,Aggregated,11.400000,0.100000,450,710,940,1100,1500,2000,2500,2700,3600,3700,3700,4609,17,450.0,650.855922169026,11.503434972837567,3671.1154931690544,7471.5532653504015
1787910892,50,,Aggregated,11.000000,0.100000,450,710,940,1100,1500,2000,2500,2700,3600,3700,3700,4619,17,450.0,651.4871081608624,11.503434972837567,3671.1154931690544,7474.267806884607
1787910893,50,,Aggregated,11.600000,0.100000,450,710,940,1100,1500,2000,2500,2700,3600,3700,3700,4634,17,450.0,652.3137269157255,11.503434972837567,3671.1154931690544,7477.291540785499
1787910894,50,,Aggregated,11.100000,0.100000,450,710,940,1100,1500,2000,2500,2700,3600,3700,3700,4639,17,450.0,652.259904883975,11.503434972837567,3671.1154931690544,7476.439749946109
1787910895,50,,Aggregated,11.700000,0.000000,450,710,940,1100,1600,2000,2500,2700,3600,3700,3700,4661,17,450.0,653.5437523242109,11.503434972837567,3671.1154931690544,7487.78609740399
1787910896,50,,Aggregated,12.100000,0.000000,450,710,940,1100,1500,2000,2500,2700,3600,3700,3700,4678,17,450.0,651.8980667982812,11.503434972837567,3671.1154931690544,7484.613723813595
1787910897,50,,Aggregated,11.900000,0.000000,450,710,940,1100,1500,2000,2500,2700,3600,3700,3700,4687,17,450.0,651.0151107339512,11.503434972837567,3671.1154931690544,7484.993812673351
1787910898,50,,Aggregated,12.300000,0.000000,450,710,930,1100,1500,2000,2500,2700,3600,3700,3700,4699,17,450.0,649.7971835547385,11.503434972837567,3671.1154931690544,7482.650989572249
1787910899,50,,Aggregated,12.500000,0.000000,450,710,930,1100,1500,2000,2500,2700,3600,3700,3700,4702,17,450.0,649.657070476115,11.503434972837567,3671.1154931690544,7482.129519353467
1787910900,50,,Aggregated,12.400000,0.000000,450,710,940,1100,1500,2000,2500,2700,3600,3700,3700,4710,18,450.0,650.7043156727867,11.503434972837567,3671.1154931690544,7480.106369426751
1787910901,50,,Aggregated,12.400000,0.000000,450,710,940,1100,1600,2000,2500,2700,3600,3700,3700,4739,18,450.0,654.0399888709898,11.503434972837567,3671.1154931690544,7488.834142224098
1787910902,50,,Aggregated,11.700000,0.000000,450,710,940,1100,1600,2000,2500,2700,3600,3700,3700,4749,18,450.0,652.8203960100299,11.503434972837567,3671.1154931690544,7493.306380290587
1787910903,50,,Aggregated,11.100000,0.100000,450,710,940,1100,1500,2000,2500,2700,3600,3700,3700,4762,18,450.0,651.3147730630534,11.503434972837567,3671.1154931690544,7492.246115077698
1787910904,50,,Aggregated,13.000000,0.100000,450,710,940,1100,1500,2000,2500,2700,3600,3700,3700,4774,18,450.0,650.453030725295,11.503434972837567,3671.1154931690544,7488.329912023461
1787910906,50,,Aggregated,12.800000,0.100000,450,710,940,1100,1500,2000,2500,2700,3600,3700,3700,4782,18,450.0,650.2139711106333,11.503434972837567,3671.1154931690544,7487.054788791301
1787910907,50,,Aggregated,12.600000,0.100000,450,710,940,1100,1500,2000,2500,2700,3600,3700,3700,4797,19,450.0,650.5630747387945,11.503434972837567,3671.1154931690544,7483.511361267459
1787910908,50,,Aggregated,13.200000,0.100000,450,710,940,1100,1500,2000,2500,2600,3600,3700,3700,4806,19,450.0,650.1980721703458,11.503434972837567,3671.1154931690544,7486.174989596338
1787910909,50,,Aggregated,12.000000,0.100000,450,710,940,1100,1500,2000,2500,2600,3600,3700,3700,4826,19,450.0,649.5991287926379,11.503434972837567,3671.1154931690544,7487.3039784500625
1787910910,50,,Aggregated,11.800000,0.200000,450,710,940,1100,1500,2000,2500,2600,3600,3700,3700,4838,19,450.0,648.558131406369,11.503434972837567,3671.1154931690544,7493.511781727987
1787910911,50,,Aggregated,12.700000,0.200000,450,710,930,1100,1500,2000,2500,2600,3600,3700,3700,4848,19,450.0,647.6390461995276,11.503434972837567,3671.1154931690544,7498.003300330033
1787910912,50,,Aggregated,13.300000,0.200000,440,700,930,1100,1500,2000,2500,2600,3600,3700,3700,4862,20,440.0,646.59498235759,11.503434972837567,3671.1154931690544,7493.320649938297
1787910913,50,,Aggregated,13.700000,0.100000,440,700,930,1100,1500,2000,2500,2600,3600,3700,3700,4872,20,440.0,646.420344844113,11.503434972837567,3671.1154931690544,7493.503078817734
1787910914,50,,Aggregated,11.900000,0.200000,440,700,930,1100,1500,2000,2500,2600,3600,3700,3700,4882,21,440.0,646.250130748796,11.503434972837567,3671.1154931690544,7489.297214256452
1787910915,50,,Aggregated,12.000000,0.200000,440,700,930,1100,1500,2000,2500,2600,3600,3700,3700,4892,21,440.0,646.7632060105309,11.503434972837567,3671.1154931690544,7491.803147996729
1787910916,50,,Aggregated,11.900000,0.300000,450,700,930,1100,1500,2000,2400,2600,3600,3700,3700,4916,21,450.0,647.0919186758515,11.503434972837567,3671.1154931690544,7484.439585028478
1787910917,50,,Aggregated,11.900000,0.300000,440,700,930,1100,1500,2000,2400,2600,3600,3700,3700,4921,21,440.0,646.5258543047746,11.503434972837567,3671.1154931690544,7481.509652509652
1787910918,50,,Aggregated,13.200000,0.300000,440,700,930,1100,1500,2000,2400,2600,3600,3700,3700,4936,21,440.0,645.2685262297217,11.503434972837567,3671.1154931690544,7481.639586709886
1787910919,50,,Aggregated,12.400000,0.200000,440,700,930,1100,1500,2000,2400,2600,3600,3700,3700,4948,21,440.0,644.2870121163982,11.503434972837567,3671.1154931690544,7483.997978981407
1787910920,50,,Aggregated,12.900000,0.200000,440,700,930,1100,1500,2000,2400,2600,3600,3700,3700,4963,21,440.0,643.5259295331546,11.503434972837567,3671.1154931690544,7485.886963530123
1787910921,50,,Aggregated,11.700000,0.200000,440,700,920,1100,1500,2000,2400,2600,3600,3700,3700,4976,21,440.0,642.4095631124889,11.503434972837567,3671.1154931690544,7489.34786977492
1787910922,50,,Aggregated,12.400000,0.200000,440,700,920,1100,1500,2000,2400,2600,3600,3700,3700,4991,23,440.0,640.8951645508965,11.503434972837567,3671.1154931690544,7484.280504908836
1787910923,50,,Aggregated,12.800000,0.200000,440,700,920,1100,1500,2000,2400,2600,3600,3700,3700,4998,23,440.0,640.423203133145,11.503434972837567,3671.1154931690544,7486.083833533414
1787910924,50,,Aggregated,12.900000,0.100000,440,700,920,1100,1500,2000,2400,2600,3600,3700,3700,5007,23,440.0,640.6706849112455,11.503434972837567,3671.1154931690544,7485.698422208908
1787910925,50,,Aggregated,12.500000,0.300000,440,700,920,1100,1500,2000,2400,2600,3600,3700,3700,5013,23,440.0,641.4264656775928,11.503434972837567,3671.1154931690544,7486.686614801516
1787910926,50,,Aggregated,12.500000,0.200000,440,700,920,1100,1500,2000,2400,2600,3600,3700,3700,5028,23,440.0,643.8262292809355,11.503434972837567,3671.1154931690544,7489.615950676213
1787910927,50,,Aggregated,12.100000,0.200000,440,700,930,1100,1500,2000,2400,2600,3600,3700,3700,5040,23,440.0,644.6493829662878,11.503434972837567,3671.1154931690544,7490.461507936508
1787910928,50,,Aggregated,11.100000,0.200000,440,700,920,1100,1500,2000,2400,2600,3600,3700,3700,5059,23,440.0,643.2002308451886,11.503434972837567,3671.1154931690544,7487.524016604072
1787910929,50,,Aggregated,11.400000,0.200000,440,700,920,1100,1500,2000,2400,2600,3600,3700,3700,5072,24,440.0,642.2453024184988,11.503434972837567,3671.1154931690544,7482.86179022082
1787910930,50,,Aggregated,11.900000,0.200000,440,700,920,1100,1500,2000,2400,2600,3600,3700,3700,5079,24,440.0,641.5245447288663,11.503434972837567,3671.1154931690544,7479.329001772003
1787910931,50,,Aggregated,12.300000,0.200000,440,690,920,1100,1500,2000,2400,2600,3600,3700,3700,5092,24,440.0,640.573616798165,11.503434972837567,3671.1154931690544,7479.524351924588
1787910932,50,,Aggregated,11.700000,0.300000,440,690,910,1100,1500,2000,2400,2600,3600,3700,3700,5107,25,440.0,639.4438825302692,11.503434972837567,3671.1154931690544,7473.623262189152
1787910933,50,,Aggregated,11.300000,0.300000,430,690,910,1100,1500,2000,2400,2600,3600,3700,3700,5119,25,430.0,638.3081112281842,11.503434972837567,3671.1154931690544,7474.143778081657
1787910934,50,,Aggregated,11.300000,0.300000,430,690,910,1100,1500,2000,2400,2600,3600,3700,3700,5131,25,430.0,637.1498082268382,11.503434972837567,3671.1154931690544,7472.397388423309
1787910935,50,,Aggregated,12.100000,0.200000,430,690,910,1100,1500,2000,2400,2600,3600,3700,3700,5137,25,430.0,637.0370645191704,11.503434972837567,3671.1154931690544,7470.823437804166
1787910936,50,,Aggregated,12.200000,0.200000,440,690,910,1100,1500,2000,2400,2600,3600,3700,3700,5158,25,440.0,638.2580293743222,11.503434972837567,3671.1154931690544,7475.9922450562235
1787910937,50,,Aggregated,12.200000,0.200000,440,690,910,1100,1500,2000,2400,2600,3600,3700,3700,5169,25,440.0,638.1206994382677,11.503434972837567,3671.1154931690544,7480.763010253434
1787910938,50,,Aggregated,12.200000,0.200000,440,690,910,1100,1500,2000,2400,2600,3600,3700,3700,5183,25,440.0,637.5124444598833,11.503434972837567,3671.1154931690544,7476.689562029713
1787910939,50,,Aggregated,13.000000,0.200000,440,690,910,1100,1500,2000,2400,2600,3600,3700,3700,5194,25,440.0,637.319318373434,11.503434972837567,3671.1154931690544,7477.96919522526
1787910940,50,,Aggregated,12.500000,0.200000,430,690,910,1100,1500,2000,2400,2600,3600,3700,3700,5210,25,430.0,636.7755173722053,11.503434972837567,3671.1154931690544,7475.26122840691
1787910941,50,,Aggregated,12.000000,0.200000,430,690,910,1100,1500,2000,2400,2600,3600,3700,3700,5224,25,430.0,635.3401326408409,11.503434972837567,3671.1154931690544,7470.410413476264
1787910942,50,,Aggregated,12.900000,0.100000,430,690,900,1100,1500,2000,2400,2600,3600,3700,3700,5242,25,430.0,633.5169089473844,11.503434972837567,3671.1154931690544,7471.913964135826
1787910943,50,,Aggregated,12.900000,0.100000,430,680,900,1100,1500,2000,2400,2600,3600,3700,3700,5248,25,430.0,633.0375275560871,11.503434972837567,3671.1154931690544,7470.975419207317
1787910944,50,,Aggregated,13.200000,0.100000,430,680,900,1100,1500,2000,2400,2600,3600,3700,3700,5259,25,430.0,633.1031641511242,11.503434972837567,3671.1154931690544,7474.095645559993
1787910945,50,,Aggregated,13.000000,0.000000,430,690,910,1100,1500,2000,2400,2600,3600,3700,3700,5273,25,430.0,634.4064723696046,11.503434972837567,3671.1154931690544,7472.018585245591
1787910946,50,,Aggregated,12.500000,0.000000,430,690,910,1100,1500,2000,2400,2600,3600,3700,3700,5293,26,430.0,633.9599360921609,11.503434972837567,3671.1154931690544,7471.524466276214
1787910947,50,,Aggregated,12.600000,0.000000,430,690,910,1100,1500,2000,2400,2600,3600,3700,3700,5299,26,430.0,633.4525284581983,11.503434972837567,3671.1154931690544,7475.419513115682
1787910948,50,,Aggregated,14.000000,0.100000,430,690,900,1100,1500,2000,2400,2600,3600,3700,3700,5310,26,430.0,632.5430612427072,11.503434972837567,3671.1154931690544,7480.468926553673
1787910949,50,,Aggregated,13.000000,0.100000,430,690,900,1100,1500,2000,2400,2600,3600,3700,3700,5317,26,430.0,632.439638626283,11.503434972837567,3671.1154931690544,7480.805341357908
1787910950,50,,Aggregated,12.600000,0.100000,430,690,910,1100,1500,2000,2400,2600,3600,3700,3700,5329,26,430.0,633.2282604342776,11.503434972837567,3671.1154931690544,7479.688684556202
1787910951,50,,Aggregated,12.500000,0.100000,430,690,910,1100,1500,2000,2400,2600,3600,3700,3700,5351,26,430.0,634.6415921130136,11.503434972837567,3671.1154931690544,7479.913847878901
1787910952,50,,Aggregated,11.400000,0.100000,430,690,910,1100,1500,2000,2400,2600,3600,3700,3700,5367,26,430.0,633.387300672474,11.503434972837567,3671.1154931690544,7478.251909819266
1787910953,50,,Aggregated,12.400000,0.100000,430,690,910,1100,1500,2000,2400,2600,3600,3700,3700,5374,26,430.0,633.1100562538163,11.503434972837567,3671.1154931690544,7478.757350204689
1787910954,50,,Aggregated,12.300000,0.100000,430,690,910,1100,1500,2000,2400,2600,3600,3700,3700,5381,26,430.0,633.3691023977356,11.503434972837567,3671.1154931690544,7478.417580375395
1787910955,50,,Aggregated,12.200000,0.100000,430,690,910,1100,1500,2000,2400,2600,3600,3700,3700,5392,26,430.0,634.906601810592,11.503434972837567,3671.1154931690544,7479.045623145401
1787910956,50,,Aggregated,12.400000,0.100000,440,700,910,1100,1500,2000,2400,2600,3600,3700,3700,5406,26,440.0,637.510010351479,11.503434972837567,3671.1154931690544,7482.240288568258
1787910957,50,,Aggregated,12.500000,0.100000,440,700,920,1100,1500,2000,2400,2600,3600,3700,3700,5420,26,440.0,639.1529245306806,11.503434972837567,3671.1154931690544,7484.908487084871
1787910958,50,,Aggregated,11.100000,0.000000,440,700,920,1100,1500,2000,2400,2600,3600,3700,3700,5432,26,440.0,639.1875279995487,11.503434972837567,3671.1154931690544,7483.698453608247
1787910959,50,,Aggregated,11.600000,0.000000,440,700,920,1100,1500,2000,2400,2600,3600,3700,3700,5450,26,440.0,638.0445851185658,11.503434972837567,3671.1154931690544,7483.513577981651
1787910960,50,,Aggregated,12.000000,0.000000,430,700,910,1100,1500,2000,2400,2600,3600,3700,3700,5458,26,430.0,637.5823381118689,11.503434972837567,3671.1154931690544,7483.122022718945
1787910961,50,,Aggregated,12.600000,0.000000,430,690,910,1100,1500,2000,2400,2600,3600,3700,3700,5477,26,430.0,636.7396082815312,11.503434972837567,3671.1154931690544,7484.51579331751
1787910962,50,,Aggregated,13.200000,0.000000,430,690,910,1100,1500,2000,2400,2600,3600,3700,3700,5492,26,430.0,635.3985132853967,11.503434972837567,3671.1154931690544,7483.771121631464
1787910963,50,,Aggregated,12.600000,0.000000,430,690,910,1100,1500,2000,2400,2600,3600,3700,3700,5501,26,430.0,634.5923059824647,11.503434972837567,3671.1154931690544,7482.450099981821
1787910964,50,,Aggregated,12.600000,0.000000,430,690,910,1100,1500,2000,2400,2600,3600,3700,3700,5517,26,430.0,633.3263745563175,11.503434972837567,3671.1154931690544,7479.239622983506
1787910965,50,,Aggregated,12.500000,0.000000,430,690,910,1100,1500,2000,2400,2600,3600,3700,3700,5530,26,430.0,632.3384264748456,11.503434972837567,3671.1154931690544,7477.7128390596745
1787910966,50,,Aggregated,12.700000,0.000000,430,690,910,1100,1500,2000,2400,2600,3600,3700,3700,5536,26,430.0,631.8837208124506,11.503434972837567,3671.1154931690544,7482.0184248554915
1787910967,50,,Aggregated,13.300000,0.000000,430,690,910,1100,1500,2000,2400,2600,3600,3700,3700,5551,26,430.0,631.2687812650962,11.503434972837567,3671.1154931690544,7476.678616465501
1787910968,50,,Aggregated,13.300000,0.000000,430,680,910,1100,1500,2000,2400,2600,3600,3700,3700,5562,26,430.0,631.0067724607566,11.503434972837567,3671.1154931690544,7481.0174397698665
1787910969,50,,Aggregated,12.900000,0.000000,430,680,910,1100,1500,2000,2400,2600,3600,3700,3700,5578,26,430.0,631.3056337369813,11.503434972837567,3671.1154931690544,7481.942273216207
1787910970,50,,Aggregated,12.600000,0.000000,430,690,910,1100,1500,2000,2400,2600,3600,3700,3700,5584,26,430.0,631.7108215085437,11.503434972837567,3671.1154931690544,7482.800859598854
1787910971,50,,Aggregated,12.800000,0.000000,430,690,910,1100,1500,2000,2400,2600,3600,3700,3700,5596,26,430.0,632.5606694789101,11.503434972837567,3671.1154931690544,7480.732844889207
1787910972,50,,Aggregated,12.700000,0.000000,430,690,910,1100,1500,2000,2400,2600,3600,3700,3700,5608,27,430.0,633.8936450231731,11.503434972837567,3671.1154931690544,7483.687410841655
1787910973,50,,Aggregated,11.800000,0.000000,430,690,910,1100,1500,2000,2400,2600,3600,3700,3700,5627,27,430.0,634.0697705141587,11.503434972837567,3671.1154931690544,7487.5303003376575
1787910974,50,,Aggregated,11.500000,0.000000,430,690,910,1100,1500,2000,2400,2600,3600,3700,3700,5634,27,430.0,633.8770458052652,11.503434972837567,3671.1154931690544,7489.664536741214
1787910975,50,,Aggregated,11.700000,0.100000,430,690,910,1100,1500,2000,2400,2600,3600,3700,3700,5644,27,430.0,633.4085232856427,11.503434972837567,3671.1154931690544,7484.941353649893
1787910976,50,,Aggregated,12.300000,0.100000,430,690,910,1100,1500,2000,2400,2600,3600,3700,3700,5653,27,430.0,633.902913864584,11.503434972837567,3671.1154931690544,7486.054484344596
1787910977,50,,Aggregated,11.700000,0.100000,430,690,910,1100,1500,2000,2400,2600,3600,3700,3700,5667,27,430.0,635.2557173086791,11.503434972837567,3671.1154931690544,7483.050997000177
1787910978,50,,Aggregated,11.300000,0.100000,430,690,910,1100,1500,2000,2400,2600,3600,3700,3700,5695,28,430.0,635.0848195616064,11.503434972837567,3671.1154931690544,7471.489201053556
1787910979,50,,Aggregated,11.300000,0.100000,430,690,910,1100,1500,2000,2400,2600,3600,3700,3700,5701,28,430.0,634.4690355034867,11.503434972837567,3671.1154931690544,7469.124890370111
1787910980,50,,Aggregated,11.700000,0.100000,430,690,900,1100,1500,2000,2400,2600,3600,3700,3700,5716,28,430.0,633.4215669941282,11.503434972837567,3671.1154931690544,7466.966585024493
1787910982,50,,Aggregated,13.000000,0.200000,430,690,900,1100,1500,2000,2400,2600,3600,3700,3700,5728,28,430.0,632.3702908638496,11.503434972837567,3671.1154931690544,7464.311976256983
1787910983,50,,Aggregated,13.100000,0.200000,430,680,900,1100,1500,2000,2400,2600,3600,3700,3700,5745,28,430.0,630.7821135632807,11.503434972837567,3671.1154931690544,7462.125500435161
1787910984,50,,Aggregated,13.100000,0.200000,430,680,900,1100,1500,2000,2400,2600,3600,3700,3700,5754,28,430.0,630.1131217531196,11.503434972837567,3671.1154931690544,7460.429614181439
1787910985,50,,Aggregated,13.400000,0.100000,430,680,900,1000,1500,2000,2400,2600,3600,3700,3700,5771,29,430.0,630.0273727767784,11.503434972837567,3671.1154931690544,7467.058222145209
1787910986,50,,Aggregated,13.400000,0.100000,430,680,900,1000,1500,2000,2400,2600,3600,3700,3700,5781,29,430.0,629.6575211925,11.503434972837567,3671.1154931690544,7466.081646773914
1787910987,50,,Aggregated,13.500000,0.200000,430,680,890,1000,1500,2000,2400,2600,3600,3700,3700,5796,29,430.0,628.967550503324,11.503434972837567,3671.1154931690544,7465.522084195997
1787910988,50,,Aggregated,13.700000,0.200000,430,680,890,1000,1500,2000,2400,2600,3600,3700,3700,5810,29,430.0,628.3716479339597,11.503434972837567,3671.1154931690544,7469.174010327022
1787910989,50,,Aggregated,13.700000,0.200000,430,680,890,1000,1500,2000,2400,2600,3600,3700,3700,5819,29,430.0,627.9805138232457,11.503434972837567,3671.1154931690544,7471.5478604571235
1787910990,50,,Aggregated,14.100000,0.200000,430,680,890,1000,1500,2000,2400,2600,3600,3700,3700,5826,29,430.0,628.2334814892479,11.503434972837567,3671.1154931690544,7472.654479917611
1787910991,50,,Aggregated,12.400000,0.100000,430,680,890,1000,1500,2000,2400,2600,3600,3700,3700,5842,29,430.0,628.9579306902665,11.503434972837567,3671.1154931690544,7475.71807600137
1787910992,50,,Aggregated,12.500000,0.100000,430,680,890,1000,1500,2000,2400,2600,3600,3700,3700,5860,29,430.0,628.0644092955563,11.503434972837567,3671.1154931690544,7473.426279863481
1787910993,50,,Aggregated,12.300000,0.100000,430,680,890,1000,1500,2000,2400,2600,3600,3700,3700,5872,29,430.0,627.089004990599,11.503434972837567,3671.1154931690544,7471.971049046321
1787910994,50,,Aggregated,12.900000,0.100000,420,680,890,1000,1500,2000,2400,2600,3600,3700,3700,5881,29,420.0,626.3962221345197,11.503434972837567,3671.1154931690544,7472.841863628634
1787910995,50,,Aggregated,12.600000,0.100000,420,680,890,1000,1500,2000,2400,2600,3600,3700,3700,5892,29,420.0,625.5420663257149,11.503434972837567,3671.1154931690544,7472.876103190767
1787910996,50,,Aggregated,12.500000,0.100000,420,680,880,1000,1500,2000,2400,2600,3600,3700,3700,5907,29,420.0,625.0027447139325,11.503434972837567,3671.1154931690544,7474.5647536820725
1787910997,50,,Aggregated,12.500000,0.100000,420,680,880,1000,1500,2000,2400,2600,3600,3700,3700,5923,29,420.0,624.5087531648253,11.503434972837567,3671.1154931690544,7471.4570319095055
1787910998,50,,Aggregated,12.100000,0.000000,420,680,880,1000,1500,2000,2400,2600,3600,3700,3700,5937,30,420.0,623.3304177974996,11.503434972837567,3671.1154931690544,7467.956543708944
1787910999,50,,Aggregated,12.900000,0.000000,420,670,880,1000,1500,2000,2400,2600,3600,3700,3700,5953,30,420.0,621.8974011249004,11.503434972837567,3671.1154931690544,7460.213001847807
1787911000,50,,Aggregated,12.500000,0.100000,420,670,880,1000,1500,2000,2400,2600,3600,3700,3700,5966,31,420.0,620.7706391336968,11.503434972837567,3671.1154931690544,7458.046597385182
1787911001,50,,Aggregated,13.300000,0.100000,420,670,870,1000,1500,2000,2400,2600,3600,3700,3700,5979,31,420.0,619.9727695068302,11.503434972837567,3671.1154931690544,7459.922729553437
1787911002,50,,Aggregated,13.600000,0.100000,420,670,870,1000,1500,1900,2400,2600,3600,3700,3700,5994,31,420.0,619.1380479219837,11.503434972837567,3671.1154931690544,7464.081414748081
1787911003,50,,Aggregated,13.700000,0.200000,410,670,870,1000,1500,1900,2400,2600,3500,3700,3700,6003,32,410.0,618.5441437743942,11.503434972837567,3671.1154931690544,7461.345993669832
1787911004,50,,Aggregated,13.400000,0.200000,420,670,870,1000,1500,1900,2400,2600,3500,3700,3700,6014,32,420.0,618.5081923288895,11.503434972837567,3671.1154931690544,7461.911207183239
1787911005,50,,Aggregated,13.100000,0.300000,410,670,870,1000,1500,1900,2400,2600,3500,3700,3700,6030,32,410.0,617.7408006361563,11.503434972837567,3671.1154931690544,7462.454726368159
1787911006,50,,Aggregated,13.300000,0.300000,410,670,870,1000,1500,1900,2400,2600,3500,3700,3700,6035,32,410.0,617.6327718849669,11.503434972837567,3671.1154931690544,7459.922949461475
1787911007,50,,Aggregated,13.700000,0.300000,420,670,870,1000,1500,1900,2400,2600,3500,3700,3700,6045,32,420.0,618.458654435823,11.503434972837567,3671.1154931690544,7462.660876757651
1787911008,50,,Aggregated,12.900000,0.300000,420,670,880,1000,1500,2000,2400,2600,3500,3700,3700,6058,32,420.0,620.3325092207937,11.503434972837567,3671.1154931690544,7464.172664245626
1787911009,50,,Aggregated,11.700000,0.300000,420,670,880,1000,1500,2000,2400,2600,3500,3700,3700,6065,32,420.0,620.9016648002172,11.503434972837567,3671.1154931690544,7462.984830997527
1787911010,50,,Aggregated,11.900000,0.200000,420,680,880,1000,1500,2000,2400,2600,3500,3700,3700,6082,32,420.0,622.4408369123264,11.503434972837567,3671.1154931690544,7468.132686616244
1787911011,50,,Aggregated,11.000000,0.200000,420,670,880,1000,1500,2000,2400,2600,3500,3700,3700,6096,32,420.0,621.6502733418768,11.503434972837567,3671.1154931690544,7469.405839895013
1787911012,50,,Aggregated,11.600000,0.200000,420,670,880,1000,1500,2000,2400,2600,3500,3700,3700,6112,33,420.0,621.0831117779928,11.503434972837567,3671.1154931690544,7469.980693717277
1787911013,50,,Aggregated,11.600000,0.100000,420,670,870,1000,1500,2000,2400,2600,3500,3700,3700,6121,33,420.0,620.3433993798777,11.503434972837567,3671.1154931690544,7470.727822251266
1787911014,50,,Aggregated,10.800000,0.200000,410,670,870,1000,1500,2000,2400,2600,3500,3700,3700,6137,33,410.0,619.1286725972133,11.503434972837567,3671.1154931690544,7466.554505458693
1787911015,50,,Aggregated,10.800000,0.200000,410,670,870,1000,1500,2000,2400,2600,3500,3700,3700,6138,33,410.0,619.0509177854317,11.503434972837567,3671.1154931690544,7466.0863473444115
1787911016,50,,Aggregated,11.900000,0.100000,420,670,880,1000,1500,2000,2400,2600,3500,3700,3700,6150,33,420.0,620.0812690645245,11.503434972837567,3671.1154931690544,7467.013983739837
1787911017,50,,Aggregated,11.100000,0.100000,420,680,880,1000,1500,2000,2400,2600,3500,3700,3700,6170,34,420.0,622.172678565694,11.503434972837567,3671.1154931690544,7470.831442463534
1787911018,50,,Aggregated,11.300000,0.100000,420,680,880,1000,1500,2000,2400,2600,3500,3700,3700,6184,34,420.0,622.0692402570925,11.503434972837567,3671.1154931690544,7471.910090556275
1787911019,50,,Aggregated,11.900000,0.100000,420,680,880,1000,1500,2000,2400,2600,3500,3700,3700,6194,34,420.0,621.4002841861193,11.503434972837567,3671.1154931690544,7467.998062641266
1787911020,50,,Aggregated,12.800000,0.200000,420,680,880,1000,1500,2000,2400,2600,3500,3700,3700,6202,34,420.0,621.5436022976604,11.503434972837567,3671.1154931690544,7467.735085456305
1787911021,50,,Aggregated,12.800000,0.200000,420,680,880,1000,1500,2000,2400,2600,3500,3700,3700,6209,34,420.0,622.1879566147417,11.503434972837567,3671.1154931690544,7469.234498308906
1787911022,50,,Aggregated,12.000000,0.200000,420,680,890,1000,1500,2000,2400,2600,3500,3700,3700,6225,34,420.0,624.3644854371403,11.503434972837567,3671.1154931690544,7466.598554216867
1787911023,50,,Aggregated,11.400000,0.200000,420,680,900,1000,1500,2000,2400,2600,3500,3700,3700,6248,35,420.0,626.5076146342642,11.503434972837567,3671.1154931690544,7457.669814340589
1787911024,50,,Aggregated,11.500000,0.100000,420,680,900,1000,1500,2000,2400,2600,3500,3700,3700,6254,35,420.0,626.6965316907125,11.503434972837567,3671.1154931690544,7457.892548768788
1787911025,50,,Aggregated,11.500000,0.200000,420,680,900,1000,1500,2000,2400,2600,3500,3700,3700,6273,35,420.0,626.55348469592,11.503434972837567,3671.1154931690544,7456.706201179659
1787911026,50,,Aggregated,11.900000,0.200000,420,680,900,1000,1500,2000,2400,2600,3500,3700,3700,6282,35,420.0,625.7580562186848,11.503434972837567,3671.1154931690544,7452.137376631646
1787911027,50,,Aggregated,12.400000,0.200000,420,680,890,1000,1500,2000,2400,2600,3500,3700,3700,6295,35,420.0,624.9540530634131,11.503434972837567,3671.1154931690544,7460.512629070691
1787911028,50,,Aggregated,13.200000,0.200000,420,680,890,1000,1500,2000,2400,2600,3500,3700,3700,6305,35,420.0,624.4127363292611,11.503434972837567,3671.1154931690544,7459.1908009516255
1787911029,50,,Aggregated,12.700000,0.200000,420,680,890,1000,1500,2000,2400,2600,3500,3700,3700,6317,35,420.0,623.7782473013277,11.503434972837567,3671.1154931690544,7457.614848820643
1787911030,50,,Aggregated,11.800000,0.100000,420,680,890,1000,1500,2000,2400,2600,3500,3700,3700,6332,35,420.0,623.834852572489,11.503434972837567,3671.1154931690544,7457.391029690461
1787911031,50,,Aggregated,12.200000,0.100000,420,680,890,1000,1500,2000,2400,2600,3500,3700,3700,6349,35,420.0,624.2310599762648,11.503434972837567,3671.1154931690544,7459.767522444479
1787911032,50,,Aggregated,12.300000,0.100000,420,680,890,1000,1500,2000,2400,2600,3500,3700,3700,6361,35,420.0,623.5000215935793,11.503434972837567,3671.1154931690544,7458.135041660116
1787911033,50,,Aggregated,13.000000,0.100000,420,680,890,1000,1500,2000,2400,2600,3500,3700,3700,6365,35,420.0,623.5349553939722,11.503434972837567,3671.1154931690544,7459.068813825609
1787911034,50,,Aggregated,13.800000,0.100000,420,680,900,1000,1500,2000,2400,2600,3500,3700,3700,6390,35,420.0,625.4824920858042,11.503434972837567,3671.1154931690544,7461.766040688576
1787911035,50,,Aggregated,13.000000,0.000000,420,680,890,1000,1500,2000,2400,2600,3500,3700,3700,6400,35,420.0,624.868772093505,11.503434972837567,3671.1154931690544,7463.31875
1787911036,50,,Aggregated,11.600000,0.000000,420,680,890,1000,1500,2000,2400,2600,3500,3700,3700,6408,35,420.0,624.217000332745,11.503434972837567,3671.1154931690544,7466.062890137328
1787911037,50,,Aggregated,13.400000,0.000000,420,680,890,1000,1500,2000,2400,2600,3500,3700,3700,6412,35,420.0,624.1965172637683,11.503434972837567,3671.1154931690544,7465.8109794136
1787911038,50,,Aggregated,12.700000,0.000000,420,680,890,1000,1500,2000,2400,2600,3500,3700,3700,6417,35,420.0,624.9907979385317,11.503434972837567,3671.1154931690544,7467.923796166433
1787911039,50,,Aggregated,12.200000,0.000000,420,680,900,1000,1500,2000,2400,2600,3500,3700,3700,6427,35,420.0,626.6683087573649,11.503434972837567,3671.1154931690544,7467.467091955811
1787911040,50,,Aggregated,11.300000,0.000000,430,690,910,1100,1500,2000,2400,2600,3500,3700,3700,6445,35,430.0,631.3236442027155,11.503434972837567,3671.1154931690544,7473.483785880528
1787911041,50,,Aggregated,10.700000,0.000000,430,690,910,1100,1500,2000,2400,2600,3500,3700,3700,6458,35,430.0,632.501213221582,11.503434972837567,3671.1154931690544,7472.517033137195
1787911042,50,,Aggregated,10.700000,0.000000,430,690,910,1100,1500,2000,2400,2600,3500,3700,3700,6472,35,430.0,633.3065725681953,11.503434972837567,3671.1154931690544,7473.693448702102
1787911043,50,,Aggregated,11.400000,0.000000,430,690,910,1100,1500,2000,2400,2600,3500,3700,3700,6487,35,430.0,632.7702857696665,11.503434972837567,3671.1154931690544,7474.810235856328
1787911044,50,,Aggregated,10.700000,0.000000,430,690,910,1100,1500,2000,2400,2600,3500,3700,3700,6500,35,430.0,631.9078007468668,11.503434972837567,3671.1154931690544,7471.618461538462
1787911045,50,,Aggregated,11.300000,0.000000,430,690,900,1100,1500,2000,2400,2600,3500,3700,3700,6509,35,430.0,631.286742328727,11.503434972837567,3671.1154931690544,7470.734521431864
1787911046,50,,Aggregated,12.300000,0.000000,430,690,900,1100,1500,2000,2400,2600,3500,3700,3700,6524,35,430.0,631.4793443486793,11.503434972837567,3671.1154931690544,7472.46934396076
1787911047,50,,Aggregated,10.700000,0.000000,430,680,900,1100,1500,2000,2400,2600,3500,3700,3700,6539,35,430.0,631.1623660440491,11.503434972837567,3671.1154931690544,7473.627924759137
1787911048,50,,Aggregated,10.800000,0.000000,430,680,900,1100,1500,2000,2400,2600,3500,3700,3700,6552,35,430.0,630.5129103274005,11.503434972837567,3671.1154931690544,7471.727716727717
1787911049,50,,Aggregated,11.900000,0.000000,430,680,900,1100,1500,2000,2400,2600,3500,3700,3700,6569,35,430.0,630.3867561319322,11.503434972837567,3671.1154931690544,7468.900289237326
1787911050,50,,Aggregated,12.900000,0.000000,430,680,900,1100,1500,2000,2400,2600,3500,3700,3700,6581,35,430.0,629.7447316673263,11.503434972837567,3671.1154931690544,7469.5283391581825
1787911051,50,,Aggregated,13.300000,0.000000,430,680,900,1000,1500,2000,2400,2600,3500,3700,3700,6589,35,430.0,629.3827165140449,11.503434972837567,3671.1154931690544,7467.781909242677
1787911052,50,,Aggregated,14.500000,0.000000,430,680,900,1000,1500,2000,2400,2600,3500,3700,3700,6605,35,430.0,628.7062271368069,11.503434972837567,3671.1154931690544,7467.916578349735
1787911053,50,,Aggregated,13.300000,0.000000,420,680,900,1000,1500,2000,2400,2600,3500,3700,3700,6618,35,420.0,628.2116072528215,11.503434972837567,3671.1154931690544,7470.549108491991
1787911054,50,,Aggregated,13.100000,0.000000,420,680,900,1000,1500,2000,2400,2600,3500,3700,3700,6633,35,420.0,627.3574477840048,11.503434972837567,3671.1154931690544,7470.26714910297
1787911056,50,,Aggregated,12.900000,0.000000,420,680,900,1000,1500,2000,2400,2600,3500,3700,3700,6647,36,420.0,626.1996007819366,11.503434972837567,3671.1154931690544,7472.398976982097
1787911057,50,,Aggregated,12.900000,0.000000,420,680,890,1000,1500,2000,2400,2600,3500,3700,3700,6661,36,420.0,625.0637666019726,11.503434972837567,3671.1154931690544,7468.897913226242
1787911058,50,,Aggregated,13.600000,0.100000,420,680,890,1000,1500,2000,2400,2600,3500,3700,3700,6670,37,420.0,624.8214806561642,11.503434972837567,3671.1154931690544,7469.0902548725635
1787911059,50,,Aggregated,13.600000,0.100000,420,680,890,1000,1500,2000,2400,2600,3500,3700,3700,6678,37,420.0,625.1753441803311,11.503434972837567,3671.1154931690544,7469.729110512129
1787911060,50,,Aggregated,13.400000,0.100000,420,680,890,1000,1500,2000,2400,2600,3500,3700,3700,6698,38,420.0,626.393865107896,11.503434972837567,3671.1154931690544,7468.697820244849
1787911061,50,,Aggregated,12.800000,0.200000,420,680,890,1000,1500,2000,2400,2600,3500,3700,3700,6708,39,420.0,625.7668294391365,11.503434972837567,3671.1154931690544,7468.2307692307695
1787911062,50,,Aggregated,12.500000,0.300000,420,680,890,1000,1500,2000,2400,2600,3500,3700,3700,6719,39,420.0,625.1221424667131,11.503434972837567,3671.1154931690544,7467.033189462718
1787911063,50,,Aggregated,12.500000,0.400000,420,680,890,1000,1500,2000,2400,2600,3500,3700,3700,6729,39,420.0,624.554190779295,11.503434972837567,3671.1154931690544,7464.263040570664
1787911064,50,,Aggregated,12.800000,0.400000,420,680,890,1000,1500,2000,2400,2600,3500,3700,3700,6740,39,420.0,624.9527647638091,11.503434972837567,3671.1154931690544,7461.750741839763
1787911065,50,,Aggregated,12.800000,0.400000,420,680,890,1000,1500,2000,2400,2600,3500,3700,3700,6753,39,420.0,626.1970780688969,11.503434972837567,3671.1154931690544,7462.808825707093
1787911066,50,,Aggregated,12.300000,0.400000,420,680,890,1000,1500,2000,2400,2600,3500,3700,3700,6772,40,420.0,626.4133740693226,11.503434972837567,3671.1154931690544,7458.869019492026
1787911067,50,,Aggregated,12.000000,0.400000,420,680,890,1000,1500,2000,2400,2600,3500,3700,3700,6788,40,420.0,625.6420462943546,11.503434972837567,3671.1154931690544,7458.015026517383
1787911068,50,,Aggregated,12.500000,0.400000,420,680,890,1000,1500,2000,2400,2600,3500,3700,3700,6800,40,420.0,624.7579306526699,11.503434972837567,3671.1154931690544,7454.986617647059
1787911069,50,,Aggregated,12.700000,0.400000,420,680,890,1000,1500,2000,2400,2600,3500,3700,3700,6807,40,420.0,624.4999466778469,11.503434972837567,3671.1154931690544,7458.093139415308
1787911070,50,,Aggregated,12.900000,0.300000,420,680,890,1000,1500,2000,2400,2600,3500,3700,3700,6823,40,420.0,624.2462767469767,11.503434972837567,3671.1154931690544,7456.192437344277
1787911071,50,,Aggregated,12.600000,0.300000,420,680,890,1000,1500,2000,2400,2600,3500,3700,3700,6832,40,420.0,624.3023684064163,11.503434972837567,3671.1154931690544,7457.770784543325
1787911072,50,,Aggregated,12.300000,0.200000,420,680,890,1000,1500,2000,2400,2600,3500,3700,3700,6848,40,420.0,624.6728166446463,11.503434972837567,3671.1154931690544,7457.841413551402
1787911073,50,,Aggregated,12.200000,0.100000,420,680,890,1000,1500,2000,2400,2600,3500,3700,3700,6861,41,420.0,624.0165611673575,11.503434972837567,3671.1154931690544,7457.541757761259
1787911074,50,,Aggregated,12.700000,0.100000,420,680,890,1000,1500,2000,2400,2600,3500,3700,3700,6866,41,420.0,623.9549403210495,11.503434972837567,3671.1154931690544,7461.3652781823475
1787911075,50,,Aggregated,12.900000,0.200000,420,680,890,1000,1500,1900,2400,2600,3500,3700,3700,6881,41,420.0,624.6405389641279,11.503434972837567,3671.1154931690544,7461.293125999128
1787911076,50,,Aggregated,12.500000,0.200000,420,680,890,1000,1500,1900,2400,2600,3500,3700,3700,6891,41,420.0,625.024997432919,11.503434972837567,3671.1154931690544,7461.49093019881
1787911077,50,,Aggregated,12.700000,0.200000,420,680,890,1000,1500,1900,2400,2600,3500,3700,3700,6902,41,420.0,625.4967890009343,11.503434972837567,3671.1154931690544,7461.158359895682
1787911078,50,,Aggregated,11.600000,0.100000,430,680,890,1000,1500,1900,2400,2600,3500,3700,3700,6912,42,430.0,626.2660975867725,11.503434972837567,3671.1154931690544,7457.08912037037
1787911079,50,,Aggregated,11.000000,0.100000,430,690,900,1000,1500,2000,2400,2600,3500,3700,3700,6930,42,430.0,627.9824958008501,11.503434972837567,3671.1154931690544,7461.299711399712
1787911080,50,,Aggregated,10.800000,0.100000,430,690,900,1000,1500,2000,2400,2600,3500,3700,3700,6945,42,430.0,627.9630588602591,11.503434972837567,3671.1154931690544,7466.190064794817
1787911081,50,,Aggregated,12.200000,0.200000,430,680,900,1000,1500,2000,2400,2600,3500,3700,3700,6954,42,430.0,627.2349232386022,11.503434972837567,3671.1154931690544,7464.312338222606
1787911082,50,,Aggregated,12.200000,0.200000,430,680,900,1000,1500,2000,2400,2600,3500,3700,3700,6961,42,430.0,626.8430147247785,11.503434972837567,3671.1154931690544,7462.571900588996
1787911083,50,,Aggregated,12.200000,0.200000,430,690,900,1000,1500,2000,2400,2600,3500,3700,3700,6969,42,430.0,627.1915934438482,11.503434972837567,3671.1154931690544,7468.544984933276
1787911084,50,,Aggregated,11.600000,0.200000,430,690,900,1000,1500,2000,2400,2600,3500,3700,3700,6977,42,430.0,627.9973444785902,11.503434972837567,3671.1154931690544,7469.1182456643255
1787911085,50,,Aggregated,10.800000,0.100000,430,690,900,1000,1500,2000,2400,2600,3500,3700,3700,6985,42,430.0,629.6857312067999,11.503434972837567,3671.1154931690544,7473.961775232641
1787911086,50,,Aggregated,11.000000,0.100000,430,690,900,1100,1500,2000,2400,2600,3500,3700,3700,6994,42,430.0,631.2589429704137,11.503434972837567,3671.1154931690544,7473.998856162425
1787911087,50,,Aggregated,10.000000,0.100000,430,690,910,1100,1500,2000,2400,2600,3500,3700,3700,7008,42,430.0,633.7627347437603,11.503434972837567,3671.1154931690544,7473.949343607306
1787911088,50,,Aggregated,10.000000,0.100000,430,690,910,1100,1500,2000,2400,2600,3500,3700,3700,7033,42,430.0,634.6092852514216,11.503434972837567,3671.1154931690544,7471.934878430257
1787911089,50,,Aggregated,10.100000,0.100000,430,690,910,1100,1500,2000,2400,2600,3500,3700,3700,7047,42,430.0,633.6012991332655,11.503434972837567,3671.1154931690544,7468.392081736909
1787911090,50,,Aggregated,11.900000,0.100000,430,690,910,1100,1500,2000,2400,2600,3500,3700,3700,7056,42,430.0,632.9377269357957,11.503434972837567,3671.1154931690544,7466.545068027211
1787911091,50,,Aggregated,11.200000,0.000000,430,690,900,1100,1500,2000,2400,2600,3500,3700,3700,7069,42,430.0,632.5349524882139,11.503434972837567,3671.1154931690544,7466.588626396944
1787911092,50,,Aggregated,11.000000,0.000000,430,690,900,1100,1500,2000,2400,2600,3500,3700,3700,7078,42,430.0,632.3190938805246,11.503434972837567,3671.1154931690544,7461.31463690308
1787911093,50,,Aggregated,10.900000,0.000000,430,690,900,1100,1500,2000,2400,2600,3500,3700,3700,7094,42,430.0,633.3288463342736,11.503434972837567,3671.1154931690544,7461.196926980547
1787911094,50,,Aggregated,11.200000,0.000000,430,690,900,1100,1500,2000,2400,2600,3500,3700,3700,7114,42,430.0,633.3263511580957,11.503434972837567,3671.1154931690544,7460.8231655889795
1787911095,50,,Aggregated,11.800000,0.000000,430,690,900,1100,1500,2000,2400,2600,3500,3700,3700,7122,42,430.0,632.7864688986754,11.503434972837567,3671.1154931690544,7460.252457174951
1787911096,50,,Aggregated,13.200000,0.000000,430,690,900,1100,1500,2000,2400,2600,3500,3700,3700,7135,43,430.0,632.2004496007336,11.503434972837567,3671.1154931690544,7456.371969166083
1787911097,50,,Aggregated,13.900000,0.000000,430,690,900,1100,1500,2000,2400,2600,3500,3700,3700,7141,43,430.0,632.2391664820852,11.503434972837567,3671.1154931690544,7456.238622041731
1787911098,50,,Aggregated,14.100000,0.000000,430,690,900,1100,1500,2000,2400,2600,3500,3700,3700,7151,43,430.0,633.3301240318667,11.503434972837567,3671.1154931690544,7455.797510837645
1787911099,50,,Aggregated,13.900000,0.100000,430,700,910,1100,1500,2000,2400,2600,3500,3700,3700,7168,43,430.0,635.4883589120358,11.503434972837567,3671.1154931690544,7458.212193080357
1787911100,50,,Aggregated,11.800000,0.100000,430,700,910,1100,1500,2000,2400,2600,3500,3700,3700,7188,44,430.0,635.9759054709543,11.503434972837567,3671.1154931690544,7456.666666666667
1787911101,50,,Aggregated,12.200000,0.100000,430,700,910,1100,1500,2000,2400,2600,3500,3700,3700,7200,44,430.0,635.2916244864334,11.503434972837567,3671.1154931690544,7456.389583333334
1787911102,50,,Aggregated,12.300000,0.200000,430,700,910,1100,1500,2000,2400,2600,3500,3700,3700,7210,44,430.0,634.7749448307414,11.503434972837567,3671.1154931690544,7462.323717059639
1787911103,50,,Aggregated,13.100000,0.200000,430,690,910,1100,1500,2000,2400,2600,3500,3700,3700,7216,44,430.0,634.6775520219095,11.503434972837567,3671.1154931690544,7463.180016629712
1787911104,50,,Aggregated,12.900000,0.200000,430,700,910,1100,1500,2000,2400,2600,3500,3700,3700,7223,44,430.0,634.9529770144139,11.503434972837567,3671.1154931690544,7462.4754257233835
1787911105,50,,Aggregated,12.800000,0.200000,430,700,910,1100,1500,2000,2400,2600,3500,3700,3700,7240,44,430.0,636.7349012176961,11.503434972837567,3671.1154931690544,7461.756215469613
1787911106,50,,Aggregated,11.200000,0.200000,430,700,910,1100,1500,2000,2400,2600,3500,3700,3700,7256,44,430.0,637.6167928988408,11.503434972837567,3671.1154931690544,7462.598539140022
1787911107,50,,Aggregated,10.800000,0.200000,430,700,910,1100,1500,2000,2400,2600,3500,3700,3700,7268,44,430.0,636.9724330194648,11.503434972837567,3671.1154931690544,7461.194964226747
1787911108,50,,Aggregated,12.200000,0.200000,430,700,910,1100,1500,2000,2400,2600,3500,3700,3700,7279,45,430.0,636.1110353287602,11.503434972837567,3671.1154931690544,7460.651325731556
